date_releve,type_financement,marque,modele,nb_total,nb_electrique,proportion_electrique
2026-07-09T14:57:18,leasing,AUDI,A3 SPORTBACK,8,0,0.0
2026-07-09T14:57:18,leasing,AUDI,Q5,1,0,0.0
2026-07-09T14:57:18,leasing,BMW,IX3,1,1,1.0
2026-07-09T14:57:18,leasing,BMW,SERIE 1,10,0,0.0
2026-07-09T14:57:18,leasing,BMW,SERIE 2,1,0,0.0
2026-07-09T14:57:18,leasing,BMW,SERIE 2 ACTIVE TOURE,1,0,0.0
2026-07-09T14:57:18,leasing,BMW,SERIE 3,1,0,0.0
2026-07-09T14:57:18,leasing,BMW,SERIE 4 GC,2,0,0.0
2026-07-09T14:57:18,leasing,BMW,X1,10,0,0.0
2026-07-09T14:57:18,leasing,BMW,X2,2,0,0.0
2026-07-09T14:57:18,leasing,BMW,X3,4,0,0.0
2026-07-09T14:57:18,leasing,CITROEN,BERLINGO,9,0,0.0
2026-07-09T14:57:18,leasing,CITROEN,C3,11,0,0.0
2026-07-09T14:57:18,leasing,CITROEN,C3 AIRCROSS,8,0,0.0
2026-07-09T14:57:18,leasing,CITROEN,C4,3,0,0.0
2026-07-09T14:57:18,leasing,CITROEN,C5 AIRCROSS,12,0,0.0
2026-07-09T14:57:18,leasing,CITROEN,C5 X,5,0,0.0
2026-07-09T14:57:18,leasing,CITROEN,GRAND C4 SPACETOURER,1,0,0.0
2026-07-09T14:57:18,leasing,CITROEN,JUMPER,1,0,0.0
2026-07-09T14:57:18,leasing,CITROEN,JUMPY,5,0,0.0
2026-07-09T14:57:18,leasing,DACIA,SANDERO,1,0,0.0
2026-07-09T14:57:18,leasing,DS,DS3,1,0,0.0
2026-07-09T14:57:18,leasing,DS,DS3 CROSSBACK,3,2,0.6667
2026-07-09T14:57:18,leasing,DS,DS4,1,0,0.0
2026-07-09T14:57:18,leasing,DS,DS7,2,0,0.0
2026-07-09T14:57:18,leasing,FIAT,500,3,0,0.0
2026-07-09T14:57:18,leasing,FORD,KUGA,8,0,0.0
2026-07-09T14:57:18,leasing,FORD,PUMA,3,0,0.0
2026-07-09T14:57:18,leasing,HYUNDAI,IONIQ,1,1,1.0
2026-07-09T14:57:18,leasing,HYUNDAI,TUCSON,13,0,0.0
2026-07-09T14:57:18,leasing,JEEP,AVENGER,2,2,1.0
2026-07-09T14:57:18,leasing,KIA,CEED,5,0,0.0
2026-07-09T14:57:18,leasing,KIA,E-NIRO,1,1,1.0
2026-07-09T14:57:18,leasing,KIA,EV6,1,1,1.0
2026-07-09T14:57:18,leasing,KIA,NIRO EV,5,5,1.0
2026-07-09T14:57:18,leasing,KIA,PROCEED,1,0,0.0
2026-07-09T14:57:18,leasing,KIA,SPORTAGE,9,0,0.0
2026-07-09T14:57:18,leasing,KIA,STONIC,14,0,0.0
2026-07-09T14:57:18,leasing,KIA,XCEED,1,0,0.0
2026-07-09T14:57:18,leasing,MAZDA,CX-5,1,0,0.0
2026-07-09T14:57:18,leasing,MERCEDES-BENZ,CLA COUPE,1,0,0.0
2026-07-09T14:57:18,leasing,MERCEDES-BENZ,CLASSE A,4,0,0.0
2026-07-09T14:57:18,leasing,MERCEDES-BENZ,CLASSE CLA,2,0,0.0
2026-07-09T14:57:18,leasing,MINI,COUNTRYMAN,3,0,0.0
2026-07-09T14:57:18,leasing,NISSAN,QASHQAI,7,0,0.0
2026-07-09T14:57:18,leasing,NISSAN,X-TRAIL,2,0,0.0
2026-07-09T14:57:18,leasing,OPEL,ASTRA,1,0,0.0
2026-07-09T14:57:18,leasing,OPEL,CORSA,4,0,0.0
2026-07-09T14:57:18,leasing,OPEL,CROSSLAND,3,0,0.0
2026-07-09T14:57:18,leasing,OPEL,E-CORSA,1,1,1.0
2026-07-09T14:57:18,leasing,OPEL,GRANDLAND,2,0,0.0
2026-07-09T14:57:18,leasing,PEUGEOT,2008,29,0,0.0
2026-07-09T14:57:18,leasing,PEUGEOT,208,9,0,0.0
2026-07-09T14:57:18,leasing,PEUGEOT,3008,46,0,0.0
2026-07-09T14:57:18,leasing,PEUGEOT,308,9,0,0.0
2026-07-09T14:57:18,leasing,PEUGEOT,308 SW,5,0,0.0
2026-07-09T14:57:18,leasing,PEUGEOT,408,1,0,0.0
2026-07-09T14:57:18,leasing,PEUGEOT,5008,23,0,0.0
2026-07-09T14:57:18,leasing,PEUGEOT,E-2008,7,7,1.0
2026-07-09T14:57:18,leasing,PEUGEOT,EXPERT,5,0,0.0
2026-07-09T14:57:18,leasing,PEUGEOT,PARTNER,8,0,0.0
2026-07-09T14:57:18,leasing,RENAULT,ARKANA,14,0,0.0
2026-07-09T14:57:18,leasing,RENAULT,AUSTRAL,6,0,0.0
2026-07-09T14:57:18,leasing,RENAULT,CAPTUR,19,0,0.0
2026-07-09T14:57:18,leasing,RENAULT,CLIO,20,0,0.0
2026-07-09T14:57:18,leasing,RENAULT,ESPACE,2,0,0.0
2026-07-09T14:57:18,leasing,RENAULT,EXPRESS,24,0,0.0
2026-07-09T14:57:18,leasing,RENAULT,KADJAR,1,0,0.0
2026-07-09T14:57:18,leasing,RENAULT,KANGOO,4,0,0.0
2026-07-09T14:57:18,leasing,RENAULT,KANGOO EXPRESS,1,0,0.0
2026-07-09T14:57:18,leasing,RENAULT,MASTER,1,0,0.0
2026-07-09T14:57:18,leasing,RENAULT,MEGANE,19,0,0.0
2026-07-09T14:57:18,leasing,RENAULT,SCENIC,7,0,0.0
2026-07-09T14:57:18,leasing,RENAULT,TRAFIC,10,0,0.0
2026-07-09T14:57:18,leasing,SEAT,ARONA,1,0,0.0
2026-07-09T14:57:18,leasing,SEAT,TARRACO,1,0,0.0
2026-07-09T14:57:18,leasing,SKODA,FABIA,6,0,0.0
2026-07-09T14:57:18,leasing,SKODA,KAMIQ,6,0,0.0
2026-07-09T14:57:18,leasing,SKODA,KAROQ,2,0,0.0
2026-07-09T14:57:18,leasing,SKODA,KODIAQ,4,0,0.0
2026-07-09T14:57:18,leasing,SUZUKI,VITARA,1,0,0.0
2026-07-09T14:57:18,leasing,TESLA,MODEL 3,5,5,1.0
2026-07-09T14:57:18,leasing,TESLA,MODEL Y,5,5,1.0
2026-07-09T14:57:18,leasing,TOYOTA,AYGO X,3,0,0.0
2026-07-09T14:57:18,leasing,TOYOTA,C-HR,5,0,0.0
2026-07-09T14:57:18,leasing,TOYOTA,COROLLA,3,0,0.0
2026-07-09T14:57:18,leasing,TOYOTA,COROLLA TS,7,0,0.0
2026-07-09T14:57:18,leasing,TOYOTA,PROACE CITY,1,0,0.0
2026-07-09T14:57:18,leasing,TOYOTA,RAV4 HSD,4,0,0.0
2026-07-09T14:57:18,leasing,TOYOTA,RAV4 PLUG IN,5,0,0.0
2026-07-09T14:57:18,leasing,TOYOTA,YARIS,4,0,0.0
2026-07-09T14:57:18,leasing,TOYOTA,YARIS CROSS,1,0,0.0
2026-07-09T14:57:18,leasing,TOYOTA,YARIS HYBRID,3,0,0.0
2026-07-09T14:57:18,leasing,VOLKSWAGEN,GOLF,12,0,0.0
2026-07-09T14:57:18,leasing,VOLKSWAGEN,POLO,4,0,0.0
2026-07-09T14:57:18,leasing,VOLKSWAGEN,T-ROC,5,0,0.0
2026-07-09T14:57:18,leasing,VOLKSWAGEN,TAIGO,1,0,0.0
2026-07-09T14:57:18,leasing,VOLKSWAGEN,TIGUAN,1,0,0.0
2026-07-09T14:57:18,leasing,VOLKSWAGEN,TOURAN,3,0,0.0
2026-07-09T14:57:18,leasing,VOLKSWAGEN,TRANSPORTER,1,0,0.0
2026-07-09T14:57:18,cash,AUDI,A3 SPORTBACK,9,0,0.0
2026-07-09T14:57:18,cash,AUDI,Q5,1,0,0.0
2026-07-09T14:57:18,cash,BMW,IX3,1,1,1.0
2026-07-09T14:57:18,cash,BMW,SERIE 1,10,0,0.0
2026-07-09T14:57:18,cash,BMW,SERIE 2,1,0,0.0
2026-07-09T14:57:18,cash,BMW,SERIE 2 ACTIVE TOURE,1,0,0.0
2026-07-09T14:57:18,cash,BMW,SERIE 3,1,0,0.0
2026-07-09T14:57:18,cash,BMW,SERIE 4 GC,2,0,0.0
2026-07-09T14:57:18,cash,BMW,X1,13,0,0.0
2026-07-09T14:57:18,cash,BMW,X2,2,0,0.0
2026-07-09T14:57:18,cash,BMW,X3,5,0,0.0
2026-07-09T14:57:18,cash,BMW,X5,1,0,0.0
2026-07-09T14:57:18,cash,CITROEN,BERLINGO,11,0,0.0
2026-07-09T14:57:18,cash,CITROEN,C3,15,0,0.0
2026-07-09T14:57:18,cash,CITROEN,C3 AIRCROSS,8,0,0.0
2026-07-09T14:57:18,cash,CITROEN,C4,3,0,0.0
2026-07-09T14:57:18,cash,CITROEN,C4 SPACETOURER,1,0,0.0
2026-07-09T14:57:18,cash,CITROEN,C5 AIRCROSS,12,0,0.0
2026-07-09T14:57:18,cash,CITROEN,C5 X,5,0,0.0
2026-07-09T14:57:18,cash,CITROEN,E-C4,1,1,1.0
2026-07-09T14:57:18,cash,CITROEN,GRAND C4 SPACETOURER,1,0,0.0
2026-07-09T14:57:18,cash,CITROEN,JUMPER,1,0,0.0
2026-07-09T14:57:18,cash,CITROEN,JUMPY,6,0,0.0
2026-07-09T14:57:18,cash,DACIA,SANDERO,1,0,0.0
2026-07-09T14:57:18,cash,DS,DS3,1,0,0.0
2026-07-09T14:57:18,cash,DS,DS3 CROSSBACK,3,2,0.6667
2026-07-09T14:57:18,cash,DS,DS4,1,0,0.0
2026-07-09T14:57:18,cash,DS,DS7,2,0,0.0
2026-07-09T14:57:18,cash,FIAT,500,3,0,0.0
2026-07-09T14:57:18,cash,FORD,KUGA,9,0,0.0
2026-07-09T14:57:18,cash,FORD,PUMA,4,0,0.0
2026-07-09T14:57:18,cash,FORD,TRANSIT CUSTOM,1,0,0.0
2026-07-09T14:57:18,cash,HYUNDAI,IONIQ,1,1,1.0
2026-07-09T14:57:18,cash,HYUNDAI,TUCSON,13,0,0.0
2026-07-09T14:57:18,cash,JEEP,AVENGER,2,2,1.0
2026-07-09T14:57:18,cash,KIA,CEED,5,0,0.0
2026-07-09T14:57:18,cash,KIA,E-NIRO,1,1,1.0
2026-07-09T14:57:18,cash,KIA,EV6,1,1,1.0
2026-07-09T14:57:18,cash,KIA,NIRO EV,7,7,1.0
2026-07-09T14:57:18,cash,KIA,PROCEED,1,0,0.0
2026-07-09T14:57:18,cash,KIA,SPORTAGE,11,0,0.0
2026-07-09T14:57:18,cash,KIA,STONIC,14,0,0.0
2026-07-09T14:57:18,cash,KIA,XCEED,1,0,0.0
2026-07-09T14:57:18,cash,MAZDA,CX-5,1,0,0.0
2026-07-09T14:57:18,cash,MAZDA,MAZDA3,1,0,0.0
2026-07-09T14:57:18,cash,MERCEDES-BENZ,CLA COUPE,1,0,0.0
2026-07-09T14:57:18,cash,MERCEDES-BENZ,CLASSE A,6,0,0.0
2026-07-09T14:57:18,cash,MERCEDES-BENZ,CLASSE CLA,2,0,0.0
2026-07-09T14:57:18,cash,MERCEDES-BENZ,GLB,1,0,0.0
2026-07-09T14:57:18,cash,MERCEDES-BENZ,GLC COUPE,1,0,0.0
2026-07-09T14:57:18,cash,MINI,COUNTRYMAN,3,0,0.0
2026-07-09T14:57:18,cash,MINI,MINI,2,0,0.0
2026-07-09T14:57:18,cash,NISSAN,QASHQAI,8,0,0.0
2026-07-09T14:57:18,cash,NISSAN,X-TRAIL,2,0,0.0
2026-07-09T14:57:18,cash,OPEL,ASTRA,1,0,0.0
2026-07-09T14:57:18,cash,OPEL,CORSA,4,0,0.0
2026-07-09T14:57:18,cash,OPEL,CROSSLAND,3,0,0.0
2026-07-09T14:57:18,cash,OPEL,E-CORSA,1,1,1.0
2026-07-09T14:57:18,cash,OPEL,GRANDLAND,2,0,0.0
2026-07-09T14:57:18,cash,OPEL,GRANDLAND X,1,0,0.0
2026-07-09T14:57:18,cash,PEUGEOT,108,1,0,0.0
2026-07-09T14:57:18,cash,PEUGEOT,2008,33,0,0.0
2026-07-09T14:57:18,cash,PEUGEOT,208,12,0,0.0
2026-07-09T14:57:18,cash,PEUGEOT,3008,55,0,0.0
2026-07-09T14:57:18,cash,PEUGEOT,308,10,0,0.0
2026-07-09T14:57:18,cash,PEUGEOT,308 SW,5,0,0.0
2026-07-09T14:57:18,cash,PEUGEOT,408,1,0,0.0
2026-07-09T14:57:18,cash,PEUGEOT,5008,25,0,0.0
2026-07-09T14:57:18,cash,PEUGEOT,E-2008,7,7,1.0
2026-07-09T14:57:18,cash,PEUGEOT,E-208,2,2,1.0
2026-07-09T14:57:18,cash,PEUGEOT,E-308,1,1,1.0
2026-07-09T14:57:18,cash,PEUGEOT,EXPERT,6,0,0.0
2026-07-09T14:57:18,cash,PEUGEOT,PARTNER,10,0,0.0
2026-07-09T14:57:18,cash,RENAULT,ARKANA,14,0,0.0
2026-07-09T14:57:18,cash,RENAULT,AUSTRAL,6,0,0.0
2026-07-09T14:57:18,cash,RENAULT,CAPTUR,23,0,0.0
2026-07-09T14:57:18,cash,RENAULT,CLIO,27,0,0.0
2026-07-09T14:57:18,cash,RENAULT,ESPACE,2,0,0.0
2026-07-09T14:57:18,cash,RENAULT,EXPRESS,24,0,0.0
2026-07-09T14:57:18,cash,RENAULT,KADJAR,2,0,0.0
2026-07-09T14:57:18,cash,RENAULT,KANGOO,4,0,0.0
2026-07-09T14:57:18,cash,RENAULT,KANGOO EXPRESS,1,0,0.0
2026-07-09T14:57:18,cash,RENAULT,MASTER,1,0,0.0
2026-07-09T14:57:18,cash,RENAULT,MEGANE,26,0,0.0
2026-07-09T14:57:18,cash,RENAULT,SCENIC,7,0,0.0
2026-07-09T14:57:18,cash,RENAULT,TRAFIC,10,0,0.0
2026-07-09T14:57:18,cash,RENAULT,TWINGO,1,0,0.0
2026-07-09T14:57:18,cash,SEAT,ARONA,1,0,0.0
2026-07-09T14:57:18,cash,SEAT,TARRACO,1,0,0.0
2026-07-09T14:57:18,cash,SKODA,FABIA,6,0,0.0
2026-07-09T14:57:18,cash,SKODA,KAMIQ,6,0,0.0
2026-07-09T14:57:18,cash,SKODA,KAROQ,2,0,0.0
2026-07-09T14:57:18,cash,SKODA,KODIAQ,4,0,0.0
2026-07-09T14:57:18,cash,SMART,1,1,1,1.0
2026-07-09T14:57:18,cash,SUZUKI,VITARA,1,0,0.0
2026-07-09T14:57:18,cash,TESLA,MODEL 3,6,6,1.0
2026-07-09T14:57:18,cash,TESLA,MODEL Y,5,5,1.0
2026-07-09T14:57:18,cash,TOYOTA,AYGO X,3,0,0.0
2026-07-09T14:57:18,cash,TOYOTA,C-HR,6,0,0.0
2026-07-09T14:57:18,cash,TOYOTA,COROLLA,4,0,0.0
2026-07-09T14:57:18,cash,TOYOTA,COROLLA TS,7,0,0.0
2026-07-09T14:57:18,cash,TOYOTA,PROACE CITY,1,0,0.0
2026-07-09T14:57:18,cash,TOYOTA,RAV4 HSD,4,0,0.0
2026-07-09T14:57:18,cash,TOYOTA,RAV4 PLUG IN,5,0,0.0
2026-07-09T14:57:18,cash,TOYOTA,YARIS,4,0,0.0
2026-07-09T14:57:18,cash,TOYOTA,YARIS CROSS,1,0,0.0
2026-07-09T14:57:18,cash,TOYOTA,YARIS HYBRID,3,0,0.0
2026-07-09T14:57:18,cash,VOLKSWAGEN,GOLF,13,0,0.0
2026-07-09T14:57:18,cash,VOLKSWAGEN,POLO,4,0,0.0
2026-07-09T14:57:18,cash,VOLKSWAGEN,T-ROC,7,0,0.0
2026-07-09T14:57:18,cash,VOLKSWAGEN,TAIGO,2,0,0.0
2026-07-09T14:57:18,cash,VOLKSWAGEN,TIGUAN,2,0,0.0
2026-07-09T14:57:18,cash,VOLKSWAGEN,TIGUAN ALLSPACE,2,0,0.0
2026-07-09T14:57:18,cash,VOLKSWAGEN,TOURAN,3,0,0.0
2026-07-09T14:57:18,cash,VOLKSWAGEN,TRANSPORTER,1,0,0.0
2026-07-10T08:42:00,leasing,AUDI,A3 SPORTBACK,8,0,0.0
2026-07-10T08:42:00,leasing,AUDI,Q5,2,0,0.0
2026-07-10T08:42:00,leasing,BMW,IX3,1,1,1.0
2026-07-10T08:42:00,leasing,BMW,SERIE 1,10,0,0.0
2026-07-10T08:42:00,leasing,BMW,SERIE 2,1,0,0.0
2026-07-10T08:42:00,leasing,BMW,SERIE 2 ACTIVE TOURE,1,0,0.0
2026-07-10T08:42:00,leasing,BMW,SERIE 3,1,0,0.0
2026-07-10T08:42:00,leasing,BMW,SERIE 4 GC,2,0,0.0
2026-07-10T08:42:00,leasing,BMW,X1,12,0,0.0
2026-07-10T08:42:00,leasing,BMW,X2,2,0,0.0
2026-07-10T08:42:00,leasing,BMW,X3,4,0,0.0
2026-07-10T08:42:00,leasing,CITROEN,BERLINGO,9,0,0.0
2026-07-10T08:42:00,leasing,CITROEN,C3,11,0,0.0
2026-07-10T08:42:00,leasing,CITROEN,C3 AIRCROSS,9,0,0.0
2026-07-10T08:42:00,leasing,CITROEN,C4,3,0,0.0
2026-07-10T08:42:00,leasing,CITROEN,C5 AIRCROSS,12,0,0.0
2026-07-10T08:42:00,leasing,CITROEN,C5 X,5,0,0.0
2026-07-10T08:42:00,leasing,CITROEN,GRAND C4 SPACETOURER,1,0,0.0
2026-07-10T08:42:00,leasing,CITROEN,JUMPER,1,0,0.0
2026-07-10T08:42:00,leasing,CITROEN,JUMPY,5,0,0.0
2026-07-10T08:42:00,leasing,DACIA,SANDERO,1,0,0.0
2026-07-10T08:42:00,leasing,DS,DS3,1,0,0.0
2026-07-10T08:42:00,leasing,DS,DS3 CROSSBACK,3,2,0.6667
2026-07-10T08:42:00,leasing,DS,DS4,1,0,0.0
2026-07-10T08:42:00,leasing,DS,DS7,2,0,0.0
2026-07-10T08:42:00,leasing,FIAT,500,3,0,0.0
2026-07-10T08:42:00,leasing,FORD,KUGA,8,0,0.0
2026-07-10T08:42:00,leasing,FORD,PUMA,3,0,0.0
2026-07-10T08:42:00,leasing,HYUNDAI,IONIQ,1,1,1.0
2026-07-10T08:42:00,leasing,HYUNDAI,TUCSON,13,0,0.0
2026-07-10T08:42:00,leasing,JEEP,AVENGER,2,2,1.0
2026-07-10T08:42:00,leasing,KIA,CEED,6,0,0.0
2026-07-10T08:42:00,leasing,KIA,E-NIRO,1,1,1.0
2026-07-10T08:42:00,leasing,KIA,EV6,1,1,1.0
2026-07-10T08:42:00,leasing,KIA,NIRO EV,6,6,1.0
2026-07-10T08:42:00,leasing,KIA,PROCEED,1,0,0.0
2026-07-10T08:42:00,leasing,KIA,SPORTAGE,10,0,0.0
2026-07-10T08:42:00,leasing,KIA,STONIC,14,0,0.0
2026-07-10T08:42:00,leasing,KIA,XCEED,1,0,0.0
2026-07-10T08:42:00,leasing,MAZDA,CX-5,1,0,0.0
2026-07-10T08:42:00,leasing,MERCEDES-BENZ,CLA COUPE,1,0,0.0
2026-07-10T08:42:00,leasing,MERCEDES-BENZ,CLASSE A,4,0,0.0
2026-07-10T08:42:00,leasing,MERCEDES-BENZ,CLASSE CLA,2,0,0.0
2026-07-10T08:42:00,leasing,MERCEDES-BENZ,GLC COUPE,1,0,0.0
2026-07-10T08:42:00,leasing,MINI,COUNTRYMAN,2,0,0.0
2026-07-10T08:42:00,leasing,NISSAN,QASHQAI,8,0,0.0
2026-07-10T08:42:00,leasing,NISSAN,X-TRAIL,2,0,0.0
2026-07-10T08:42:00,leasing,OPEL,ASTRA,1,0,0.0
2026-07-10T08:42:00,leasing,OPEL,CORSA,4,0,0.0
2026-07-10T08:42:00,leasing,OPEL,CROSSLAND,3,0,0.0
2026-07-10T08:42:00,leasing,OPEL,E-CORSA,1,1,1.0
2026-07-10T08:42:00,leasing,OPEL,GRANDLAND,2,0,0.0
2026-07-10T08:42:00,leasing,PEUGEOT,2008,30,0,0.0
2026-07-10T08:42:00,leasing,PEUGEOT,208,9,0,0.0
2026-07-10T08:42:00,leasing,PEUGEOT,3008,49,0,0.0
2026-07-10T08:42:00,leasing,PEUGEOT,308,10,0,0.0
2026-07-10T08:42:00,leasing,PEUGEOT,308 SW,5,0,0.0
2026-07-10T08:42:00,leasing,PEUGEOT,5008,23,0,0.0
2026-07-10T08:42:00,leasing,PEUGEOT,E-2008,7,7,1.0
2026-07-10T08:42:00,leasing,PEUGEOT,EXPERT,6,0,0.0
2026-07-10T08:42:00,leasing,PEUGEOT,PARTNER,7,0,0.0
2026-07-10T08:42:00,leasing,RENAULT,ARKANA,14,0,0.0
2026-07-10T08:42:00,leasing,RENAULT,AUSTRAL,5,0,0.0
2026-07-10T08:42:00,leasing,RENAULT,CAPTUR,21,0,0.0
2026-07-10T08:42:00,leasing,RENAULT,CLIO,21,0,0.0
2026-07-10T08:42:00,leasing,RENAULT,ESPACE,1,0,0.0
2026-07-10T08:42:00,leasing,RENAULT,EXPRESS,24,0,0.0
2026-07-10T08:42:00,leasing,RENAULT,KADJAR,1,0,0.0
2026-07-10T08:42:00,leasing,RENAULT,KANGOO,4,0,0.0
2026-07-10T08:42:00,leasing,RENAULT,KANGOO EXPRESS,1,0,0.0
2026-07-10T08:42:00,leasing,RENAULT,MASTER,1,0,0.0
2026-07-10T08:42:00,leasing,RENAULT,MEGANE,19,0,0.0
2026-07-10T08:42:00,leasing,RENAULT,MEGANE E-TECH,1,1,1.0
2026-07-10T08:42:00,leasing,RENAULT,SCENIC,7,0,0.0
2026-07-10T08:42:00,leasing,RENAULT,TRAFIC,10,0,0.0
2026-07-10T08:42:00,leasing,SEAT,ARONA,1,0,0.0
2026-07-10T08:42:00,leasing,SEAT,TARRACO,1,0,0.0
2026-07-10T08:42:00,leasing,SKODA,FABIA,6,0,0.0
2026-07-10T08:42:00,leasing,SKODA,KAMIQ,6,0,0.0
2026-07-10T08:42:00,leasing,SKODA,KAROQ,2,0,0.0
2026-07-10T08:42:00,leasing,SKODA,KODIAQ,4,0,0.0
2026-07-10T08:42:00,leasing,SUZUKI,VITARA,1,0,0.0
2026-07-10T08:42:00,leasing,TESLA,MODEL 3,5,5,1.0
2026-07-10T08:42:00,leasing,TESLA,MODEL Y,7,7,1.0
2026-07-10T08:42:00,leasing,TOYOTA,AYGO X,3,0,0.0
2026-07-10T08:42:00,leasing,TOYOTA,C-HR,5,0,0.0
2026-07-10T08:42:00,leasing,TOYOTA,COROLLA,3,0,0.0
2026-07-10T08:42:00,leasing,TOYOTA,COROLLA TS,7,0,0.0
2026-07-10T08:42:00,leasing,TOYOTA,PROACE CITY,1,0,0.0
2026-07-10T08:42:00,leasing,TOYOTA,RAV4 HSD,3,0,0.0
2026-07-10T08:42:00,leasing,TOYOTA,RAV4 PLUG IN,5,0,0.0
2026-07-10T08:42:00,leasing,TOYOTA,YARIS,4,0,0.0
2026-07-10T08:42:00,leasing,TOYOTA,YARIS CROSS,1,0,0.0
2026-07-10T08:42:00,leasing,TOYOTA,YARIS HYBRID,3,0,0.0
2026-07-10T08:42:00,leasing,VOLKSWAGEN,GOLF,11,0,0.0
2026-07-10T08:42:00,leasing,VOLKSWAGEN,POLO,5,0,0.0
2026-07-10T08:42:00,leasing,VOLKSWAGEN,T-ROC,5,0,0.0
2026-07-10T08:42:00,leasing,VOLKSWAGEN,TAIGO,1,0,0.0
2026-07-10T08:42:00,leasing,VOLKSWAGEN,TIGUAN,3,0,0.0
2026-07-10T08:42:00,leasing,VOLKSWAGEN,TIGUAN ALLSPACE,2,0,0.0
2026-07-10T08:42:00,leasing,VOLKSWAGEN,TOURAN,3,0,0.0
2026-07-10T08:42:00,leasing,VOLKSWAGEN,TRANSPORTER,1,0,0.0
2026-07-10T08:42:00,cash,AUDI,A3 SPORTBACK,9,0,0.0
2026-07-10T08:42:00,cash,AUDI,Q5,2,0,0.0
2026-07-10T08:42:00,cash,BMW,IX3,1,1,1.0
2026-07-10T08:42:00,cash,BMW,SERIE 1,10,0,0.0
2026-07-10T08:42:00,cash,BMW,SERIE 2,1,0,0.0
2026-07-10T08:42:00,cash,BMW,SERIE 2 ACTIVE TOURE,1,0,0.0
2026-07-10T08:42:00,cash,BMW,SERIE 3,1,0,0.0
2026-07-10T08:42:00,cash,BMW,SERIE 4 GC,2,0,0.0
2026-07-10T08:42:00,cash,BMW,X1,14,0,0.0
2026-07-10T08:42:00,cash,BMW,X2,2,0,0.0
2026-07-10T08:42:00,cash,BMW,X3,5,0,0.0
2026-07-10T08:42:00,cash,BMW,X5,1,0,0.0
2026-07-10T08:42:00,cash,CITROEN,BERLINGO,12,0,0.0
2026-07-10T08:42:00,cash,CITROEN,C3,15,0,0.0
2026-07-10T08:42:00,cash,CITROEN,C3 AIRCROSS,9,0,0.0
2026-07-10T08:42:00,cash,CITROEN,C4,3,0,0.0
2026-07-10T08:42:00,cash,CITROEN,C4 SPACETOURER,1,0,0.0
2026-07-10T08:42:00,cash,CITROEN,C5 AIRCROSS,12,0,0.0
2026-07-10T08:42:00,cash,CITROEN,C5 X,5,0,0.0
2026-07-10T08:42:00,cash,CITROEN,E-C4,1,1,1.0
2026-07-10T08:42:00,cash,CITROEN,GRAND C4 SPACETOURER,1,0,0.0
2026-07-10T08:42:00,cash,CITROEN,JUMPER,1,0,0.0
2026-07-10T08:42:00,cash,CITROEN,JUMPY,6,0,0.0
2026-07-10T08:42:00,cash,DACIA,SANDERO,1,0,0.0
2026-07-10T08:42:00,cash,DS,DS3,1,0,0.0
2026-07-10T08:42:00,cash,DS,DS3 CROSSBACK,3,2,0.6667
2026-07-10T08:42:00,cash,DS,DS4,1,0,0.0
2026-07-10T08:42:00,cash,DS,DS7,2,0,0.0
2026-07-10T08:42:00,cash,FIAT,500,3,0,0.0
2026-07-10T08:42:00,cash,FORD,KUGA,9,0,0.0
2026-07-10T08:42:00,cash,FORD,PUMA,4,0,0.0
2026-07-10T08:42:00,cash,FORD,TRANSIT CUSTOM,1,0,0.0
2026-07-10T08:42:00,cash,HYUNDAI,IONIQ,1,1,1.0
2026-07-10T08:42:00,cash,HYUNDAI,TUCSON,13,0,0.0
2026-07-10T08:42:00,cash,JEEP,AVENGER,2,2,1.0
2026-07-10T08:42:00,cash,KIA,CEED,6,0,0.0
2026-07-10T08:42:00,cash,KIA,E-NIRO,1,1,1.0
2026-07-10T08:42:00,cash,KIA,EV6,1,1,1.0
2026-07-10T08:42:00,cash,KIA,NIRO EV,6,6,1.0
2026-07-10T08:42:00,cash,KIA,PROCEED,1,0,0.0
2026-07-10T08:42:00,cash,KIA,SPORTAGE,13,0,0.0
2026-07-10T08:42:00,cash,KIA,STONIC,15,0,0.0
2026-07-10T08:42:00,cash,KIA,XCEED,1,0,0.0
2026-07-10T08:42:00,cash,MAZDA,CX-5,1,0,0.0
2026-07-10T08:42:00,cash,MAZDA,MAZDA3,1,0,0.0
2026-07-10T08:42:00,cash,MERCEDES-BENZ,CLA COUPE,1,0,0.0
2026-07-10T08:42:00,cash,MERCEDES-BENZ,CLASSE A,6,0,0.0
2026-07-10T08:42:00,cash,MERCEDES-BENZ,CLASSE CLA,2,0,0.0
2026-07-10T08:42:00,cash,MERCEDES-BENZ,GLB,1,0,0.0
2026-07-10T08:42:00,cash,MERCEDES-BENZ,GLC COUPE,1,0,0.0
2026-07-10T08:42:00,cash,MINI,COUNTRYMAN,2,0,0.0
2026-07-10T08:42:00,cash,MINI,MINI,2,0,0.0
2026-07-10T08:42:00,cash,NISSAN,LEAF,1,1,1.0
2026-07-10T08:42:00,cash,NISSAN,QASHQAI,9,0,0.0
2026-07-10T08:42:00,cash,NISSAN,X-TRAIL,2,0,0.0
2026-07-10T08:42:00,cash,OPEL,ASTRA,1,0,0.0
2026-07-10T08:42:00,cash,OPEL,CORSA,4,0,0.0
2026-07-10T08:42:00,cash,OPEL,CROSSLAND,3,0,0.0
2026-07-10T08:42:00,cash,OPEL,E-CORSA,1,1,1.0
2026-07-10T08:42:00,cash,OPEL,GRANDLAND,3,0,0.0
2026-07-10T08:42:00,cash,OPEL,GRANDLAND X,1,0,0.0
2026-07-10T08:42:00,cash,PEUGEOT,108,1,0,0.0
2026-07-10T08:42:00,cash,PEUGEOT,2008,34,0,0.0
2026-07-10T08:42:00,cash,PEUGEOT,208,11,0,0.0
2026-07-10T08:42:00,cash,PEUGEOT,3008,56,0,0.0
2026-07-10T08:42:00,cash,PEUGEOT,308,11,0,0.0
2026-07-10T08:42:00,cash,PEUGEOT,308 SW,5,0,0.0
2026-07-10T08:42:00,cash,PEUGEOT,5008,24,0,0.0
2026-07-10T08:42:00,cash,PEUGEOT,E-2008,7,7,1.0
2026-07-10T08:42:00,cash,PEUGEOT,E-208,2,2,1.0
2026-07-10T08:42:00,cash,PEUGEOT,E-308,1,1,1.0
2026-07-10T08:42:00,cash,PEUGEOT,EXPERT,6,0,0.0
2026-07-10T08:42:00,cash,PEUGEOT,PARTNER,9,0,0.0
2026-07-10T08:42:00,cash,RENAULT,ARKANA,14,0,0.0
2026-07-10T08:42:00,cash,RENAULT,AUSTRAL,5,0,0.0
2026-07-10T08:42:00,cash,RENAULT,CAPTUR,25,0,0.0
2026-07-10T08:42:00,cash,RENAULT,CLIO,30,0,0.0
2026-07-10T08:42:00,cash,RENAULT,ESPACE,1,0,0.0
2026-07-10T08:42:00,cash,RENAULT,EXPRESS,24,0,0.0
2026-07-10T08:42:00,cash,RENAULT,KADJAR,2,0,0.0
2026-07-10T08:42:00,cash,RENAULT,KANGOO,4,0,0.0
2026-07-10T08:42:00,cash,RENAULT,KANGOO EXPRESS,1,0,0.0
2026-07-10T08:42:00,cash,RENAULT,MASTER,1,0,0.0
2026-07-10T08:42:00,cash,RENAULT,MEGANE,25,0,0.0
2026-07-10T08:42:00,cash,RENAULT,MEGANE E-TECH,2,2,1.0
2026-07-10T08:42:00,cash,RENAULT,SCENIC,7,0,0.0
2026-07-10T08:42:00,cash,RENAULT,TRAFIC,10,0,0.0
2026-07-10T08:42:00,cash,RENAULT,TWINGO,1,0,0.0
2026-07-10T08:42:00,cash,SEAT,ARONA,1,0,0.0
2026-07-10T08:42:00,cash,SEAT,TARRACO,1,0,0.0
2026-07-10T08:42:00,cash,SKODA,FABIA,7,0,0.0
2026-07-10T08:42:00,cash,SKODA,KAMIQ,6,0,0.0
2026-07-10T08:42:00,cash,SKODA,KAROQ,2,0,0.0
2026-07-10T08:42:00,cash,SKODA,KODIAQ,4,0,0.0
2026-07-10T08:42:00,cash,SMART,1,1,1,1.0
2026-07-10T08:42:00,cash,SUZUKI,VITARA,1,0,0.0
2026-07-10T08:42:00,cash,TESLA,MODEL 3,6,6,1.0
2026-07-10T08:42:00,cash,TESLA,MODEL Y,7,7,1.0
2026-07-10T08:42:00,cash,TOYOTA,AYGO X,3,0,0.0
2026-07-10T08:42:00,cash,TOYOTA,C-HR,6,0,0.0
2026-07-10T08:42:00,cash,TOYOTA,COROLLA,4,0,0.0
2026-07-10T08:42:00,cash,TOYOTA,COROLLA TS,7,0,0.0
2026-07-10T08:42:00,cash,TOYOTA,PROACE CITY,1,0,0.0
2026-07-10T08:42:00,cash,TOYOTA,RAV4 HSD,3,0,0.0
2026-07-10T08:42:00,cash,TOYOTA,RAV4 PLUG IN,5,0,0.0
2026-07-10T08:42:00,cash,TOYOTA,YARIS,4,0,0.0
2026-07-10T08:42:00,cash,TOYOTA,YARIS CROSS,1,0,0.0
2026-07-10T08:42:00,cash,TOYOTA,YARIS HYBRID,3,0,0.0
2026-07-10T08:42:00,cash,VOLKSWAGEN,GOLF,12,0,0.0
2026-07-10T08:42:00,cash,VOLKSWAGEN,POLO,5,0,0.0
2026-07-10T08:42:00,cash,VOLKSWAGEN,T-ROC,7,0,0.0
2026-07-10T08:42:00,cash,VOLKSWAGEN,TAIGO,2,0,0.0
2026-07-10T08:42:00,cash,VOLKSWAGEN,TIGUAN,4,0,0.0
2026-07-10T08:42:00,cash,VOLKSWAGEN,TIGUAN ALLSPACE,4,0,0.0
2026-07-10T08:42:00,cash,VOLKSWAGEN,TOURAN,3,0,0.0
2026-07-10T08:42:00,cash,VOLKSWAGEN,TRANSPORTER,1,0,0.0
2026-07-10T10:21:45,leasing,AUDI,A3 SPORTBACK,8,0,0.0
2026-07-10T10:21:45,leasing,AUDI,Q5,2,0,0.0
2026-07-10T10:21:45,leasing,BMW,IX3,1,1,1.0
2026-07-10T10:21:45,leasing,BMW,SERIE 1,10,0,0.0
2026-07-10T10:21:45,leasing,BMW,SERIE 2,1,0,0.0
2026-07-10T10:21:45,leasing,BMW,SERIE 2 ACTIVE TOURE,1,0,0.0
2026-07-10T10:21:45,leasing,BMW,SERIE 3,1,0,0.0
2026-07-10T10:21:45,leasing,BMW,SERIE 4 GC,2,0,0.0
2026-07-10T10:21:45,leasing,BMW,X1,11,0,0.0
2026-07-10T10:21:45,leasing,BMW,X2,2,0,0.0
2026-07-10T10:21:45,leasing,BMW,X3,4,0,0.0
2026-07-10T10:21:45,leasing,CITROEN,BERLINGO,9,0,0.0
2026-07-10T10:21:45,leasing,CITROEN,C3,11,0,0.0
2026-07-10T10:21:45,leasing,CITROEN,C3 AIRCROSS,9,0,0.0
2026-07-10T10:21:45,leasing,CITROEN,C4,3,0,0.0
2026-07-10T10:21:45,leasing,CITROEN,C5 AIRCROSS,12,0,0.0
2026-07-10T10:21:45,leasing,CITROEN,C5 X,5,0,0.0
2026-07-10T10:21:45,leasing,CITROEN,GRAND C4 SPACETOURER,1,0,0.0
2026-07-10T10:21:45,leasing,CITROEN,JUMPER,1,0,0.0
2026-07-10T10:21:45,leasing,CITROEN,JUMPY,5,0,0.0
2026-07-10T10:21:45,leasing,DACIA,SANDERO,1,0,0.0
2026-07-10T10:21:45,leasing,DS,DS3,1,0,0.0
2026-07-10T10:21:45,leasing,DS,DS3 CROSSBACK,3,2,0.6667
2026-07-10T10:21:45,leasing,DS,DS4,1,0,0.0
2026-07-10T10:21:45,leasing,DS,DS7,2,0,0.0
2026-07-10T10:21:45,leasing,FIAT,500,3,0,0.0
2026-07-10T10:21:45,leasing,FORD,KUGA,8,0,0.0
2026-07-10T10:21:45,leasing,FORD,PUMA,3,0,0.0
2026-07-10T10:21:45,leasing,HYUNDAI,IONIQ,1,1,1.0
2026-07-10T10:21:45,leasing,HYUNDAI,TUCSON,13,0,0.0
2026-07-10T10:21:45,leasing,JEEP,AVENGER,2,2,1.0
2026-07-10T10:21:45,leasing,KIA,CEED,6,0,0.0
2026-07-10T10:21:45,leasing,KIA,E-NIRO,1,1,1.0
2026-07-10T10:21:45,leasing,KIA,EV6,1,1,1.0
2026-07-10T10:21:45,leasing,KIA,NIRO EV,6,6,1.0
2026-07-10T10:21:45,leasing,KIA,PROCEED,1,0,0.0
2026-07-10T10:21:45,leasing,KIA,SPORTAGE,10,0,0.0
2026-07-10T10:21:45,leasing,KIA,STONIC,14,0,0.0
2026-07-10T10:21:45,leasing,KIA,XCEED,1,0,0.0
2026-07-10T10:21:45,leasing,MAZDA,CX-5,1,0,0.0
2026-07-10T10:21:45,leasing,MERCEDES-BENZ,CLA COUPE,1,0,0.0
2026-07-10T10:21:45,leasing,MERCEDES-BENZ,CLASSE A,4,0,0.0
2026-07-10T10:21:45,leasing,MERCEDES-BENZ,CLASSE CLA,2,0,0.0
2026-07-10T10:21:45,leasing,MERCEDES-BENZ,GLC COUPE,1,0,0.0
2026-07-10T10:21:45,leasing,MINI,COUNTRYMAN,2,0,0.0
2026-07-10T10:21:45,leasing,NISSAN,QASHQAI,9,0,0.0
2026-07-10T10:21:45,leasing,NISSAN,X-TRAIL,2,0,0.0
2026-07-10T10:21:45,leasing,OPEL,ASTRA,1,0,0.0
2026-07-10T10:21:45,leasing,OPEL,CORSA,4,0,0.0
2026-07-10T10:21:45,leasing,OPEL,CROSSLAND,3,0,0.0
2026-07-10T10:21:45,leasing,OPEL,E-CORSA,1,1,1.0
2026-07-10T10:21:45,leasing,OPEL,GRANDLAND,2,0,0.0
2026-07-10T10:21:45,leasing,PEUGEOT,2008,29,0,0.0
2026-07-10T10:21:45,leasing,PEUGEOT,208,9,0,0.0
2026-07-10T10:21:45,leasing,PEUGEOT,3008,46,0,0.0
2026-07-10T10:21:45,leasing,PEUGEOT,308,10,0,0.0
2026-07-10T10:21:45,leasing,PEUGEOT,308 SW,5,0,0.0
2026-07-10T10:21:45,leasing,PEUGEOT,5008,23,0,0.0
2026-07-10T10:21:45,leasing,PEUGEOT,E-2008,7,7,1.0
2026-07-10T10:21:45,leasing,PEUGEOT,EXPERT,6,0,0.0
2026-07-10T10:21:45,leasing,PEUGEOT,PARTNER,7,0,0.0
2026-07-10T10:21:45,leasing,RENAULT,ARKANA,14,0,0.0
2026-07-10T10:21:45,leasing,RENAULT,AUSTRAL,4,0,0.0
2026-07-10T10:21:45,leasing,RENAULT,CAPTUR,21,0,0.0
2026-07-10T10:21:45,leasing,RENAULT,CLIO,20,0,0.0
2026-07-10T10:21:45,leasing,RENAULT,ESPACE,1,0,0.0
2026-07-10T10:21:45,leasing,RENAULT,EXPRESS,24,0,0.0
2026-07-10T10:21:45,leasing,RENAULT,KADJAR,1,0,0.0
2026-07-10T10:21:45,leasing,RENAULT,KANGOO,4,0,0.0
2026-07-10T10:21:45,leasing,RENAULT,KANGOO EXPRESS,1,0,0.0
2026-07-10T10:21:45,leasing,RENAULT,MASTER,1,0,0.0
2026-07-10T10:21:45,leasing,RENAULT,MEGANE,19,0,0.0
2026-07-10T10:21:45,leasing,RENAULT,SCENIC,8,0,0.0
2026-07-10T10:21:45,leasing,RENAULT,TRAFIC,10,0,0.0
2026-07-10T10:21:45,leasing,SEAT,ARONA,1,0,0.0
2026-07-10T10:21:45,leasing,SEAT,TARRACO,1,0,0.0
2026-07-10T10:21:45,leasing,SKODA,FABIA,6,0,0.0
2026-07-10T10:21:45,leasing,SKODA,KAMIQ,6,0,0.0
2026-07-10T10:21:45,leasing,SKODA,KAROQ,2,0,0.0
2026-07-10T10:21:45,leasing,SKODA,KODIAQ,4,0,0.0
2026-07-10T10:21:45,leasing,SUZUKI,VITARA,1,0,0.0
2026-07-10T10:21:45,leasing,TESLA,MODEL 3,5,5,1.0
2026-07-10T10:21:45,leasing,TESLA,MODEL Y,7,7,1.0
2026-07-10T10:21:45,leasing,TOYOTA,AYGO X,3,0,0.0
2026-07-10T10:21:45,leasing,TOYOTA,C-HR,5,0,0.0
2026-07-10T10:21:45,leasing,TOYOTA,COROLLA,3,0,0.0
2026-07-10T10:21:45,leasing,TOYOTA,COROLLA TS,7,0,0.0
2026-07-10T10:21:45,leasing,TOYOTA,PROACE CITY,1,0,0.0
2026-07-10T10:21:45,leasing,TOYOTA,RAV4 HSD,3,0,0.0
2026-07-10T10:21:45,leasing,TOYOTA,RAV4 PLUG IN,5,0,0.0
2026-07-10T10:21:45,leasing,TOYOTA,YARIS,4,0,0.0
2026-07-10T10:21:45,leasing,TOYOTA,YARIS CROSS,1,0,0.0
2026-07-10T10:21:45,leasing,TOYOTA,YARIS HYBRID,3,0,0.0
2026-07-10T10:21:45,leasing,VOLKSWAGEN,GOLF,11,0,0.0
2026-07-10T10:21:45,leasing,VOLKSWAGEN,POLO,5,0,0.0
2026-07-10T10:21:45,leasing,VOLKSWAGEN,T-ROC,5,0,0.0
2026-07-10T10:21:45,leasing,VOLKSWAGEN,TAIGO,1,0,0.0
2026-07-10T10:21:45,leasing,VOLKSWAGEN,TIGUAN,3,0,0.0
2026-07-10T10:21:45,leasing,VOLKSWAGEN,TIGUAN ALLSPACE,2,0,0.0
2026-07-10T10:21:45,leasing,VOLKSWAGEN,TOURAN,3,0,0.0
2026-07-10T10:21:45,leasing,VOLKSWAGEN,TRANSPORTER,1,0,0.0
2026-07-10T10:21:45,cash,AUDI,A3 SPORTBACK,9,0,0.0
2026-07-10T10:21:45,cash,AUDI,Q5,2,0,0.0
2026-07-10T10:21:45,cash,BMW,IX3,1,1,1.0
2026-07-10T10:21:45,cash,BMW,SERIE 1,10,0,0.0
2026-07-10T10:21:45,cash,BMW,SERIE 2,1,0,0.0
2026-07-10T10:21:45,cash,BMW,SERIE 2 ACTIVE TOURE,1,0,0.0
2026-07-10T10:21:45,cash,BMW,SERIE 3,1,0,0.0
2026-07-10T10:21:45,cash,BMW,SERIE 4 GC,2,0,0.0
2026-07-10T10:21:45,cash,BMW,X1,13,0,0.0
2026-07-10T10:21:45,cash,BMW,X2,2,0,0.0
2026-07-10T10:21:45,cash,BMW,X3,5,0,0.0
2026-07-10T10:21:45,cash,BMW,X5,1,0,0.0
2026-07-10T10:21:45,cash,CITROEN,BERLINGO,12,0,0.0
2026-07-10T10:21:45,cash,CITROEN,C3,15,0,0.0
2026-07-10T10:21:45,cash,CITROEN,C3 AIRCROSS,9,0,0.0
2026-07-10T10:21:45,cash,CITROEN,C4,3,0,0.0
2026-07-10T10:21:45,cash,CITROEN,C4 SPACETOURER,1,0,0.0
2026-07-10T10:21:45,cash,CITROEN,C5 AIRCROSS,12,0,0.0
2026-07-10T10:21:45,cash,CITROEN,C5 X,5,0,0.0
2026-07-10T10:21:45,cash,CITROEN,E-C4,1,1,1.0
2026-07-10T10:21:45,cash,CITROEN,GRAND C4 SPACETOURER,1,0,0.0
2026-07-10T10:21:45,cash,CITROEN,JUMPER,1,0,0.0
2026-07-10T10:21:45,cash,CITROEN,JUMPY,6,0,0.0
2026-07-10T10:21:45,cash,DACIA,SANDERO,1,0,0.0
2026-07-10T10:21:45,cash,DS,DS3,1,0,0.0
2026-07-10T10:21:45,cash,DS,DS3 CROSSBACK,3,2,0.6667
2026-07-10T10:21:45,cash,DS,DS4,1,0,0.0
2026-07-10T10:21:45,cash,DS,DS7,2,0,0.0
2026-07-10T10:21:45,cash,FIAT,500,3,0,0.0
2026-07-10T10:21:45,cash,FORD,KUGA,9,0,0.0
2026-07-10T10:21:45,cash,FORD,PUMA,4,0,0.0
2026-07-10T10:21:45,cash,FORD,TRANSIT CUSTOM,1,0,0.0
2026-07-10T10:21:45,cash,HYUNDAI,IONIQ,1,1,1.0
2026-07-10T10:21:45,cash,HYUNDAI,TUCSON,13,0,0.0
2026-07-10T10:21:45,cash,JEEP,AVENGER,2,2,1.0
2026-07-10T10:21:45,cash,KIA,CEED,6,0,0.0
2026-07-10T10:21:45,cash,KIA,E-NIRO,1,1,1.0
2026-07-10T10:21:45,cash,KIA,EV6,1,1,1.0
2026-07-10T10:21:45,cash,KIA,NIRO EV,6,6,1.0
2026-07-10T10:21:45,cash,KIA,PROCEED,1,0,0.0
2026-07-10T10:21:45,cash,KIA,SPORTAGE,13,0,0.0
2026-07-10T10:21:45,cash,KIA,STONIC,15,0,0.0
2026-07-10T10:21:45,cash,KIA,XCEED,1,0,0.0
2026-07-10T10:21:45,cash,MAZDA,CX-5,1,0,0.0
2026-07-10T10:21:45,cash,MAZDA,MAZDA3,1,0,0.0
2026-07-10T10:21:45,cash,MERCEDES-BENZ,CLA COUPE,1,0,0.0
2026-07-10T10:21:45,cash,MERCEDES-BENZ,CLASSE A,6,0,0.0
2026-07-10T10:21:45,cash,MERCEDES-BENZ,CLASSE CLA,2,0,0.0
2026-07-10T10:21:45,cash,MERCEDES-BENZ,GLB,1,0,0.0
2026-07-10T10:21:45,cash,MERCEDES-BENZ,GLC COUPE,1,0,0.0
2026-07-10T10:21:45,cash,MINI,COUNTRYMAN,2,0,0.0
2026-07-10T10:21:45,cash,MINI,MINI,2,0,0.0
2026-07-10T10:21:45,cash,NISSAN,LEAF,1,1,1.0
2026-07-10T10:21:45,cash,NISSAN,QASHQAI,10,0,0.0
2026-07-10T10:21:45,cash,NISSAN,X-TRAIL,2,0,0.0
2026-07-10T10:21:45,cash,OPEL,ASTRA,1,0,0.0
2026-07-10T10:21:45,cash,OPEL,CORSA,4,0,0.0
2026-07-10T10:21:45,cash,OPEL,CROSSLAND,3,0,0.0
2026-07-10T10:21:45,cash,OPEL,E-CORSA,1,1,1.0
2026-07-10T10:21:45,cash,OPEL,GRANDLAND,3,0,0.0
2026-07-10T10:21:45,cash,OPEL,GRANDLAND X,1,0,0.0
2026-07-10T10:21:45,cash,PEUGEOT,108,1,0,0.0
2026-07-10T10:21:45,cash,PEUGEOT,2008,33,0,0.0
2026-07-10T10:21:45,cash,PEUGEOT,208,11,0,0.0
2026-07-10T10:21:45,cash,PEUGEOT,3008,53,0,0.0
2026-07-10T10:21:45,cash,PEUGEOT,308,11,0,0.0
2026-07-10T10:21:45,cash,PEUGEOT,308 SW,5,0,0.0
2026-07-10T10:21:45,cash,PEUGEOT,5008,24,0,0.0
2026-07-10T10:21:45,cash,PEUGEOT,E-2008,7,7,1.0
2026-07-10T10:21:45,cash,PEUGEOT,E-208,2,2,1.0
2026-07-10T10:21:45,cash,PEUGEOT,E-308,1,1,1.0
2026-07-10T10:21:45,cash,PEUGEOT,EXPERT,6,0,0.0
2026-07-10T10:21:45,cash,PEUGEOT,PARTNER,9,0,0.0
2026-07-10T10:21:45,cash,RENAULT,ARKANA,14,0,0.0
2026-07-10T10:21:45,cash,RENAULT,AUSTRAL,4,0,0.0
2026-07-10T10:21:45,cash,RENAULT,CAPTUR,25,0,0.0
2026-07-10T10:21:45,cash,RENAULT,CLIO,29,0,0.0
2026-07-10T10:21:45,cash,RENAULT,ESPACE,1,0,0.0
2026-07-10T10:21:45,cash,RENAULT,EXPRESS,24,0,0.0
2026-07-10T10:21:45,cash,RENAULT,KADJAR,2,0,0.0
2026-07-10T10:21:45,cash,RENAULT,KANGOO,4,0,0.0
2026-07-10T10:21:45,cash,RENAULT,KANGOO EXPRESS,1,0,0.0
2026-07-10T10:21:45,cash,RENAULT,MASTER,1,0,0.0
2026-07-10T10:21:45,cash,RENAULT,MEGANE,25,0,0.0
2026-07-10T10:21:45,cash,RENAULT,MEGANE E-TECH,1,1,1.0
2026-07-10T10:21:45,cash,RENAULT,SCENIC,8,0,0.0
2026-07-10T10:21:45,cash,RENAULT,SYMBIOZ,1,0,0.0
2026-07-10T10:21:45,cash,RENAULT,TRAFIC,10,0,0.0
2026-07-10T10:21:45,cash,RENAULT,TWINGO,1,0,0.0
2026-07-10T10:21:45,cash,SEAT,ARONA,1,0,0.0
2026-07-10T10:21:45,cash,SEAT,TARRACO,1,0,0.0
2026-07-10T10:21:45,cash,SKODA,FABIA,7,0,0.0
2026-07-10T10:21:45,cash,SKODA,KAMIQ,6,0,0.0
2026-07-10T10:21:45,cash,SKODA,KAROQ,2,0,0.0
2026-07-10T10:21:45,cash,SKODA,KODIAQ,4,0,0.0
2026-07-10T10:21:45,cash,SMART,1,1,1,1.0
2026-07-10T10:21:45,cash,SUZUKI,VITARA,1,0,0.0
2026-07-10T10:21:45,cash,TESLA,MODEL 3,6,6,1.0
2026-07-10T10:21:45,cash,TESLA,MODEL Y,7,7,1.0
2026-07-10T10:21:45,cash,TOYOTA,AYGO X,3,0,0.0
2026-07-10T10:21:45,cash,TOYOTA,C-HR,6,0,0.0
2026-07-10T10:21:45,cash,TOYOTA,COROLLA,4,0,0.0
2026-07-10T10:21:45,cash,TOYOTA,COROLLA TS,7,0,0.0
2026-07-10T10:21:45,cash,TOYOTA,PROACE CITY,1,0,0.0
2026-07-10T10:21:45,cash,TOYOTA,RAV4 HSD,3,0,0.0
2026-07-10T10:21:45,cash,TOYOTA,RAV4 PLUG IN,5,0,0.0
2026-07-10T10:21:45,cash,TOYOTA,YARIS,4,0,0.0
2026-07-10T10:21:45,cash,TOYOTA,YARIS CROSS,1,0,0.0
2026-07-10T10:21:45,cash,TOYOTA,YARIS HYBRID,3,0,0.0
2026-07-10T10:21:45,cash,VOLKSWAGEN,GOLF,12,0,0.0
2026-07-10T10:21:45,cash,VOLKSWAGEN,POLO,5,0,0.0
2026-07-10T10:21:45,cash,VOLKSWAGEN,T-ROC,7,0,0.0
2026-07-10T10:21:45,cash,VOLKSWAGEN,TAIGO,2,0,0.0
2026-07-10T10:21:45,cash,VOLKSWAGEN,TIGUAN,4,0,0.0
2026-07-10T10:21:45,cash,VOLKSWAGEN,TIGUAN ALLSPACE,4,0,0.0
2026-07-10T10:21:45,cash,VOLKSWAGEN,TOURAN,3,0,0.0
2026-07-10T10:21:45,cash,VOLKSWAGEN,TRANSPORTER,1,0,0.0
2026-07-10T14:26:26,leasing,AUDI,A3 SPORTBACK,7,0,0.0
2026-07-10T14:26:26,leasing,AUDI,Q5,2,0,0.0
2026-07-10T14:26:26,leasing,BMW,IX3,1,1,1.0
2026-07-10T14:26:26,leasing,BMW,SERIE 1,10,0,0.0
2026-07-10T14:26:26,leasing,BMW,SERIE 2,1,0,0.0
2026-07-10T14:26:26,leasing,BMW,SERIE 2 ACTIVE TOURE,1,0,0.0
2026-07-10T14:26:26,leasing,BMW,SERIE 3,1,0,0.0
2026-07-10T14:26:26,leasing,BMW,SERIE 4 GC,2,0,0.0
2026-07-10T14:26:26,leasing,BMW,X1,10,0,0.0
2026-07-10T14:26:26,leasing,BMW,X2,2,0,0.0
2026-07-10T14:26:26,leasing,BMW,X3,4,0,0.0
2026-07-10T14:26:26,leasing,CITROEN,BERLINGO,9,0,0.0
2026-07-10T14:26:26,leasing,CITROEN,C3,11,0,0.0
2026-07-10T14:26:26,leasing,CITROEN,C3 AIRCROSS,9,0,0.0
2026-07-10T14:26:26,leasing,CITROEN,C4,3,0,0.0
2026-07-10T14:26:26,leasing,CITROEN,C5 AIRCROSS,12,0,0.0
2026-07-10T14:26:26,leasing,CITROEN,C5 X,5,0,0.0
2026-07-10T14:26:26,leasing,CITROEN,GRAND C4 SPACETOURER,1,0,0.0
2026-07-10T14:26:26,leasing,CITROEN,JUMPER,1,0,0.0
2026-07-10T14:26:26,leasing,CITROEN,JUMPY,5,0,0.0
2026-07-10T14:26:26,leasing,DACIA,SANDERO,1,0,0.0
2026-07-10T14:26:26,leasing,DS,DS3,1,0,0.0
2026-07-10T14:26:26,leasing,DS,DS3 CROSSBACK,3,2,0.6667
2026-07-10T14:26:26,leasing,DS,DS4,1,0,0.0
2026-07-10T14:26:26,leasing,DS,DS7,2,0,0.0
2026-07-10T14:26:26,leasing,FIAT,500,3,0,0.0
2026-07-10T14:26:26,leasing,FORD,KUGA,8,0,0.0
2026-07-10T14:26:26,leasing,FORD,PUMA,3,0,0.0
2026-07-10T14:26:26,leasing,HYUNDAI,IONIQ,1,1,1.0
2026-07-10T14:26:26,leasing,HYUNDAI,TUCSON,13,0,0.0
2026-07-10T14:26:26,leasing,JEEP,AVENGER,2,2,1.0
2026-07-10T14:26:26,leasing,KIA,CEED,6,0,0.0
2026-07-10T14:26:26,leasing,KIA,E-NIRO,1,1,1.0
2026-07-10T14:26:26,leasing,KIA,EV6,1,1,1.0
2026-07-10T14:26:26,leasing,KIA,NIRO EV,5,5,1.0
2026-07-10T14:26:26,leasing,KIA,PICANTO,1,0,0.0
2026-07-10T14:26:26,leasing,KIA,PROCEED,1,0,0.0
2026-07-10T14:26:26,leasing,KIA,SPORTAGE,10,0,0.0
2026-07-10T14:26:26,leasing,KIA,STONIC,14,0,0.0
2026-07-10T14:26:26,leasing,KIA,XCEED,1,0,0.0
2026-07-10T14:26:26,leasing,MAZDA,CX-5,1,0,0.0
2026-07-10T14:26:26,leasing,MERCEDES-BENZ,CLA COUPE,1,0,0.0
2026-07-10T14:26:26,leasing,MERCEDES-BENZ,CLASSE A,4,0,0.0
2026-07-10T14:26:26,leasing,MERCEDES-BENZ,CLASSE CLA,3,0,0.0
2026-07-10T14:26:26,leasing,MINI,COUNTRYMAN,2,0,0.0
2026-07-10T14:26:26,leasing,NISSAN,QASHQAI,9,0,0.0
2026-07-10T14:26:26,leasing,NISSAN,X-TRAIL,2,0,0.0
2026-07-10T14:26:26,leasing,OPEL,ASTRA,1,0,0.0
2026-07-10T14:26:26,leasing,OPEL,CORSA,4,0,0.0
2026-07-10T14:26:26,leasing,OPEL,CROSSLAND,3,0,0.0
2026-07-10T14:26:26,leasing,OPEL,E-CORSA,1,1,1.0
2026-07-10T14:26:26,leasing,OPEL,GRANDLAND,2,0,0.0
2026-07-10T14:26:26,leasing,PEUGEOT,2008,30,0,0.0
2026-07-10T14:26:26,leasing,PEUGEOT,208,9,0,0.0
2026-07-10T14:26:26,leasing,PEUGEOT,3008,47,0,0.0
2026-07-10T14:26:26,leasing,PEUGEOT,308,10,0,0.0
2026-07-10T14:26:26,leasing,PEUGEOT,308 SW,5,0,0.0
2026-07-10T14:26:26,leasing,PEUGEOT,5008,22,0,0.0
2026-07-10T14:26:26,leasing,PEUGEOT,E-2008,5,5,1.0
2026-07-10T14:26:26,leasing,PEUGEOT,EXPERT,6,0,0.0
2026-07-10T14:26:26,leasing,PEUGEOT,PARTNER,7,0,0.0
2026-07-10T14:26:26,leasing,RENAULT,ARKANA,14,0,0.0
2026-07-10T14:26:26,leasing,RENAULT,AUSTRAL,4,0,0.0
2026-07-10T14:26:26,leasing,RENAULT,CAPTUR,21,0,0.0
2026-07-10T14:26:26,leasing,RENAULT,CLIO,18,0,0.0
2026-07-10T14:26:26,leasing,RENAULT,ESPACE,1,0,0.0
2026-07-10T14:26:26,leasing,RENAULT,EXPRESS,24,0,0.0
2026-07-10T14:26:26,leasing,RENAULT,KADJAR,1,0,0.0
2026-07-10T14:26:26,leasing,RENAULT,KANGOO,3,0,0.0
2026-07-10T14:26:26,leasing,RENAULT,KANGOO EXPRESS,1,0,0.0
2026-07-10T14:26:26,leasing,RENAULT,MASTER,1,0,0.0
2026-07-10T14:26:26,leasing,RENAULT,MEGANE,19,0,0.0
2026-07-10T14:26:26,leasing,RENAULT,MEGANE E-TECH,1,1,1.0
2026-07-10T14:26:26,leasing,RENAULT,SCENIC,7,0,0.0
2026-07-10T14:26:26,leasing,RENAULT,TRAFIC,10,0,0.0
2026-07-10T14:26:26,leasing,SEAT,ARONA,1,0,0.0
2026-07-10T14:26:26,leasing,SEAT,TARRACO,1,0,0.0
2026-07-10T14:26:26,leasing,SKODA,FABIA,6,0,0.0
2026-07-10T14:26:26,leasing,SKODA,KAMIQ,6,0,0.0
2026-07-10T14:26:26,leasing,SKODA,KAROQ,2,0,0.0
2026-07-10T14:26:26,leasing,SKODA,KODIAQ,4,0,0.0
2026-07-10T14:26:26,leasing,SUZUKI,VITARA,1,0,0.0
2026-07-10T14:26:26,leasing,TESLA,MODEL 3,5,5,1.0
2026-07-10T14:26:26,leasing,TESLA,MODEL Y,7,7,1.0
2026-07-10T14:26:26,leasing,TOYOTA,AYGO X,3,0,0.0
2026-07-10T14:26:26,leasing,TOYOTA,C-HR,5,0,0.0
2026-07-10T14:26:26,leasing,TOYOTA,COROLLA,3,0,0.0
2026-07-10T14:26:26,leasing,TOYOTA,COROLLA TS,7,0,0.0
2026-07-10T14:26:26,leasing,TOYOTA,PROACE CITY,1,0,0.0
2026-07-10T14:26:26,leasing,TOYOTA,RAV4 HSD,3,0,0.0
2026-07-10T14:26:26,leasing,TOYOTA,RAV4 PLUG IN,5,0,0.0
2026-07-10T14:26:26,leasing,TOYOTA,YARIS,4,0,0.0
2026-07-10T14:26:26,leasing,TOYOTA,YARIS CROSS,1,0,0.0
2026-07-10T14:26:26,leasing,TOYOTA,YARIS HYBRID,3,0,0.0
2026-07-10T14:26:26,leasing,VOLKSWAGEN,GOLF,11,0,0.0
2026-07-10T14:26:26,leasing,VOLKSWAGEN,POLO,5,0,0.0
2026-07-10T14:26:26,leasing,VOLKSWAGEN,T-ROC,4,0,0.0
2026-07-10T14:26:26,leasing,VOLKSWAGEN,TAIGO,1,0,0.0
2026-07-10T14:26:26,leasing,VOLKSWAGEN,TIGUAN,3,0,0.0
2026-07-10T14:26:26,leasing,VOLKSWAGEN,TIGUAN ALLSPACE,2,0,0.0
2026-07-10T14:26:26,leasing,VOLKSWAGEN,TOURAN,3,0,0.0
2026-07-10T14:26:26,leasing,VOLKSWAGEN,TRANSPORTER,1,0,0.0
2026-07-10T14:26:26,cash,AUDI,A3 SPORTBACK,8,0,0.0
2026-07-10T14:26:26,cash,AUDI,Q5,2,0,0.0
2026-07-10T14:26:26,cash,BMW,IX3,1,1,1.0
2026-07-10T14:26:26,cash,BMW,SERIE 1,10,0,0.0
2026-07-10T14:26:26,cash,BMW,SERIE 2,1,0,0.0
2026-07-10T14:26:26,cash,BMW,SERIE 2 ACTIVE TOURE,1,0,0.0
2026-07-10T14:26:26,cash,BMW,SERIE 3,1,0,0.0
2026-07-10T14:26:26,cash,BMW,SERIE 4 GC,2,0,0.0
2026-07-10T14:26:26,cash,BMW,X1,12,0,0.0
2026-07-10T14:26:26,cash,BMW,X2,2,0,0.0
2026-07-10T14:26:26,cash,BMW,X3,5,0,0.0
2026-07-10T14:26:26,cash,BMW,X5,1,0,0.0
2026-07-10T14:26:26,cash,CITROEN,BERLINGO,12,0,0.0
2026-07-10T14:26:26,cash,CITROEN,C3,15,0,0.0
2026-07-10T14:26:26,cash,CITROEN,C3 AIRCROSS,9,0,0.0
2026-07-10T14:26:26,cash,CITROEN,C4,3,0,0.0
2026-07-10T14:26:26,cash,CITROEN,C4 SPACETOURER,1,0,0.0
2026-07-10T14:26:26,cash,CITROEN,C5 AIRCROSS,12,0,0.0
2026-07-10T14:26:26,cash,CITROEN,C5 X,5,0,0.0
2026-07-10T14:26:26,cash,CITROEN,E-C4,1,1,1.0
2026-07-10T14:26:26,cash,CITROEN,GRAND C4 SPACETOURER,1,0,0.0
2026-07-10T14:26:26,cash,CITROEN,JUMPER,1,0,0.0
2026-07-10T14:26:26,cash,CITROEN,JUMPY,7,0,0.0
2026-07-10T14:26:26,cash,DACIA,SANDERO,1,0,0.0
2026-07-10T14:26:26,cash,DS,DS3,1,0,0.0
2026-07-10T14:26:26,cash,DS,DS3 CROSSBACK,3,2,0.6667
2026-07-10T14:26:26,cash,DS,DS4,1,0,0.0
2026-07-10T14:26:26,cash,DS,DS7,2,0,0.0
2026-07-10T14:26:26,cash,FIAT,500,3,0,0.0
2026-07-10T14:26:26,cash,FORD,KUGA,9,0,0.0
2026-07-10T14:26:26,cash,FORD,PUMA,4,0,0.0
2026-07-10T14:26:26,cash,FORD,TRANSIT CUSTOM,1,0,0.0
2026-07-10T14:26:26,cash,HYUNDAI,IONIQ,1,1,1.0
2026-07-10T14:26:26,cash,HYUNDAI,TUCSON,13,0,0.0
2026-07-10T14:26:26,cash,JEEP,AVENGER,2,2,1.0
2026-07-10T14:26:26,cash,KIA,CEED,6,0,0.0
2026-07-10T14:26:26,cash,KIA,E-NIRO,1,1,1.0
2026-07-10T14:26:26,cash,KIA,EV6,1,1,1.0
2026-07-10T14:26:26,cash,KIA,NIRO EV,5,5,1.0
2026-07-10T14:26:26,cash,KIA,PICANTO,1,0,0.0
2026-07-10T14:26:26,cash,KIA,PROCEED,1,0,0.0
2026-07-10T14:26:26,cash,KIA,SPORTAGE,13,0,0.0
2026-07-10T14:26:26,cash,KIA,STONIC,15,0,0.0
2026-07-10T14:26:26,cash,KIA,XCEED,1,0,0.0
2026-07-10T14:26:26,cash,MAZDA,CX-5,1,0,0.0
2026-07-10T14:26:26,cash,MAZDA,MAZDA3,1,0,0.0
2026-07-10T14:26:26,cash,MERCEDES-BENZ,CLA COUPE,1,0,0.0
2026-07-10T14:26:26,cash,MERCEDES-BENZ,CLASSE A,6,0,0.0
2026-07-10T14:26:26,cash,MERCEDES-BENZ,CLASSE CLA,3,0,0.0
2026-07-10T14:26:26,cash,MERCEDES-BENZ,GLB,1,0,0.0
2026-07-10T14:26:26,cash,MINI,COUNTRYMAN,2,0,0.0
2026-07-10T14:26:26,cash,MINI,MINI,2,0,0.0
2026-07-10T14:26:26,cash,NISSAN,LEAF,1,1,1.0
2026-07-10T14:26:26,cash,NISSAN,QASHQAI,10,0,0.0
2026-07-10T14:26:26,cash,NISSAN,X-TRAIL,2,0,0.0
2026-07-10T14:26:26,cash,OPEL,ASTRA,1,0,0.0
2026-07-10T14:26:26,cash,OPEL,CORSA,4,0,0.0
2026-07-10T14:26:26,cash,OPEL,CROSSLAND,3,0,0.0
2026-07-10T14:26:26,cash,OPEL,E-CORSA,1,1,1.0
2026-07-10T14:26:26,cash,OPEL,GRANDLAND,3,0,0.0
2026-07-10T14:26:26,cash,OPEL,GRANDLAND X,1,0,0.0
2026-07-10T14:26:26,cash,PEUGEOT,108,1,0,0.0
2026-07-10T14:26:26,cash,PEUGEOT,2008,34,0,0.0
2026-07-10T14:26:26,cash,PEUGEOT,208,11,0,0.0
2026-07-10T14:26:26,cash,PEUGEOT,3008,54,0,0.0
2026-07-10T14:26:26,cash,PEUGEOT,308,11,0,0.0
2026-07-10T14:26:26,cash,PEUGEOT,308 SW,5,0,0.0
2026-07-10T14:26:26,cash,PEUGEOT,5008,23,0,0.0
2026-07-10T14:26:26,cash,PEUGEOT,E-2008,5,5,1.0
2026-07-10T14:26:26,cash,PEUGEOT,E-208,3,3,1.0
2026-07-10T14:26:26,cash,PEUGEOT,E-308,1,1,1.0
2026-07-10T14:26:26,cash,PEUGEOT,EXPERT,6,0,0.0
2026-07-10T14:26:26,cash,PEUGEOT,PARTNER,9,0,0.0
2026-07-10T14:26:26,cash,RENAULT,ARKANA,15,0,0.0
2026-07-10T14:26:26,cash,RENAULT,AUSTRAL,4,0,0.0
2026-07-10T14:26:26,cash,RENAULT,CAPTUR,25,0,0.0
2026-07-10T14:26:26,cash,RENAULT,CLIO,27,0,0.0
2026-07-10T14:26:26,cash,RENAULT,ESPACE,1,0,0.0
2026-07-10T14:26:26,cash,RENAULT,EXPRESS,24,0,0.0
2026-07-10T14:26:26,cash,RENAULT,KADJAR,2,0,0.0
2026-07-10T14:26:26,cash,RENAULT,KANGOO,3,0,0.0
2026-07-10T14:26:26,cash,RENAULT,KANGOO EXPRESS,1,0,0.0
2026-07-10T14:26:26,cash,RENAULT,MASTER,1,0,0.0
2026-07-10T14:26:26,cash,RENAULT,MEGANE,25,0,0.0
2026-07-10T14:26:26,cash,RENAULT,MEGANE E-TECH,2,2,1.0
2026-07-10T14:26:26,cash,RENAULT,SCENIC,7,0,0.0
2026-07-10T14:26:26,cash,RENAULT,SYMBIOZ,1,0,0.0
2026-07-10T14:26:26,cash,RENAULT,TRAFIC,10,0,0.0
2026-07-10T14:26:26,cash,RENAULT,TWINGO,1,0,0.0
2026-07-10T14:26:26,cash,SEAT,ARONA,1,0,0.0
2026-07-10T14:26:26,cash,SEAT,TARRACO,1,0,0.0
2026-07-10T14:26:26,cash,SKODA,FABIA,7,0,0.0
2026-07-10T14:26:26,cash,SKODA,KAMIQ,6,0,0.0
2026-07-10T14:26:26,cash,SKODA,KAROQ,2,0,0.0
2026-07-10T14:26:26,cash,SKODA,KODIAQ,4,0,0.0
2026-07-10T14:26:26,cash,SMART,1,1,1,1.0
2026-07-10T14:26:26,cash,SUZUKI,VITARA,1,0,0.0
2026-07-10T14:26:26,cash,TESLA,MODEL 3,6,6,1.0
2026-07-10T14:26:26,cash,TESLA,MODEL Y,7,7,1.0
2026-07-10T14:26:26,cash,TOYOTA,AYGO X,3,0,0.0
2026-07-10T14:26:26,cash,TOYOTA,C-HR,6,0,0.0
2026-07-10T14:26:26,cash,TOYOTA,COROLLA,4,0,0.0
2026-07-10T14:26:26,cash,TOYOTA,COROLLA TS,7,0,0.0
2026-07-10T14:26:26,cash,TOYOTA,PROACE CITY,1,0,0.0
2026-07-10T14:26:26,cash,TOYOTA,RAV4 HSD,3,0,0.0
2026-07-10T14:26:26,cash,TOYOTA,RAV4 PLUG IN,5,0,0.0
2026-07-10T14:26:26,cash,TOYOTA,YARIS,4,0,0.0
2026-07-10T14:26:26,cash,TOYOTA,YARIS CROSS,1,0,0.0
2026-07-10T14:26:26,cash,TOYOTA,YARIS HYBRID,3,0,0.0
2026-07-10T14:26:26,cash,VOLKSWAGEN,GOLF,12,0,0.0
2026-07-10T14:26:26,cash,VOLKSWAGEN,POLO,5,0,0.0
2026-07-10T14:26:26,cash,VOLKSWAGEN,T-ROC,6,0,0.0
2026-07-10T14:26:26,cash,VOLKSWAGEN,TAIGO,2,0,0.0
2026-07-10T14:26:26,cash,VOLKSWAGEN,TIGUAN,4,0,0.0
2026-07-10T14:26:26,cash,VOLKSWAGEN,TIGUAN ALLSPACE,4,0,0.0
2026-07-10T14:26:26,cash,VOLKSWAGEN,TOURAN,3,0,0.0
2026-07-10T14:26:26,cash,VOLKSWAGEN,TRANSPORTER,1,0,0.0
2026-07-11T08:45:46,leasing,AUDI,A3 SPORTBACK,6,0,0.0
2026-07-11T08:45:46,leasing,AUDI,Q5,1,0,0.0
2026-07-11T08:45:46,leasing,BMW,IX3,1,1,1.0
2026-07-11T08:45:46,leasing,BMW,SERIE 1,11,0,0.0
2026-07-11T08:45:46,leasing,BMW,SERIE 2,1,0,0.0
2026-07-11T08:45:46,leasing,BMW,SERIE 2 ACTIVE TOURE,1,0,0.0
2026-07-11T08:45:46,leasing,BMW,SERIE 3,1,0,0.0
2026-07-11T08:45:46,leasing,BMW,SERIE 4 GC,2,0,0.0
2026-07-11T08:45:46,leasing,BMW,X1,10,0,0.0
2026-07-11T08:45:46,leasing,BMW,X2,2,0,0.0
2026-07-11T08:45:46,leasing,BMW,X3,6,0,0.0
2026-07-11T08:45:46,leasing,CITROEN,BERLINGO,10,0,0.0
2026-07-11T08:45:46,leasing,CITROEN,C3,11,0,0.0
2026-07-11T08:45:46,leasing,CITROEN,C3 AIRCROSS,9,0,0.0
2026-07-11T08:45:46,leasing,CITROEN,C4,3,0,0.0
2026-07-11T08:45:46,leasing,CITROEN,C5 AIRCROSS,13,0,0.0
2026-07-11T08:45:46,leasing,CITROEN,C5 X,5,0,0.0
2026-07-11T08:45:46,leasing,CITROEN,GRAND C4 SPACETOURER,1,0,0.0
2026-07-11T08:45:46,leasing,CITROEN,JUMPER,1,0,0.0
2026-07-11T08:45:46,leasing,CITROEN,JUMPY,6,0,0.0
2026-07-11T08:45:46,leasing,DACIA,SANDERO,1,0,0.0
2026-07-11T08:45:46,leasing,DS,DS3,1,0,0.0
2026-07-11T08:45:46,leasing,DS,DS3 CROSSBACK,3,2,0.6667
2026-07-11T08:45:46,leasing,DS,DS4,1,0,0.0
2026-07-11T08:45:46,leasing,DS,DS7,2,0,0.0
2026-07-11T08:45:46,leasing,FIAT,500,3,0,0.0
2026-07-11T08:45:46,leasing,FORD,KUGA,8,0,0.0
2026-07-11T08:45:46,leasing,FORD,PUMA,3,0,0.0
2026-07-11T08:45:46,leasing,HYUNDAI,IONIQ,1,1,1.0
2026-07-11T08:45:46,leasing,HYUNDAI,TUCSON,13,0,0.0
2026-07-11T08:45:46,leasing,JEEP,AVENGER,2,2,1.0
2026-07-11T08:45:46,leasing,KIA,CEED,6,0,0.0
2026-07-11T08:45:46,leasing,KIA,E-NIRO,1,1,1.0
2026-07-11T08:45:46,leasing,KIA,EV6,1,1,1.0
2026-07-11T08:45:46,leasing,KIA,NIRO,1,0,0.0
2026-07-11T08:45:46,leasing,KIA,NIRO EV,5,5,1.0
2026-07-11T08:45:46,leasing,KIA,PICANTO,1,0,0.0
2026-07-11T08:45:46,leasing,KIA,PROCEED,1,0,0.0
2026-07-11T08:45:46,leasing,KIA,SPORTAGE,10,0,0.0
2026-07-11T08:45:46,leasing,KIA,STONIC,15,0,0.0
2026-07-11T08:45:46,leasing,KIA,XCEED,1,0,0.0
2026-07-11T08:45:46,leasing,MAZDA,CX-5,1,0,0.0
2026-07-11T08:45:46,leasing,MERCEDES-BENZ,CLA COUPE,1,0,0.0
2026-07-11T08:45:46,leasing,MERCEDES-BENZ,CLASSE A,4,0,0.0
2026-07-11T08:45:46,leasing,MERCEDES-BENZ,CLASSE CLA,3,0,0.0
2026-07-11T08:45:46,leasing,MERCEDES-BENZ,CLASSE GLA,1,0,0.0
2026-07-11T08:45:46,leasing,MINI,COUNTRYMAN,2,0,0.0
2026-07-11T08:45:46,leasing,NISSAN,LEAF,1,1,1.0
2026-07-11T08:45:46,leasing,NISSAN,QASHQAI,10,0,0.0
2026-07-11T08:45:46,leasing,NISSAN,X-TRAIL,2,0,0.0
2026-07-11T08:45:46,leasing,OPEL,ASTRA,1,0,0.0
2026-07-11T08:45:46,leasing,OPEL,CORSA,4,0,0.0
2026-07-11T08:45:46,leasing,OPEL,CROSSLAND,3,0,0.0
2026-07-11T08:45:46,leasing,OPEL,E-CORSA,1,1,1.0
2026-07-11T08:45:46,leasing,OPEL,GRANDLAND,3,0,0.0
2026-07-11T08:45:46,leasing,PEUGEOT,2008,30,0,0.0
2026-07-11T08:45:46,leasing,PEUGEOT,208,9,0,0.0
2026-07-11T08:45:46,leasing,PEUGEOT,3008,47,0,0.0
2026-07-11T08:45:46,leasing,PEUGEOT,308,9,0,0.0
2026-07-11T08:45:46,leasing,PEUGEOT,308 SW,5,0,0.0
2026-07-11T08:45:46,leasing,PEUGEOT,5008,23,0,0.0
2026-07-11T08:45:46,leasing,PEUGEOT,E-2008,6,6,1.0
2026-07-11T08:45:46,leasing,PEUGEOT,E-208,1,1,1.0
2026-07-11T08:45:46,leasing,PEUGEOT,EXPERT,7,0,0.0
2026-07-11T08:45:46,leasing,PEUGEOT,PARTNER,7,0,0.0
2026-07-11T08:45:46,leasing,RENAULT,ARKANA,15,0,0.0
2026-07-11T08:45:46,leasing,RENAULT,AUSTRAL,4,0,0.0
2026-07-11T08:45:46,leasing,RENAULT,CAPTUR,21,0,0.0
2026-07-11T08:45:46,leasing,RENAULT,CLIO,20,0,0.0
2026-07-11T08:45:46,leasing,RENAULT,ESPACE,1,0,0.0
2026-07-11T08:45:46,leasing,RENAULT,EXPRESS,24,0,0.0
2026-07-11T08:45:46,leasing,RENAULT,KADJAR,1,0,0.0
2026-07-11T08:45:46,leasing,RENAULT,KANGOO,3,0,0.0
2026-07-11T08:45:46,leasing,RENAULT,KANGOO EXPRESS,1,0,0.0
2026-07-11T08:45:46,leasing,RENAULT,MASTER,1,0,0.0
2026-07-11T08:45:46,leasing,RENAULT,MEGANE,19,0,0.0
2026-07-11T08:45:46,leasing,RENAULT,MEGANE E-TECH,2,2,1.0
2026-07-11T08:45:46,leasing,RENAULT,SCENIC,8,0,0.0
2026-07-11T08:45:46,leasing,RENAULT,TRAFIC,10,0,0.0
2026-07-11T08:45:46,leasing,SEAT,ARONA,1,0,0.0
2026-07-11T08:45:46,leasing,SEAT,TARRACO,1,0,0.0
2026-07-11T08:45:46,leasing,SKODA,FABIA,7,0,0.0
2026-07-11T08:45:46,leasing,SKODA,KAMIQ,6,0,0.0
2026-07-11T08:45:46,leasing,SKODA,KAROQ,3,0,0.0
2026-07-11T08:45:46,leasing,SKODA,KODIAQ,4,0,0.0
2026-07-11T08:45:46,leasing,SUZUKI,VITARA,1,0,0.0
2026-07-11T08:45:46,leasing,TESLA,MODEL 3,5,5,1.0
2026-07-11T08:45:46,leasing,TESLA,MODEL Y,7,7,1.0
2026-07-11T08:45:46,leasing,TOYOTA,AYGO X,3,0,0.0
2026-07-11T08:45:46,leasing,TOYOTA,C-HR,6,0,0.0
2026-07-11T08:45:46,leasing,TOYOTA,COROLLA,3,0,0.0
2026-07-11T08:45:46,leasing,TOYOTA,COROLLA TS,9,0,0.0
2026-07-11T08:45:46,leasing,TOYOTA,PROACE CITY,1,0,0.0
2026-07-11T08:45:46,leasing,TOYOTA,RAV4 HSD,3,0,0.0
2026-07-11T08:45:46,leasing,TOYOTA,RAV4 PLUG IN,5,0,0.0
2026-07-11T08:45:46,leasing,TOYOTA,YARIS,4,0,0.0
2026-07-11T08:45:46,leasing,TOYOTA,YARIS CROSS,1,0,0.0
2026-07-11T08:45:46,leasing,TOYOTA,YARIS HYBRID,3,0,0.0
2026-07-11T08:45:46,leasing,VOLKSWAGEN,GOLF,11,0,0.0
2026-07-11T08:45:46,leasing,VOLKSWAGEN,POLO,5,0,0.0
2026-07-11T08:45:46,leasing,VOLKSWAGEN,T-ROC,4,0,0.0
2026-07-11T08:45:46,leasing,VOLKSWAGEN,TAIGO,1,0,0.0
2026-07-11T08:45:46,leasing,VOLKSWAGEN,TIGUAN,3,0,0.0
2026-07-11T08:45:46,leasing,VOLKSWAGEN,TIGUAN ALLSPACE,2,0,0.0
2026-07-11T08:45:46,leasing,VOLKSWAGEN,TOURAN,3,0,0.0
2026-07-11T08:45:46,leasing,VOLKSWAGEN,TRANSPORTER,1,0,0.0
2026-07-11T08:45:46,cash,AUDI,A3 SPORTBACK,7,0,0.0
2026-07-11T08:45:46,cash,AUDI,Q5,1,0,0.0
2026-07-11T08:45:46,cash,BMW,IX3,1,1,1.0
2026-07-11T08:45:46,cash,BMW,SERIE 1,11,0,0.0
2026-07-11T08:45:46,cash,BMW,SERIE 2,1,0,0.0
2026-07-11T08:45:46,cash,BMW,SERIE 2 ACTIVE TOURE,1,0,0.0
2026-07-11T08:45:46,cash,BMW,SERIE 3,1,0,0.0
2026-07-11T08:45:46,cash,BMW,SERIE 4 GC,2,0,0.0
2026-07-11T08:45:46,cash,BMW,X1,12,0,0.0
2026-07-11T08:45:46,cash,BMW,X2,2,0,0.0
2026-07-11T08:45:46,cash,BMW,X3,7,0,0.0
2026-07-11T08:45:46,cash,BMW,X5,1,0,0.0
2026-07-11T08:45:46,cash,CITROEN,BERLINGO,12,0,0.0
2026-07-11T08:45:46,cash,CITROEN,C3,15,0,0.0
2026-07-11T08:45:46,cash,CITROEN,C3 AIRCROSS,9,0,0.0
2026-07-11T08:45:46,cash,CITROEN,C4,3,0,0.0
2026-07-11T08:45:46,cash,CITROEN,C4 SPACETOURER,1,0,0.0
2026-07-11T08:45:46,cash,CITROEN,C5 AIRCROSS,13,0,0.0
2026-07-11T08:45:46,cash,CITROEN,C5 X,5,0,0.0
2026-07-11T08:45:46,cash,CITROEN,E-C4,1,1,1.0
2026-07-11T08:45:46,cash,CITROEN,GRAND C4 SPACETOURER,1,0,0.0
2026-07-11T08:45:46,cash,CITROEN,JUMPER,1,0,0.0
2026-07-11T08:45:46,cash,CITROEN,JUMPY,7,0,0.0
2026-07-11T08:45:46,cash,DACIA,SANDERO,1,0,0.0
2026-07-11T08:45:46,cash,DS,DS3,1,0,0.0
2026-07-11T08:45:46,cash,DS,DS3 CROSSBACK,3,2,0.6667
2026-07-11T08:45:46,cash,DS,DS4,1,0,0.0
2026-07-11T08:45:46,cash,DS,DS7,2,0,0.0
2026-07-11T08:45:46,cash,FIAT,500,3,0,0.0
2026-07-11T08:45:46,cash,FORD,KUGA,9,0,0.0
2026-07-11T08:45:46,cash,FORD,PUMA,4,0,0.0
2026-07-11T08:45:46,cash,FORD,TRANSIT CUSTOM,1,0,0.0
2026-07-11T08:45:46,cash,HYUNDAI,IONIQ,1,1,1.0
2026-07-11T08:45:46,cash,HYUNDAI,TUCSON,13,0,0.0
2026-07-11T08:45:46,cash,JEEP,AVENGER,2,2,1.0
2026-07-11T08:45:46,cash,KIA,CEED,6,0,0.0
2026-07-11T08:45:46,cash,KIA,E-NIRO,1,1,1.0
2026-07-11T08:45:46,cash,KIA,EV6,1,1,1.0
2026-07-11T08:45:46,cash,KIA,NIRO,1,0,0.0
2026-07-11T08:45:46,cash,KIA,NIRO EV,5,5,1.0
2026-07-11T08:45:46,cash,KIA,PICANTO,1,0,0.0
2026-07-11T08:45:46,cash,KIA,PROCEED,1,0,0.0
2026-07-11T08:45:46,cash,KIA,SPORTAGE,12,0,0.0
2026-07-11T08:45:46,cash,KIA,STONIC,15,0,0.0
2026-07-11T08:45:46,cash,KIA,XCEED,1,0,0.0
2026-07-11T08:45:46,cash,MAZDA,CX-5,1,0,0.0
2026-07-11T08:45:46,cash,MAZDA,MAZDA3,1,0,0.0
2026-07-11T08:45:46,cash,MERCEDES-BENZ,CLA COUPE,1,0,0.0
2026-07-11T08:45:46,cash,MERCEDES-BENZ,CLASSE A,6,0,0.0
2026-07-11T08:45:46,cash,MERCEDES-BENZ,CLASSE CLA,3,0,0.0
2026-07-11T08:45:46,cash,MERCEDES-BENZ,CLASSE GLA,1,0,0.0
2026-07-11T08:45:46,cash,MERCEDES-BENZ,GLB,1,0,0.0
2026-07-11T08:45:46,cash,MINI,COUNTRYMAN,2,0,0.0
2026-07-11T08:45:46,cash,MINI,MINI,2,0,0.0
2026-07-11T08:45:46,cash,NISSAN,LEAF,1,1,1.0
2026-07-11T08:45:46,cash,NISSAN,QASHQAI,11,0,0.0
2026-07-11T08:45:46,cash,NISSAN,X-TRAIL,2,0,0.0
2026-07-11T08:45:46,cash,OPEL,ASTRA,1,0,0.0
2026-07-11T08:45:46,cash,OPEL,CORSA,4,0,0.0
2026-07-11T08:45:46,cash,OPEL,CROSSLAND,3,0,0.0
2026-07-11T08:45:46,cash,OPEL,E-CORSA,1,1,1.0
2026-07-11T08:45:46,cash,OPEL,GRANDLAND,3,0,0.0
2026-07-11T08:45:46,cash,OPEL,GRANDLAND X,1,0,0.0
2026-07-11T08:45:46,cash,PEUGEOT,108,1,0,0.0
2026-07-11T08:45:46,cash,PEUGEOT,2008,34,0,0.0
2026-07-11T08:45:46,cash,PEUGEOT,208,12,0,0.0
2026-07-11T08:45:46,cash,PEUGEOT,3008,54,0,0.0
2026-07-11T08:45:46,cash,PEUGEOT,308,10,0,0.0
2026-07-11T08:45:46,cash,PEUGEOT,308 SW,5,0,0.0
2026-07-11T08:45:46,cash,PEUGEOT,5008,24,0,0.0
2026-07-11T08:45:46,cash,PEUGEOT,E-2008,6,6,1.0
2026-07-11T08:45:46,cash,PEUGEOT,E-208,3,3,1.0
2026-07-11T08:45:46,cash,PEUGEOT,E-308,1,1,1.0
2026-07-11T08:45:46,cash,PEUGEOT,EXPERT,7,0,0.0
2026-07-11T08:45:46,cash,PEUGEOT,PARTNER,9,0,0.0
2026-07-11T08:45:46,cash,RENAULT,ARKANA,15,0,0.0
2026-07-11T08:45:46,cash,RENAULT,AUSTRAL,4,0,0.0
2026-07-11T08:45:46,cash,RENAULT,CAPTUR,25,0,0.0
2026-07-11T08:45:46,cash,RENAULT,CLIO,28,0,0.0
2026-07-11T08:45:46,cash,RENAULT,ESPACE,1,0,0.0
2026-07-11T08:45:46,cash,RENAULT,EXPRESS,24,0,0.0
2026-07-11T08:45:46,cash,RENAULT,KADJAR,2,0,0.0
2026-07-11T08:45:46,cash,RENAULT,KANGOO,3,0,0.0
2026-07-11T08:45:46,cash,RENAULT,KANGOO EXPRESS,1,0,0.0
2026-07-11T08:45:46,cash,RENAULT,MASTER,1,0,0.0
2026-07-11T08:45:46,cash,RENAULT,MEGANE,25,0,0.0
2026-07-11T08:45:46,cash,RENAULT,MEGANE E-TECH,2,2,1.0
2026-07-11T08:45:46,cash,RENAULT,SCENIC,8,0,0.0
2026-07-11T08:45:46,cash,RENAULT,SYMBIOZ,1,0,0.0
2026-07-11T08:45:46,cash,RENAULT,TRAFIC,10,0,0.0
2026-07-11T08:45:46,cash,RENAULT,TWINGO,1,0,0.0
2026-07-11T08:45:46,cash,SEAT,ARONA,1,0,0.0
2026-07-11T08:45:46,cash,SEAT,TARRACO,1,0,0.0
2026-07-11T08:45:46,cash,SKODA,FABIA,7,0,0.0
2026-07-11T08:45:46,cash,SKODA,KAMIQ,6,0,0.0
2026-07-11T08:45:46,cash,SKODA,KAROQ,3,0,0.0
2026-07-11T08:45:46,cash,SKODA,KODIAQ,4,0,0.0
2026-07-11T08:45:46,cash,SMART,1,1,1,1.0
2026-07-11T08:45:46,cash,SUZUKI,VITARA,1,0,0.0
2026-07-11T08:45:46,cash,TESLA,MODEL 3,6,6,1.0
2026-07-11T08:45:46,cash,TESLA,MODEL Y,7,7,1.0
2026-07-11T08:45:46,cash,TOYOTA,AYGO X,3,0,0.0
2026-07-11T08:45:46,cash,TOYOTA,C-HR,7,0,0.0
2026-07-11T08:45:46,cash,TOYOTA,COROLLA,4,0,0.0
2026-07-11T08:45:46,cash,TOYOTA,COROLLA TS,9,0,0.0
2026-07-11T08:45:46,cash,TOYOTA,PROACE CITY,1,0,0.0
2026-07-11T08:45:46,cash,TOYOTA,RAV4 HSD,3,0,0.0
2026-07-11T08:45:46,cash,TOYOTA,RAV4 PLUG IN,5,0,0.0
2026-07-11T08:45:46,cash,TOYOTA,YARIS,4,0,0.0
2026-07-11T08:45:46,cash,TOYOTA,YARIS CROSS,1,0,0.0
2026-07-11T08:45:46,cash,TOYOTA,YARIS HYBRID,3,0,0.0
2026-07-11T08:45:46,cash,VOLKSWAGEN,GOLF,12,0,0.0
2026-07-11T08:45:46,cash,VOLKSWAGEN,POLO,5,0,0.0
2026-07-11T08:45:46,cash,VOLKSWAGEN,T-ROC,6,0,0.0
2026-07-11T08:45:46,cash,VOLKSWAGEN,TAIGO,2,0,0.0
2026-07-11T08:45:46,cash,VOLKSWAGEN,TIGUAN,4,0,0.0
2026-07-11T08:45:46,cash,VOLKSWAGEN,TIGUAN ALLSPACE,4,0,0.0
2026-07-11T08:45:46,cash,VOLKSWAGEN,TOURAN,3,0,0.0
2026-07-11T08:45:46,cash,VOLKSWAGEN,TRANSPORTER,1,0,0.0
2026-07-12T09:00:44,leasing,AUDI,A3 SPORTBACK,6,0,0.0
2026-07-12T09:00:44,leasing,AUDI,Q5,1,0,0.0
2026-07-12T09:00:44,leasing,BMW,IX3,1,1,1.0
2026-07-12T09:00:44,leasing,BMW,SERIE 1,10,0,0.0
2026-07-12T09:00:44,leasing,BMW,SERIE 2,1,0,0.0
2026-07-12T09:00:44,leasing,BMW,SERIE 2 ACTIVE TOURE,1,0,0.0
2026-07-12T09:00:44,leasing,BMW,SERIE 3,1,0,0.0
2026-07-12T09:00:44,leasing,BMW,SERIE 4 GC,2,0,0.0
2026-07-12T09:00:44,leasing,BMW,X1,9,0,0.0
2026-07-12T09:00:44,leasing,BMW,X2,2,0,0.0
2026-07-12T09:00:44,leasing,BMW,X3,5,0,0.0
2026-07-12T09:00:44,leasing,CITROEN,BERLINGO,9,0,0.0
2026-07-12T09:00:44,leasing,CITROEN,C3,11,0,0.0
2026-07-12T09:00:44,leasing,CITROEN,C3 AIRCROSS,9,0,0.0
2026-07-12T09:00:44,leasing,CITROEN,C4,3,0,0.0
2026-07-12T09:00:44,leasing,CITROEN,C5 AIRCROSS,13,0,0.0
2026-07-12T09:00:44,leasing,CITROEN,C5 X,5,0,0.0
2026-07-12T09:00:44,leasing,CITROEN,GRAND C4 SPACETOURER,1,0,0.0
2026-07-12T09:00:44,leasing,CITROEN,JUMPER,1,0,0.0
2026-07-12T09:00:44,leasing,CITROEN,JUMPY,5,0,0.0
2026-07-12T09:00:44,leasing,DACIA,SANDERO,1,0,0.0
2026-07-12T09:00:44,leasing,DS,DS3,1,0,0.0
2026-07-12T09:00:44,leasing,DS,DS3 CROSSBACK,3,2,0.6667
2026-07-12T09:00:44,leasing,DS,DS4,1,0,0.0
2026-07-12T09:00:44,leasing,DS,DS7,2,0,0.0
2026-07-12T09:00:44,leasing,FIAT,500,3,0,0.0
2026-07-12T09:00:44,leasing,FORD,KUGA,8,0,0.0
2026-07-12T09:00:44,leasing,FORD,PUMA,3,0,0.0
2026-07-12T09:00:44,leasing,HYUNDAI,IONIQ,1,1,1.0
2026-07-12T09:00:44,leasing,HYUNDAI,SANTA FE,1,0,0.0
2026-07-12T09:00:44,leasing,HYUNDAI,TUCSON,12,0,0.0
2026-07-12T09:00:44,leasing,JEEP,AVENGER,2,2,1.0
2026-07-12T09:00:44,leasing,KIA,CEED,6,0,0.0
2026-07-12T09:00:44,leasing,KIA,E-NIRO,1,1,1.0
2026-07-12T09:00:44,leasing,KIA,NIRO,1,0,0.0
2026-07-12T09:00:44,leasing,KIA,NIRO EV,5,5,1.0
2026-07-12T09:00:44,leasing,KIA,PICANTO,1,0,0.0
2026-07-12T09:00:44,leasing,KIA,PROCEED,1,0,0.0
2026-07-12T09:00:44,leasing,KIA,SORENTO,1,0,0.0
2026-07-12T09:00:44,leasing,KIA,SPORTAGE,9,0,0.0
2026-07-12T09:00:44,leasing,KIA,STONIC,14,0,0.0
2026-07-12T09:00:44,leasing,KIA,XCEED,1,0,0.0
2026-07-12T09:00:44,leasing,MAZDA,CX-5,1,0,0.0
2026-07-12T09:00:44,leasing,MERCEDES-BENZ,CLA COUPE,1,0,0.0
2026-07-12T09:00:44,leasing,MERCEDES-BENZ,CLASSE A,5,0,0.0
2026-07-12T09:00:44,leasing,MERCEDES-BENZ,CLASSE CLA,3,0,0.0
2026-07-12T09:00:44,leasing,MERCEDES-BENZ,CLASSE GLA,1,0,0.0
2026-07-12T09:00:44,leasing,MINI,COUNTRYMAN,2,0,0.0
2026-07-12T09:00:44,leasing,NISSAN,LEAF,1,1,1.0
2026-07-12T09:00:44,leasing,NISSAN,QASHQAI,9,0,0.0
2026-07-12T09:00:44,leasing,NISSAN,X-TRAIL,3,0,0.0
2026-07-12T09:00:44,leasing,OPEL,ASTRA,1,0,0.0
2026-07-12T09:00:44,leasing,OPEL,CORSA,4,0,0.0
2026-07-12T09:00:44,leasing,OPEL,CROSSLAND,3,0,0.0
2026-07-12T09:00:44,leasing,OPEL,E-CORSA,1,1,1.0
2026-07-12T09:00:44,leasing,OPEL,GRANDLAND,2,0,0.0
2026-07-12T09:00:44,leasing,PEUGEOT,2008,30,0,0.0
2026-07-12T09:00:44,leasing,PEUGEOT,208,9,0,0.0
2026-07-12T09:00:44,leasing,PEUGEOT,3008,48,0,0.0
2026-07-12T09:00:44,leasing,PEUGEOT,308,9,0,0.0
2026-07-12T09:00:44,leasing,PEUGEOT,308 SW,5,0,0.0
2026-07-12T09:00:44,leasing,PEUGEOT,5008,21,0,0.0
2026-07-12T09:00:44,leasing,PEUGEOT,E-2008,6,6,1.0
2026-07-12T09:00:44,leasing,PEUGEOT,E-208,3,3,1.0
2026-07-12T09:00:44,leasing,PEUGEOT,EXPERT,6,0,0.0
2026-07-12T09:00:44,leasing,PEUGEOT,PARTNER,7,0,0.0
2026-07-12T09:00:44,leasing,RENAULT,ARKANA,15,0,0.0
2026-07-12T09:00:44,leasing,RENAULT,AUSTRAL,5,0,0.0
2026-07-12T09:00:44,leasing,RENAULT,CAPTUR,20,0,0.0
2026-07-12T09:00:44,leasing,RENAULT,CLIO,23,0,0.0
2026-07-12T09:00:44,leasing,RENAULT,ESPACE,2,0,0.0
2026-07-12T09:00:44,leasing,RENAULT,EXPRESS,24,0,0.0
2026-07-12T09:00:44,leasing,RENAULT,KADJAR,1,0,0.0
2026-07-12T09:00:44,leasing,RENAULT,KANGOO,3,0,0.0
2026-07-12T09:00:44,leasing,RENAULT,KANGOO EXPRESS,1,0,0.0
2026-07-12T09:00:44,leasing,RENAULT,MASTER,1,0,0.0
2026-07-12T09:00:44,leasing,RENAULT,MEGANE,19,0,0.0
2026-07-12T09:00:44,leasing,RENAULT,MEGANE E-TECH,2,2,1.0
2026-07-12T09:00:44,leasing,RENAULT,SCENIC,8,0,0.0
2026-07-12T09:00:44,leasing,RENAULT,TRAFIC,10,0,0.0
2026-07-12T09:00:44,leasing,SEAT,TARRACO,1,0,0.0
2026-07-12T09:00:44,leasing,SKODA,FABIA,7,0,0.0
2026-07-12T09:00:44,leasing,SKODA,KAMIQ,6,0,0.0
2026-07-12T09:00:44,leasing,SKODA,KAROQ,3,0,0.0
2026-07-12T09:00:44,leasing,SKODA,KODIAQ,4,0,0.0
2026-07-12T09:00:44,leasing,SUZUKI,VITARA,1,0,0.0
2026-07-12T09:00:44,leasing,TESLA,MODEL 3,5,5,1.0
2026-07-12T09:00:44,leasing,TESLA,MODEL Y,7,7,1.0
2026-07-12T09:00:44,leasing,TOYOTA,AYGO X,3,0,0.0
2026-07-12T09:00:44,leasing,TOYOTA,C-HR,6,0,0.0
2026-07-12T09:00:44,leasing,TOYOTA,COROLLA,3,0,0.0
2026-07-12T09:00:44,leasing,TOYOTA,COROLLA TS,10,0,0.0
2026-07-12T09:00:44,leasing,TOYOTA,PROACE CITY,1,0,0.0
2026-07-12T09:00:44,leasing,TOYOTA,RAV4 HSD,3,0,0.0
2026-07-12T09:00:44,leasing,TOYOTA,RAV4 PLUG IN,5,0,0.0
2026-07-12T09:00:44,leasing,TOYOTA,YARIS,4,0,0.0
2026-07-12T09:00:44,leasing,TOYOTA,YARIS CROSS,2,0,0.0
2026-07-12T09:00:44,leasing,TOYOTA,YARIS HYBRID,3,0,0.0
2026-07-12T09:00:44,leasing,VOLKSWAGEN,GOLF,11,0,0.0
2026-07-12T09:00:44,leasing,VOLKSWAGEN,POLO,5,0,0.0
2026-07-12T09:00:44,leasing,VOLKSWAGEN,T-ROC,4,0,0.0
2026-07-12T09:00:44,leasing,VOLKSWAGEN,TAIGO,1,0,0.0
2026-07-12T09:00:44,leasing,VOLKSWAGEN,TIGUAN,3,0,0.0
2026-07-12T09:00:44,leasing,VOLKSWAGEN,TIGUAN ALLSPACE,2,0,0.0
2026-07-12T09:00:44,leasing,VOLKSWAGEN,TOURAN,3,0,0.0
2026-07-12T09:00:44,leasing,VOLKSWAGEN,TRANSPORTER,1,0,0.0
2026-07-12T09:00:44,cash,AUDI,A3 SPORTBACK,7,0,0.0
2026-07-12T09:00:44,cash,AUDI,Q5,1,0,0.0
2026-07-12T09:00:44,cash,BMW,IX3,1,1,1.0
2026-07-12T09:00:44,cash,BMW,SERIE 1,10,0,0.0
2026-07-12T09:00:44,cash,BMW,SERIE 2,1,0,0.0
2026-07-12T09:00:44,cash,BMW,SERIE 2 ACTIVE TOURE,1,0,0.0
2026-07-12T09:00:44,cash,BMW,SERIE 3,1,0,0.0
2026-07-12T09:00:44,cash,BMW,SERIE 4 GC,2,0,0.0
2026-07-12T09:00:44,cash,BMW,X1,11,0,0.0
2026-07-12T09:00:44,cash,BMW,X2,2,0,0.0
2026-07-12T09:00:44,cash,BMW,X3,6,0,0.0
2026-07-12T09:00:44,cash,BMW,X5,1,0,0.0
2026-07-12T09:00:44,cash,CITROEN,BERLINGO,11,0,0.0
2026-07-12T09:00:44,cash,CITROEN,C3,15,0,0.0
2026-07-12T09:00:44,cash,CITROEN,C3 AIRCROSS,9,0,0.0
2026-07-12T09:00:44,cash,CITROEN,C4,3,0,0.0
2026-07-12T09:00:44,cash,CITROEN,C4 SPACETOURER,1,0,0.0
2026-07-12T09:00:44,cash,CITROEN,C5 AIRCROSS,13,0,0.0
2026-07-12T09:00:44,cash,CITROEN,C5 X,5,0,0.0
2026-07-12T09:00:44,cash,CITROEN,E-C4,1,1,1.0
2026-07-12T09:00:44,cash,CITROEN,GRAND C4 SPACETOURER,1,0,0.0
2026-07-12T09:00:44,cash,CITROEN,JUMPER,1,0,0.0
2026-07-12T09:00:44,cash,CITROEN,JUMPY,6,0,0.0
2026-07-12T09:00:44,cash,DACIA,SANDERO,1,0,0.0
2026-07-12T09:00:44,cash,DS,DS3,1,0,0.0
2026-07-12T09:00:44,cash,DS,DS3 CROSSBACK,3,2,0.6667
2026-07-12T09:00:44,cash,DS,DS4,1,0,0.0
2026-07-12T09:00:44,cash,DS,DS7,2,0,0.0
2026-07-12T09:00:44,cash,FIAT,500,3,0,0.0
2026-07-12T09:00:44,cash,FORD,KUGA,9,0,0.0
2026-07-12T09:00:44,cash,FORD,PUMA,4,0,0.0
2026-07-12T09:00:44,cash,FORD,TRANSIT CUSTOM,1,0,0.0
2026-07-12T09:00:44,cash,HYUNDAI,IONIQ,1,1,1.0
2026-07-12T09:00:44,cash,HYUNDAI,SANTA FE,1,0,0.0
2026-07-12T09:00:44,cash,HYUNDAI,TUCSON,12,0,0.0
2026-07-12T09:00:44,cash,JEEP,AVENGER,2,2,1.0
2026-07-12T09:00:44,cash,KIA,CEED,6,0,0.0
2026-07-12T09:00:44,cash,KIA,E-NIRO,1,1,1.0
2026-07-12T09:00:44,cash,KIA,NIRO,1,0,0.0
2026-07-12T09:00:44,cash,KIA,NIRO EV,5,5,1.0
2026-07-12T09:00:44,cash,KIA,PICANTO,1,0,0.0
2026-07-12T09:00:44,cash,KIA,PROCEED,1,0,0.0
2026-07-12T09:00:44,cash,KIA,SORENTO,1,0,0.0
2026-07-12T09:00:44,cash,KIA,SPORTAGE,11,0,0.0
2026-07-12T09:00:44,cash,KIA,STONIC,14,0,0.0
2026-07-12T09:00:44,cash,KIA,XCEED,1,0,0.0
2026-07-12T09:00:44,cash,MAZDA,CX-5,1,0,0.0
2026-07-12T09:00:44,cash,MAZDA,MAZDA3,1,0,0.0
2026-07-12T09:00:44,cash,MERCEDES-BENZ,CLA COUPE,1,0,0.0
2026-07-12T09:00:44,cash,MERCEDES-BENZ,CLASSE A,7,0,0.0
2026-07-12T09:00:44,cash,MERCEDES-BENZ,CLASSE CLA,3,0,0.0
2026-07-12T09:00:44,cash,MERCEDES-BENZ,CLASSE GLA,1,0,0.0
2026-07-12T09:00:44,cash,MERCEDES-BENZ,GLB,1,0,0.0
2026-07-12T09:00:44,cash,MINI,COUNTRYMAN,2,0,0.0
2026-07-12T09:00:44,cash,MINI,MINI,2,0,0.0
2026-07-12T09:00:44,cash,NISSAN,LEAF,1,1,1.0
2026-07-12T09:00:44,cash,NISSAN,QASHQAI,10,0,0.0
2026-07-12T09:00:44,cash,NISSAN,X-TRAIL,3,0,0.0
2026-07-12T09:00:44,cash,OPEL,ASTRA,1,0,0.0
2026-07-12T09:00:44,cash,OPEL,CORSA,4,0,0.0
2026-07-12T09:00:44,cash,OPEL,CROSSLAND,3,0,0.0
2026-07-12T09:00:44,cash,OPEL,E-CORSA,1,1,1.0
2026-07-12T09:00:44,cash,OPEL,GRANDLAND,2,0,0.0
2026-07-12T09:00:44,cash,OPEL,GRANDLAND X,1,0,0.0
2026-07-12T09:00:44,cash,PEUGEOT,108,1,0,0.0
2026-07-12T09:00:44,cash,PEUGEOT,2008,34,0,0.0
2026-07-12T09:00:44,cash,PEUGEOT,208,11,0,0.0
2026-07-12T09:00:44,cash,PEUGEOT,3008,55,0,0.0
2026-07-12T09:00:44,cash,PEUGEOT,308,10,0,0.0
2026-07-12T09:00:44,cash,PEUGEOT,308 SW,5,0,0.0
2026-07-12T09:00:44,cash,PEUGEOT,5008,22,0,0.0
2026-07-12T09:00:44,cash,PEUGEOT,E-2008,6,6,1.0
2026-07-12T09:00:44,cash,PEUGEOT,E-208,5,5,1.0
2026-07-12T09:00:44,cash,PEUGEOT,E-308,1,1,1.0
2026-07-12T09:00:44,cash,PEUGEOT,EXPERT,6,0,0.0
2026-07-12T09:00:44,cash,PEUGEOT,PARTNER,9,0,0.0
2026-07-12T09:00:44,cash,RENAULT,ARKANA,15,0,0.0
2026-07-12T09:00:44,cash,RENAULT,AUSTRAL,5,0,0.0
2026-07-12T09:00:44,cash,RENAULT,CAPTUR,24,0,0.0
2026-07-12T09:00:44,cash,RENAULT,CLIO,31,0,0.0
2026-07-12T09:00:44,cash,RENAULT,ESPACE,2,0,0.0
2026-07-12T09:00:44,cash,RENAULT,EXPRESS,24,0,0.0
2026-07-12T09:00:44,cash,RENAULT,KADJAR,2,0,0.0
2026-07-12T09:00:44,cash,RENAULT,KANGOO,3,0,0.0
2026-07-12T09:00:44,cash,RENAULT,KANGOO EXPRESS,1,0,0.0
2026-07-12T09:00:44,cash,RENAULT,MASTER,1,0,0.0
2026-07-12T09:00:44,cash,RENAULT,MEGANE,25,0,0.0
2026-07-12T09:00:44,cash,RENAULT,MEGANE E-TECH,2,2,1.0
2026-07-12T09:00:44,cash,RENAULT,SCENIC,8,0,0.0
2026-07-12T09:00:44,cash,RENAULT,SYMBIOZ,1,0,0.0
2026-07-12T09:00:44,cash,RENAULT,TRAFIC,10,0,0.0
2026-07-12T09:00:44,cash,RENAULT,TWINGO,1,0,0.0
2026-07-12T09:00:44,cash,SEAT,TARRACO,1,0,0.0
2026-07-12T09:00:44,cash,SKODA,FABIA,7,0,0.0
2026-07-12T09:00:44,cash,SKODA,KAMIQ,6,0,0.0
2026-07-12T09:00:44,cash,SKODA,KAROQ,3,0,0.0
2026-07-12T09:00:44,cash,SKODA,KODIAQ,4,0,0.0
2026-07-12T09:00:44,cash,SMART,1,1,1,1.0
2026-07-12T09:00:44,cash,SUZUKI,VITARA,1,0,0.0
2026-07-12T09:00:44,cash,TESLA,MODEL 3,6,6,1.0
2026-07-12T09:00:44,cash,TESLA,MODEL Y,7,7,1.0
2026-07-12T09:00:44,cash,TOYOTA,AYGO X,3,0,0.0
2026-07-12T09:00:44,cash,TOYOTA,C-HR,7,0,0.0
2026-07-12T09:00:44,cash,TOYOTA,COROLLA,4,0,0.0
2026-07-12T09:00:44,cash,TOYOTA,COROLLA TS,10,0,0.0
2026-07-12T09:00:44,cash,TOYOTA,PROACE CITY,1,0,0.0
2026-07-12T09:00:44,cash,TOYOTA,RAV4 HSD,4,0,0.0
2026-07-12T09:00:44,cash,TOYOTA,RAV4 PLUG IN,5,0,0.0
2026-07-12T09:00:44,cash,TOYOTA,YARIS,4,0,0.0
2026-07-12T09:00:44,cash,TOYOTA,YARIS CROSS,2,0,0.0
2026-07-12T09:00:44,cash,TOYOTA,YARIS HYBRID,3,0,0.0
2026-07-12T09:00:44,cash,VOLKSWAGEN,GOLF,12,0,0.0
2026-07-12T09:00:44,cash,VOLKSWAGEN,POLO,5,0,0.0
2026-07-12T09:00:44,cash,VOLKSWAGEN,T-ROC,6,0,0.0
2026-07-12T09:00:44,cash,VOLKSWAGEN,TAIGO,2,0,0.0
2026-07-12T09:00:44,cash,VOLKSWAGEN,TIGUAN,4,0,0.0
2026-07-12T09:00:44,cash,VOLKSWAGEN,TIGUAN ALLSPACE,4,0,0.0
2026-07-12T09:00:44,cash,VOLKSWAGEN,TOURAN,3,0,0.0
2026-07-12T09:00:44,cash,VOLKSWAGEN,TRANSPORTER,1,0,0.0
2026-07-13T10:44:07,leasing,AUDI,A3 SPORTBACK,6,0,0.0
2026-07-13T10:44:07,leasing,AUDI,Q5,1,0,0.0
2026-07-13T10:44:07,leasing,BMW,IX1,1,1,1.0
2026-07-13T10:44:07,leasing,BMW,IX3,1,1,1.0
2026-07-13T10:44:07,leasing,BMW,SERIE 1,11,0,0.0
2026-07-13T10:44:07,leasing,BMW,SERIE 2 ACTIVE TOURE,1,0,0.0
2026-07-13T10:44:07,leasing,BMW,SERIE 3,1,0,0.0
2026-07-13T10:44:07,leasing,BMW,SERIE 4 GC,2,0,0.0
2026-07-13T10:44:07,leasing,BMW,X1,9,0,0.0
2026-07-13T10:44:07,leasing,BMW,X2,2,0,0.0
2026-07-13T10:44:07,leasing,BMW,X3,5,0,0.0
2026-07-13T10:44:07,leasing,CITROEN,BERLINGO,9,0,0.0
2026-07-13T10:44:07,leasing,CITROEN,C3,11,0,0.0
2026-07-13T10:44:07,leasing,CITROEN,C3 AIRCROSS,9,0,0.0
2026-07-13T10:44:07,leasing,CITROEN,C4,3,0,0.0
2026-07-13T10:44:07,leasing,CITROEN,C5 AIRCROSS,13,0,0.0
2026-07-13T10:44:07,leasing,CITROEN,C5 X,5,0,0.0
2026-07-13T10:44:07,leasing,CITROEN,GRAND C4 SPACETOURER,1,0,0.0
2026-07-13T10:44:07,leasing,CITROEN,JUMPER,1,0,0.0
2026-07-13T10:44:07,leasing,CITROEN,JUMPY,5,0,0.0
2026-07-13T10:44:07,leasing,DACIA,SANDERO,1,0,0.0
2026-07-13T10:44:07,leasing,DS,DS3,1,0,0.0
2026-07-13T10:44:07,leasing,DS,DS3 CROSSBACK,2,1,0.5
2026-07-13T10:44:07,leasing,DS,DS4,1,0,0.0
2026-07-13T10:44:07,leasing,DS,DS7,2,0,0.0
2026-07-13T10:44:07,leasing,FIAT,500,3,0,0.0
2026-07-13T10:44:07,leasing,FORD,KUGA,8,0,0.0
2026-07-13T10:44:07,leasing,FORD,PUMA,3,0,0.0
2026-07-13T10:44:07,leasing,HYUNDAI,IONIQ,1,1,1.0
2026-07-13T10:44:07,leasing,HYUNDAI,SANTA FE,1,0,0.0
2026-07-13T10:44:07,leasing,HYUNDAI,TUCSON,12,0,0.0
2026-07-13T10:44:07,leasing,JEEP,AVENGER,2,2,1.0
2026-07-13T10:44:07,leasing,KIA,CEED,6,0,0.0
2026-07-13T10:44:07,leasing,KIA,E-NIRO,1,1,1.0
2026-07-13T10:44:07,leasing,KIA,NIRO,1,0,0.0
2026-07-13T10:44:07,leasing,KIA,NIRO EV,5,5,1.0
2026-07-13T10:44:07,leasing,KIA,PICANTO,1,0,0.0
2026-07-13T10:44:07,leasing,KIA,PROCEED,1,0,0.0
2026-07-13T10:44:07,leasing,KIA,SORENTO,1,0,0.0
2026-07-13T10:44:07,leasing,KIA,SPORTAGE,9,0,0.0
2026-07-13T10:44:07,leasing,KIA,STONIC,14,0,0.0
2026-07-13T10:44:07,leasing,MAZDA,CX-5,1,0,0.0
2026-07-13T10:44:07,leasing,MERCEDES-BENZ,CLA COUPE,1,0,0.0
2026-07-13T10:44:07,leasing,MERCEDES-BENZ,CLASSE A,5,0,0.0
2026-07-13T10:44:07,leasing,MERCEDES-BENZ,CLASSE CLA,3,0,0.0
2026-07-13T10:44:07,leasing,MERCEDES-BENZ,CLASSE GLA,1,0,0.0
2026-07-13T10:44:07,leasing,MINI,COUNTRYMAN,2,0,0.0
2026-07-13T10:44:07,leasing,NISSAN,LEAF,1,1,1.0
2026-07-13T10:44:07,leasing,NISSAN,QASHQAI,9,0,0.0
2026-07-13T10:44:07,leasing,NISSAN,X-TRAIL,3,0,0.0
2026-07-13T10:44:07,leasing,OPEL,ASTRA,1,0,0.0
2026-07-13T10:44:07,leasing,OPEL,CORSA,4,0,0.0
2026-07-13T10:44:07,leasing,OPEL,CROSSLAND,3,0,0.0
2026-07-13T10:44:07,leasing,OPEL,E-CORSA,1,1,1.0
2026-07-13T10:44:07,leasing,OPEL,GRANDLAND,2,0,0.0
2026-07-13T10:44:07,leasing,PEUGEOT,2008,29,0,0.0
2026-07-13T10:44:07,leasing,PEUGEOT,208,9,0,0.0
2026-07-13T10:44:07,leasing,PEUGEOT,3008,48,0,0.0
2026-07-13T10:44:07,leasing,PEUGEOT,308,9,0,0.0
2026-07-13T10:44:07,leasing,PEUGEOT,308 SW,5,0,0.0
2026-07-13T10:44:07,leasing,PEUGEOT,5008,21,0,0.0
2026-07-13T10:44:07,leasing,PEUGEOT,E-2008,6,6,1.0
2026-07-13T10:44:07,leasing,PEUGEOT,E-208,2,2,1.0
2026-07-13T10:44:07,leasing,PEUGEOT,EXPERT,6,0,0.0
2026-07-13T10:44:07,leasing,PEUGEOT,PARTNER,8,0,0.0
2026-07-13T10:44:07,leasing,RENAULT,ARKANA,15,0,0.0
2026-07-13T10:44:07,leasing,RENAULT,AUSTRAL,5,0,0.0
2026-07-13T10:44:07,leasing,RENAULT,CAPTUR,20,0,0.0
2026-07-13T10:44:07,leasing,RENAULT,CLIO,23,0,0.0
2026-07-13T10:44:07,leasing,RENAULT,ESPACE,2,0,0.0
2026-07-13T10:44:07,leasing,RENAULT,EXPRESS,24,0,0.0
2026-07-13T10:44:07,leasing,RENAULT,KADJAR,1,0,0.0
2026-07-13T10:44:07,leasing,RENAULT,KANGOO,3,0,0.0
2026-07-13T10:44:07,leasing,RENAULT,KANGOO EXPRESS,1,0,0.0
2026-07-13T10:44:07,leasing,RENAULT,MASTER,1,0,0.0
2026-07-13T10:44:07,leasing,RENAULT,MEGANE,20,0,0.0
2026-07-13T10:44:07,leasing,RENAULT,MEGANE E-TECH,1,1,1.0
2026-07-13T10:44:07,leasing,RENAULT,SCENIC,8,0,0.0
2026-07-13T10:44:07,leasing,RENAULT,TRAFIC,10,0,0.0
2026-07-13T10:44:07,leasing,SEAT,TARRACO,1,0,0.0
2026-07-13T10:44:07,leasing,SKODA,FABIA,6,0,0.0
2026-07-13T10:44:07,leasing,SKODA,KAMIQ,6,0,0.0
2026-07-13T10:44:07,leasing,SKODA,KAROQ,3,0,0.0
2026-07-13T10:44:07,leasing,SKODA,KODIAQ,4,0,0.0
2026-07-13T10:44:07,leasing,SUZUKI,VITARA,1,0,0.0
2026-07-13T10:44:07,leasing,TESLA,MODEL 3,5,5,1.0
2026-07-13T10:44:07,leasing,TESLA,MODEL Y,7,7,1.0
2026-07-13T10:44:07,leasing,TOYOTA,AYGO X,3,0,0.0
2026-07-13T10:44:07,leasing,TOYOTA,C-HR,6,0,0.0
2026-07-13T10:44:07,leasing,TOYOTA,COROLLA,3,0,0.0
2026-07-13T10:44:07,leasing,TOYOTA,COROLLA TS,10,0,0.0
2026-07-13T10:44:07,leasing,TOYOTA,PROACE CITY,1,0,0.0
2026-07-13T10:44:07,leasing,TOYOTA,RAV4 HSD,3,0,0.0
2026-07-13T10:44:07,leasing,TOYOTA,RAV4 PLUG IN,5,0,0.0
2026-07-13T10:44:07,leasing,TOYOTA,YARIS,4,0,0.0
2026-07-13T10:44:07,leasing,TOYOTA,YARIS CROSS,2,0,0.0
2026-07-13T10:44:07,leasing,TOYOTA,YARIS HYBRID,2,0,0.0
2026-07-13T10:44:07,leasing,VOLKSWAGEN,GOLF,11,0,0.0
2026-07-13T10:44:07,leasing,VOLKSWAGEN,POLO,5,0,0.0
2026-07-13T10:44:07,leasing,VOLKSWAGEN,T-ROC,4,0,0.0
2026-07-13T10:44:07,leasing,VOLKSWAGEN,TAIGO,1,0,0.0
2026-07-13T10:44:07,leasing,VOLKSWAGEN,TIGUAN,3,0,0.0
2026-07-13T10:44:07,leasing,VOLKSWAGEN,TIGUAN ALLSPACE,2,0,0.0
2026-07-13T10:44:07,leasing,VOLKSWAGEN,TOURAN,4,0,0.0
2026-07-13T10:44:07,leasing,VOLKSWAGEN,TRANSPORTER,1,0,0.0
2026-07-13T10:44:07,cash,AUDI,A3 SPORTBACK,7,0,0.0
2026-07-13T10:44:07,cash,AUDI,Q5,1,0,0.0
2026-07-13T10:44:07,cash,BMW,IX1,1,1,1.0
2026-07-13T10:44:07,cash,BMW,IX3,1,1,1.0
2026-07-13T10:44:07,cash,BMW,SERIE 1,11,0,0.0
2026-07-13T10:44:07,cash,BMW,SERIE 2 ACTIVE TOURE,1,0,0.0
2026-07-13T10:44:07,cash,BMW,SERIE 3,1,0,0.0
2026-07-13T10:44:07,cash,BMW,SERIE 4 GC,2,0,0.0
2026-07-13T10:44:07,cash,BMW,X1,11,0,0.0
2026-07-13T10:44:07,cash,BMW,X2,2,0,0.0
2026-07-13T10:44:07,cash,BMW,X3,6,0,0.0
2026-07-13T10:44:07,cash,BMW,X5,1,0,0.0
2026-07-13T10:44:07,cash,CITROEN,BERLINGO,11,0,0.0
2026-07-13T10:44:07,cash,CITROEN,C3,15,0,0.0
2026-07-13T10:44:07,cash,CITROEN,C3 AIRCROSS,9,0,0.0
2026-07-13T10:44:07,cash,CITROEN,C4,3,0,0.0
2026-07-13T10:44:07,cash,CITROEN,C4 SPACETOURER,1,0,0.0
2026-07-13T10:44:07,cash,CITROEN,C5 AIRCROSS,13,0,0.0
2026-07-13T10:44:07,cash,CITROEN,C5 X,5,0,0.0
2026-07-13T10:44:07,cash,CITROEN,E-C4,1,1,1.0
2026-07-13T10:44:07,cash,CITROEN,GRAND C4 SPACETOURER,1,0,0.0
2026-07-13T10:44:07,cash,CITROEN,JUMPER,1,0,0.0
2026-07-13T10:44:07,cash,CITROEN,JUMPY,6,0,0.0
2026-07-13T10:44:07,cash,DACIA,SANDERO,1,0,0.0
2026-07-13T10:44:07,cash,DS,DS3,1,0,0.0
2026-07-13T10:44:07,cash,DS,DS3 CROSSBACK,2,1,0.5
2026-07-13T10:44:07,cash,DS,DS4,1,0,0.0
2026-07-13T10:44:07,cash,DS,DS7,2,0,0.0
2026-07-13T10:44:07,cash,FIAT,500,3,0,0.0
2026-07-13T10:44:07,cash,FORD,KUGA,9,0,0.0
2026-07-13T10:44:07,cash,FORD,PUMA,4,0,0.0
2026-07-13T10:44:07,cash,FORD,TRANSIT CUSTOM,1,0,0.0
2026-07-13T10:44:07,cash,HYUNDAI,IONIQ,1,1,1.0
2026-07-13T10:44:07,cash,HYUNDAI,SANTA FE,1,0,0.0
2026-07-13T10:44:07,cash,HYUNDAI,TUCSON,12,0,0.0
2026-07-13T10:44:07,cash,JEEP,AVENGER,2,2,1.0
2026-07-13T10:44:07,cash,KIA,CEED,6,0,0.0
2026-07-13T10:44:07,cash,KIA,E-NIRO,1,1,1.0
2026-07-13T10:44:07,cash,KIA,NIRO,1,0,0.0
2026-07-13T10:44:07,cash,KIA,NIRO EV,5,5,1.0
2026-07-13T10:44:07,cash,KIA,PICANTO,1,0,0.0
2026-07-13T10:44:07,cash,KIA,PROCEED,1,0,0.0
2026-07-13T10:44:07,cash,KIA,SORENTO,1,0,0.0
2026-07-13T10:44:07,cash,KIA,SPORTAGE,11,0,0.0
2026-07-13T10:44:07,cash,KIA,STONIC,14,0,0.0
2026-07-13T10:44:07,cash,MAZDA,CX-5,1,0,0.0
2026-07-13T10:44:07,cash,MAZDA,MAZDA3,1,0,0.0
2026-07-13T10:44:07,cash,MERCEDES-BENZ,CLA COUPE,1,0,0.0
2026-07-13T10:44:07,cash,MERCEDES-BENZ,CLASSE A,7,0,0.0
2026-07-13T10:44:07,cash,MERCEDES-BENZ,CLASSE CLA,3,0,0.0
2026-07-13T10:44:07,cash,MERCEDES-BENZ,CLASSE GLA,1,0,0.0
2026-07-13T10:44:07,cash,MERCEDES-BENZ,GLB,1,0,0.0
2026-07-13T10:44:07,cash,MINI,COUNTRYMAN,2,0,0.0
2026-07-13T10:44:07,cash,MINI,MINI,2,0,0.0
2026-07-13T10:44:07,cash,NISSAN,LEAF,1,1,1.0
2026-07-13T10:44:07,cash,NISSAN,QASHQAI,10,0,0.0
2026-07-13T10:44:07,cash,NISSAN,X-TRAIL,3,0,0.0
2026-07-13T10:44:07,cash,OPEL,ASTRA,1,0,0.0
2026-07-13T10:44:07,cash,OPEL,CORSA,4,0,0.0
2026-07-13T10:44:07,cash,OPEL,CROSSLAND,3,0,0.0
2026-07-13T10:44:07,cash,OPEL,E-CORSA,1,1,1.0
2026-07-13T10:44:07,cash,OPEL,GRANDLAND,2,0,0.0
2026-07-13T10:44:07,cash,OPEL,GRANDLAND X,1,0,0.0
2026-07-13T10:44:07,cash,PEUGEOT,108,1,0,0.0
2026-07-13T10:44:07,cash,PEUGEOT,2008,33,0,0.0
2026-07-13T10:44:07,cash,PEUGEOT,208,11,0,0.0
2026-07-13T10:44:07,cash,PEUGEOT,3008,55,0,0.0
2026-07-13T10:44:07,cash,PEUGEOT,308,10,0,0.0
2026-07-13T10:44:07,cash,PEUGEOT,308 SW,5,0,0.0
2026-07-13T10:44:07,cash,PEUGEOT,5008,22,0,0.0
2026-07-13T10:44:07,cash,PEUGEOT,E-2008,6,6,1.0
2026-07-13T10:44:07,cash,PEUGEOT,E-208,4,4,1.0
2026-07-13T10:44:07,cash,PEUGEOT,E-308,1,1,1.0
2026-07-13T10:44:07,cash,PEUGEOT,EXPERT,6,0,0.0
2026-07-13T10:44:07,cash,PEUGEOT,PARTNER,10,0,0.0
2026-07-13T10:44:07,cash,RENAULT,ARKANA,15,0,0.0
2026-07-13T10:44:07,cash,RENAULT,AUSTRAL,5,0,0.0
2026-07-13T10:44:07,cash,RENAULT,CAPTUR,24,0,0.0
2026-07-13T10:44:07,cash,RENAULT,CLIO,31,0,0.0
2026-07-13T10:44:07,cash,RENAULT,ESPACE,2,0,0.0
2026-07-13T10:44:07,cash,RENAULT,EXPRESS,24,0,0.0
2026-07-13T10:44:07,cash,RENAULT,KADJAR,2,0,0.0
2026-07-13T10:44:07,cash,RENAULT,KANGOO,3,0,0.0
2026-07-13T10:44:07,cash,RENAULT,KANGOO EXPRESS,1,0,0.0
2026-07-13T10:44:07,cash,RENAULT,MASTER,1,0,0.0
2026-07-13T10:44:07,cash,RENAULT,MEGANE,26,0,0.0
2026-07-13T10:44:07,cash,RENAULT,MEGANE E-TECH,2,2,1.0
2026-07-13T10:44:07,cash,RENAULT,SCENIC,8,0,0.0
2026-07-13T10:44:07,cash,RENAULT,SYMBIOZ,1,0,0.0
2026-07-13T10:44:07,cash,RENAULT,TRAFIC,10,0,0.0
2026-07-13T10:44:07,cash,RENAULT,TWINGO,1,0,0.0
2026-07-13T10:44:07,cash,SEAT,TARRACO,1,0,0.0
2026-07-13T10:44:07,cash,SKODA,FABIA,6,0,0.0
2026-07-13T10:44:07,cash,SKODA,KAMIQ,6,0,0.0
2026-07-13T10:44:07,cash,SKODA,KAROQ,3,0,0.0
2026-07-13T10:44:07,cash,SKODA,KODIAQ,4,0,0.0
2026-07-13T10:44:07,cash,SMART,1,1,1,1.0
2026-07-13T10:44:07,cash,SUZUKI,VITARA,1,0,0.0
2026-07-13T10:44:07,cash,TESLA,MODEL 3,6,6,1.0
2026-07-13T10:44:07,cash,TESLA,MODEL Y,7,7,1.0
2026-07-13T10:44:07,cash,TOYOTA,AYGO X,3,0,0.0
2026-07-13T10:44:07,cash,TOYOTA,C-HR,7,0,0.0
2026-07-13T10:44:07,cash,TOYOTA,COROLLA,4,0,0.0
2026-07-13T10:44:07,cash,TOYOTA,COROLLA TS,10,0,0.0
2026-07-13T10:44:07,cash,TOYOTA,PROACE CITY,1,0,0.0
2026-07-13T10:44:07,cash,TOYOTA,RAV4 HSD,4,0,0.0
2026-07-13T10:44:07,cash,TOYOTA,RAV4 PLUG IN,5,0,0.0
2026-07-13T10:44:07,cash,TOYOTA,YARIS,4,0,0.0
2026-07-13T10:44:07,cash,TOYOTA,YARIS CROSS,2,0,0.0
2026-07-13T10:44:07,cash,TOYOTA,YARIS HYBRID,2,0,0.0
2026-07-13T10:44:07,cash,VOLKSWAGEN,GOLF,12,0,0.0
2026-07-13T10:44:07,cash,VOLKSWAGEN,POLO,5,0,0.0
2026-07-13T10:44:07,cash,VOLKSWAGEN,T-ROC,6,0,0.0
2026-07-13T10:44:07,cash,VOLKSWAGEN,TAIGO,2,0,0.0
2026-07-13T10:44:07,cash,VOLKSWAGEN,TIGUAN,4,0,0.0
2026-07-13T10:44:07,cash,VOLKSWAGEN,TIGUAN ALLSPACE,4,0,0.0
2026-07-13T10:44:07,cash,VOLKSWAGEN,TOURAN,4,0,0.0
2026-07-13T10:44:07,cash,VOLKSWAGEN,TRANSPORTER,1,0,0.0
2026-07-14T09:02:35,leasing,AUDI,A3 SPORTBACK,8,0,0.0
2026-07-14T09:02:35,leasing,AUDI,Q2,1,0,0.0
2026-07-14T09:02:35,leasing,AUDI,Q5,1,0,0.0
2026-07-14T09:02:35,leasing,BMW,IX1,1,1,1.0
2026-07-14T09:02:35,leasing,BMW,IX3,1,1,1.0
2026-07-14T09:02:35,leasing,BMW,SERIE 1,10,0,0.0
2026-07-14T09:02:35,leasing,BMW,SERIE 2 ACTIVE TOURE,1,0,0.0
2026-07-14T09:02:35,leasing,BMW,SERIE 3,1,0,0.0
2026-07-14T09:02:35,leasing,BMW,SERIE 4 GC,2,0,0.0
2026-07-14T09:02:35,leasing,BMW,X1,10,0,0.0
2026-07-14T09:02:35,leasing,BMW,X2,2,0,0.0
2026-07-14T09:02:35,leasing,BMW,X3,5,0,0.0
2026-07-14T09:02:35,leasing,CITROEN,BERLINGO,10,0,0.0
2026-07-14T09:02:35,leasing,CITROEN,C3,10,0,0.0
2026-07-14T09:02:35,leasing,CITROEN,C3 AIRCROSS,9,0,0.0
2026-07-14T09:02:35,leasing,CITROEN,C4,3,0,0.0
2026-07-14T09:02:35,leasing,CITROEN,C5 AIRCROSS,14,0,0.0
2026-07-14T09:02:35,leasing,CITROEN,C5 X,5,0,0.0
2026-07-14T09:02:35,leasing,CITROEN,GRAND C4 SPACETOURER,1,0,0.0
2026-07-14T09:02:35,leasing,CITROEN,JUMPER,1,0,0.0
2026-07-14T09:02:35,leasing,CITROEN,JUMPY,5,0,0.0
2026-07-14T09:02:35,leasing,DACIA,SANDERO,1,0,0.0
2026-07-14T09:02:35,leasing,DS,DS3,1,0,0.0
2026-07-14T09:02:35,leasing,DS,DS3 CROSSBACK,2,1,0.5
2026-07-14T09:02:35,leasing,DS,DS4,1,0,0.0
2026-07-14T09:02:35,leasing,DS,DS7,3,0,0.0
2026-07-14T09:02:35,leasing,FIAT,500,3,0,0.0
2026-07-14T09:02:35,leasing,FORD,KUGA,8,0,0.0
2026-07-14T09:02:35,leasing,FORD,PUMA,3,0,0.0
2026-07-14T09:02:35,leasing,HYUNDAI,IONIQ,1,1,1.0
2026-07-14T09:02:35,leasing,HYUNDAI,SANTA FE,1,0,0.0
2026-07-14T09:02:35,leasing,HYUNDAI,TUCSON,12,0,0.0
2026-07-14T09:02:35,leasing,JEEP,AVENGER,2,2,1.0
2026-07-14T09:02:35,leasing,KIA,CEED,6,0,0.0
2026-07-14T09:02:35,leasing,KIA,E-NIRO,1,1,1.0
2026-07-14T09:02:35,leasing,KIA,NIRO,1,0,0.0
2026-07-14T09:02:35,leasing,KIA,NIRO EV,4,4,1.0
2026-07-14T09:02:35,leasing,KIA,PICANTO,1,0,0.0
2026-07-14T09:02:35,leasing,KIA,PROCEED,1,0,0.0
2026-07-14T09:02:35,leasing,KIA,SORENTO,1,0,0.0
2026-07-14T09:02:35,leasing,KIA,SPORTAGE,9,0,0.0
2026-07-14T09:02:35,leasing,KIA,STONIC,15,0,0.0
2026-07-14T09:02:35,leasing,MAZDA,CX-5,1,0,0.0
2026-07-14T09:02:35,leasing,MERCEDES-BENZ,CLA COUPE,1,0,0.0
2026-07-14T09:02:35,leasing,MERCEDES-BENZ,CLASSE A,5,0,0.0
2026-07-14T09:02:35,leasing,MERCEDES-BENZ,CLASSE CLA,3,0,0.0
2026-07-14T09:02:35,leasing,MERCEDES-BENZ,CLASSE GLA,1,0,0.0
2026-07-14T09:02:35,leasing,MINI,COUNTRYMAN,3,0,0.0
2026-07-14T09:02:35,leasing,NISSAN,LEAF,1,1,1.0
2026-07-14T09:02:35,leasing,NISSAN,QASHQAI,9,0,0.0
2026-07-14T09:02:35,leasing,NISSAN,X-TRAIL,3,0,0.0
2026-07-14T09:02:35,leasing,OPEL,ASTRA,1,0,0.0
2026-07-14T09:02:35,leasing,OPEL,CORSA,4,0,0.0
2026-07-14T09:02:35,leasing,OPEL,CROSSLAND,3,0,0.0
2026-07-14T09:02:35,leasing,OPEL,E-CORSA,1,1,1.0
2026-07-14T09:02:35,leasing,OPEL,GRANDLAND,2,0,0.0
2026-07-14T09:02:35,leasing,PEUGEOT,2008,29,0,0.0
2026-07-14T09:02:35,leasing,PEUGEOT,208,9,0,0.0
2026-07-14T09:02:35,leasing,PEUGEOT,3008,48,0,0.0
2026-07-14T09:02:35,leasing,PEUGEOT,308,9,0,0.0
2026-07-14T09:02:35,leasing,PEUGEOT,308 SW,5,0,0.0
2026-07-14T09:02:35,leasing,PEUGEOT,5008,23,0,0.0
2026-07-14T09:02:35,leasing,PEUGEOT,E-2008,6,6,1.0
2026-07-14T09:02:35,leasing,PEUGEOT,E-208,2,2,1.0
2026-07-14T09:02:35,leasing,PEUGEOT,EXPERT,6,0,0.0
2026-07-14T09:02:35,leasing,PEUGEOT,PARTNER,8,0,0.0
2026-07-14T09:02:35,leasing,RENAULT,ARKANA,15,0,0.0
2026-07-14T09:02:35,leasing,RENAULT,AUSTRAL,4,0,0.0
2026-07-14T09:02:35,leasing,RENAULT,CAPTUR,20,0,0.0
2026-07-14T09:02:35,leasing,RENAULT,CLIO,23,0,0.0
2026-07-14T09:02:35,leasing,RENAULT,ESPACE,2,0,0.0
2026-07-14T09:02:35,leasing,RENAULT,EXPRESS,24,0,0.0
2026-07-14T09:02:35,leasing,RENAULT,KADJAR,1,0,0.0
2026-07-14T09:02:35,leasing,RENAULT,KANGOO,3,0,0.0
2026-07-14T09:02:35,leasing,RENAULT,KANGOO EXPRESS,1,0,0.0
2026-07-14T09:02:35,leasing,RENAULT,MASTER,1,0,0.0
2026-07-14T09:02:35,leasing,RENAULT,MEGANE,20,0,0.0
2026-07-14T09:02:35,leasing,RENAULT,MEGANE E-TECH,2,2,1.0
2026-07-14T09:02:35,leasing,RENAULT,SCENIC,8,0,0.0
2026-07-14T09:02:35,leasing,RENAULT,TRAFIC,10,0,0.0
2026-07-14T09:02:35,leasing,SEAT,TARRACO,1,0,0.0
2026-07-14T09:02:35,leasing,SKODA,FABIA,6,0,0.0
2026-07-14T09:02:35,leasing,SKODA,KAMIQ,6,0,0.0
2026-07-14T09:02:35,leasing,SKODA,KAROQ,3,0,0.0
2026-07-14T09:02:35,leasing,SKODA,KODIAQ,4,0,0.0
2026-07-14T09:02:35,leasing,SUZUKI,VITARA,1,0,0.0
2026-07-14T09:02:35,leasing,TESLA,MODEL 3,5,5,1.0
2026-07-14T09:02:35,leasing,TESLA,MODEL Y,6,6,1.0
2026-07-14T09:02:35,leasing,TOYOTA,AYGO X,3,0,0.0
2026-07-14T09:02:35,leasing,TOYOTA,C-HR,5,0,0.0
2026-07-14T09:02:35,leasing,TOYOTA,COROLLA,3,0,0.0
2026-07-14T09:02:35,leasing,TOYOTA,COROLLA TS,10,0,0.0
2026-07-14T09:02:35,leasing,TOYOTA,PROACE CITY,1,0,0.0
2026-07-14T09:02:35,leasing,TOYOTA,RAV4 HSD,3,0,0.0
2026-07-14T09:02:35,leasing,TOYOTA,RAV4 PLUG IN,5,0,0.0
2026-07-14T09:02:35,leasing,TOYOTA,YARIS,4,0,0.0
2026-07-14T09:02:35,leasing,TOYOTA,YARIS CROSS,2,0,0.0
2026-07-14T09:02:35,leasing,TOYOTA,YARIS HYBRID,2,0,0.0
2026-07-14T09:02:35,leasing,VOLKSWAGEN,GOLF,11,0,0.0
2026-07-14T09:02:35,leasing,VOLKSWAGEN,POLO,7,0,0.0
2026-07-14T09:02:35,leasing,VOLKSWAGEN,T-ROC,5,0,0.0
2026-07-14T09:02:35,leasing,VOLKSWAGEN,TAIGO,1,0,0.0
2026-07-14T09:02:35,leasing,VOLKSWAGEN,TIGUAN,4,0,0.0
2026-07-14T09:02:35,leasing,VOLKSWAGEN,TIGUAN ALLSPACE,2,0,0.0
2026-07-14T09:02:35,leasing,VOLKSWAGEN,TOURAN,4,0,0.0
2026-07-14T09:02:35,leasing,VOLKSWAGEN,TRANSPORTER,1,0,0.0
2026-07-14T09:02:35,cash,AUDI,A3 SPORTBACK,9,0,0.0
2026-07-14T09:02:35,cash,AUDI,Q2,1,0,0.0
2026-07-14T09:02:35,cash,AUDI,Q5,1,0,0.0
2026-07-14T09:02:35,cash,BMW,IX1,1,1,1.0
2026-07-14T09:02:35,cash,BMW,IX3,1,1,1.0
2026-07-14T09:02:35,cash,BMW,SERIE 1,10,0,0.0
2026-07-14T09:02:35,cash,BMW,SERIE 2 ACTIVE TOURE,1,0,0.0
2026-07-14T09:02:35,cash,BMW,SERIE 3,1,0,0.0
2026-07-14T09:02:35,cash,BMW,SERIE 4 GC,2,0,0.0
2026-07-14T09:02:35,cash,BMW,X1,12,0,0.0
2026-07-14T09:02:35,cash,BMW,X2,2,0,0.0
2026-07-14T09:02:35,cash,BMW,X3,6,0,0.0
2026-07-14T09:02:35,cash,BMW,X5,1,0,0.0
2026-07-14T09:02:35,cash,CITROEN,BERLINGO,12,0,0.0
2026-07-14T09:02:35,cash,CITROEN,C3,14,0,0.0
2026-07-14T09:02:35,cash,CITROEN,C3 AIRCROSS,9,0,0.0
2026-07-14T09:02:35,cash,CITROEN,C4,3,0,0.0
2026-07-14T09:02:35,cash,CITROEN,C4 SPACETOURER,1,0,0.0
2026-07-14T09:02:35,cash,CITROEN,C5 AIRCROSS,14,0,0.0
2026-07-14T09:02:35,cash,CITROEN,C5 X,5,0,0.0
2026-07-14T09:02:35,cash,CITROEN,E-C4,1,1,1.0
2026-07-14T09:02:35,cash,CITROEN,GRAND C4 SPACETOURER,1,0,0.0
2026-07-14T09:02:35,cash,CITROEN,JUMPER,1,0,0.0
2026-07-14T09:02:35,cash,CITROEN,JUMPY,6,0,0.0
2026-07-14T09:02:35,cash,DACIA,SANDERO,1,0,0.0
2026-07-14T09:02:35,cash,DS,DS3,1,0,0.0
2026-07-14T09:02:35,cash,DS,DS3 CROSSBACK,2,1,0.5
2026-07-14T09:02:35,cash,DS,DS4,1,0,0.0
2026-07-14T09:02:35,cash,DS,DS7,3,0,0.0
2026-07-14T09:02:35,cash,FIAT,500,3,0,0.0
2026-07-14T09:02:35,cash,FORD,KUGA,9,0,0.0
2026-07-14T09:02:35,cash,FORD,PUMA,4,0,0.0
2026-07-14T09:02:35,cash,FORD,TRANSIT CUSTOM,1,0,0.0
2026-07-14T09:02:35,cash,HYUNDAI,IONIQ,1,1,1.0
2026-07-14T09:02:35,cash,HYUNDAI,SANTA FE,1,0,0.0
2026-07-14T09:02:35,cash,HYUNDAI,TUCSON,12,0,0.0
2026-07-14T09:02:35,cash,JEEP,AVENGER,2,2,1.0
2026-07-14T09:02:35,cash,KIA,CEED,6,0,0.0
2026-07-14T09:02:35,cash,KIA,E-NIRO,1,1,1.0
2026-07-14T09:02:35,cash,KIA,NIRO,1,0,0.0
2026-07-14T09:02:35,cash,KIA,NIRO EV,4,4,1.0
2026-07-14T09:02:35,cash,KIA,PICANTO,1,0,0.0
2026-07-14T09:02:35,cash,KIA,PROCEED,1,0,0.0
2026-07-14T09:02:35,cash,KIA,SORENTO,1,0,0.0
2026-07-14T09:02:35,cash,KIA,SPORTAGE,11,0,0.0
2026-07-14T09:02:35,cash,KIA,STONIC,15,0,0.0
2026-07-14T09:02:35,cash,MAZDA,CX-5,1,0,0.0
2026-07-14T09:02:35,cash,MAZDA,MAZDA3,1,0,0.0
2026-07-14T09:02:35,cash,MERCEDES-BENZ,CLA COUPE,1,0,0.0
2026-07-14T09:02:35,cash,MERCEDES-BENZ,CLASSE A,7,0,0.0
2026-07-14T09:02:35,cash,MERCEDES-BENZ,CLASSE CLA,3,0,0.0
2026-07-14T09:02:35,cash,MERCEDES-BENZ,CLASSE GLA,1,0,0.0
2026-07-14T09:02:35,cash,MERCEDES-BENZ,GLB,1,0,0.0
2026-07-14T09:02:35,cash,MINI,COUNTRYMAN,2,0,0.0
2026-07-14T09:02:35,cash,MINI,MINI,2,0,0.0
2026-07-14T09:02:35,cash,NISSAN,LEAF,1,1,1.0
2026-07-14T09:02:35,cash,NISSAN,QASHQAI,10,0,0.0
2026-07-14T09:02:35,cash,NISSAN,X-TRAIL,3,0,0.0
2026-07-14T09:02:35,cash,OPEL,ASTRA,1,0,0.0
2026-07-14T09:02:35,cash,OPEL,CORSA,4,0,0.0
2026-07-14T09:02:35,cash,OPEL,CROSSLAND,3,0,0.0
2026-07-14T09:02:35,cash,OPEL,E-CORSA,1,1,1.0
2026-07-14T09:02:35,cash,OPEL,GRANDLAND,2,0,0.0
2026-07-14T09:02:35,cash,OPEL,GRANDLAND X,1,0,0.0
2026-07-14T09:02:35,cash,PEUGEOT,108,1,0,0.0
2026-07-14T09:02:35,cash,PEUGEOT,2008,33,0,0.0
2026-07-14T09:02:35,cash,PEUGEOT,208,11,0,0.0
2026-07-14T09:02:35,cash,PEUGEOT,3008,55,0,0.0
2026-07-14T09:02:35,cash,PEUGEOT,308,10,0,0.0
2026-07-14T09:02:35,cash,PEUGEOT,308 SW,5,0,0.0
2026-07-14T09:02:35,cash,PEUGEOT,5008,24,0,0.0
2026-07-14T09:02:35,cash,PEUGEOT,E-2008,6,6,1.0
2026-07-14T09:02:35,cash,PEUGEOT,E-208,4,4,1.0
2026-07-14T09:02:35,cash,PEUGEOT,E-308,1,1,1.0
2026-07-14T09:02:35,cash,PEUGEOT,EXPERT,6,0,0.0
2026-07-14T09:02:35,cash,PEUGEOT,PARTNER,10,0,0.0
2026-07-14T09:02:35,cash,RENAULT,ARKANA,15,0,0.0
2026-07-14T09:02:35,cash,RENAULT,AUSTRAL,4,0,0.0
2026-07-14T09:02:35,cash,RENAULT,CAPTUR,24,0,0.0
2026-07-14T09:02:35,cash,RENAULT,CLIO,32,0,0.0
2026-07-14T09:02:35,cash,RENAULT,ESPACE,2,0,0.0
2026-07-14T09:02:35,cash,RENAULT,EXPRESS,24,0,0.0
2026-07-14T09:02:35,cash,RENAULT,KADJAR,2,0,0.0
2026-07-14T09:02:35,cash,RENAULT,KANGOO,3,0,0.0
2026-07-14T09:02:35,cash,RENAULT,KANGOO EXPRESS,1,0,0.0
2026-07-14T09:02:35,cash,RENAULT,MASTER,1,0,0.0
2026-07-14T09:02:35,cash,RENAULT,MEGANE,26,0,0.0
2026-07-14T09:02:35,cash,RENAULT,MEGANE E-TECH,2,2,1.0
2026-07-14T09:02:35,cash,RENAULT,SCENIC,8,0,0.0
2026-07-14T09:02:35,cash,RENAULT,SYMBIOZ,1,0,0.0
2026-07-14T09:02:35,cash,RENAULT,TRAFIC,10,0,0.0
2026-07-14T09:02:35,cash,RENAULT,TWINGO,1,0,0.0
2026-07-14T09:02:35,cash,SEAT,TARRACO,1,0,0.0
2026-07-14T09:02:35,cash,SKODA,FABIA,6,0,0.0
2026-07-14T09:02:35,cash,SKODA,KAMIQ,6,0,0.0
2026-07-14T09:02:35,cash,SKODA,KAROQ,3,0,0.0
2026-07-14T09:02:35,cash,SKODA,KODIAQ,4,0,0.0
2026-07-14T09:02:35,cash,SMART,1,1,1,1.0
2026-07-14T09:02:35,cash,SUZUKI,VITARA,1,0,0.0
2026-07-14T09:02:35,cash,TESLA,MODEL 3,6,6,1.0
2026-07-14T09:02:35,cash,TESLA,MODEL Y,6,6,1.0
2026-07-14T09:02:35,cash,TOYOTA,AYGO X,3,0,0.0
2026-07-14T09:02:35,cash,TOYOTA,C-HR,6,0,0.0
2026-07-14T09:02:35,cash,TOYOTA,COROLLA,4,0,0.0
2026-07-14T09:02:35,cash,TOYOTA,COROLLA TS,10,0,0.0
2026-07-14T09:02:35,cash,TOYOTA,PROACE CITY,1,0,0.0
2026-07-14T09:02:35,cash,TOYOTA,RAV4 HSD,4,0,0.0
2026-07-14T09:02:35,cash,TOYOTA,RAV4 PLUG IN,5,0,0.0
2026-07-14T09:02:35,cash,TOYOTA,YARIS,4,0,0.0
2026-07-14T09:02:35,cash,TOYOTA,YARIS CROSS,2,0,0.0
2026-07-14T09:02:35,cash,TOYOTA,YARIS HYBRID,2,0,0.0
2026-07-14T09:02:35,cash,VOLKSWAGEN,GOLF,12,0,0.0
2026-07-14T09:02:35,cash,VOLKSWAGEN,POLO,7,0,0.0
2026-07-14T09:02:35,cash,VOLKSWAGEN,T-ROC,7,0,0.0
2026-07-14T09:02:35,cash,VOLKSWAGEN,TAIGO,2,0,0.0
2026-07-14T09:02:35,cash,VOLKSWAGEN,TIGUAN,5,0,0.0
2026-07-14T09:02:35,cash,VOLKSWAGEN,TIGUAN ALLSPACE,4,0,0.0
2026-07-14T09:02:35,cash,VOLKSWAGEN,TOURAN,4,0,0.0
2026-07-14T09:02:35,cash,VOLKSWAGEN,TRANSPORTER,1,0,0.0
2026-07-15T09:07:53,leasing,AUDI,A3 SPORTBACK,8,0,0.0
2026-07-15T09:07:53,leasing,AUDI,Q5,2,0,0.0
2026-07-15T09:07:53,leasing,BMW,IX1,1,1,1.0
2026-07-15T09:07:53,leasing,BMW,IX3,1,1,1.0
2026-07-15T09:07:53,leasing,BMW,SERIE 1,11,0,0.0
2026-07-15T09:07:53,leasing,BMW,SERIE 2 ACTIVE TOURE,1,0,0.0
2026-07-15T09:07:53,leasing,BMW,SERIE 3,1,0,0.0
2026-07-15T09:07:53,leasing,BMW,SERIE 4 GC,2,0,0.0
2026-07-15T09:07:53,leasing,BMW,X1,10,0,0.0
2026-07-15T09:07:53,leasing,BMW,X2,2,0,0.0
2026-07-15T09:07:53,leasing,BMW,X3,5,0,0.0
2026-07-15T09:07:53,leasing,CITROEN,BERLINGO,10,0,0.0
2026-07-15T09:07:53,leasing,CITROEN,C3,10,0,0.0
2026-07-15T09:07:53,leasing,CITROEN,C3 AIRCROSS,9,0,0.0
2026-07-15T09:07:53,leasing,CITROEN,C4,3,0,0.0
2026-07-15T09:07:53,leasing,CITROEN,C5 AIRCROSS,14,0,0.0
2026-07-15T09:07:53,leasing,CITROEN,C5 X,5,0,0.0
2026-07-15T09:07:53,leasing,CITROEN,GRAND C4 SPACETOURER,1,0,0.0
2026-07-15T09:07:53,leasing,CITROEN,JUMPER,1,0,0.0
2026-07-15T09:07:53,leasing,CITROEN,JUMPY,5,0,0.0
2026-07-15T09:07:53,leasing,DACIA,SANDERO,1,0,0.0
2026-07-15T09:07:53,leasing,DS,DS3,1,0,0.0
2026-07-15T09:07:53,leasing,DS,DS3 CROSSBACK,2,1,0.5
2026-07-15T09:07:53,leasing,DS,DS4,1,0,0.0
2026-07-15T09:07:53,leasing,DS,DS7,3,0,0.0
2026-07-15T09:07:53,leasing,FIAT,500,3,0,0.0
2026-07-15T09:07:53,leasing,FORD,KUGA,8,0,0.0
2026-07-15T09:07:53,leasing,FORD,PUMA,3,0,0.0
2026-07-15T09:07:53,leasing,HYUNDAI,IONIQ,1,1,1.0
2026-07-15T09:07:53,leasing,HYUNDAI,SANTA FE,1,0,0.0
2026-07-15T09:07:53,leasing,HYUNDAI,TUCSON,12,0,0.0
2026-07-15T09:07:53,leasing,JEEP,AVENGER,2,2,1.0
2026-07-15T09:07:53,leasing,KIA,CEED,6,0,0.0
2026-07-15T09:07:53,leasing,KIA,E-NIRO,1,1,1.0
2026-07-15T09:07:53,leasing,KIA,NIRO,1,0,0.0
2026-07-15T09:07:53,leasing,KIA,NIRO EV,4,4,1.0
2026-07-15T09:07:53,leasing,KIA,PICANTO,1,0,0.0
2026-07-15T09:07:53,leasing,KIA,PROCEED,1,0,0.0
2026-07-15T09:07:53,leasing,KIA,SORENTO,1,0,0.0
2026-07-15T09:07:53,leasing,KIA,SPORTAGE,9,0,0.0
2026-07-15T09:07:53,leasing,KIA,STONIC,14,0,0.0
2026-07-15T09:07:53,leasing,KIA,XCEED,1,0,0.0
2026-07-15T09:07:53,leasing,MAZDA,CX-5,1,0,0.0
2026-07-15T09:07:53,leasing,MERCEDES-BENZ,CLA COUPE,1,0,0.0
2026-07-15T09:07:53,leasing,MERCEDES-BENZ,CLASSE A,5,0,0.0
2026-07-15T09:07:53,leasing,MERCEDES-BENZ,CLASSE CLA,3,0,0.0
2026-07-15T09:07:53,leasing,MINI,COUNTRYMAN,2,0,0.0
2026-07-15T09:07:53,leasing,NISSAN,LEAF,1,1,1.0
2026-07-15T09:07:53,leasing,NISSAN,QASHQAI,9,0,0.0
2026-07-15T09:07:53,leasing,NISSAN,X-TRAIL,3,0,0.0
2026-07-15T09:07:53,leasing,OPEL,ASTRA,1,0,0.0
2026-07-15T09:07:53,leasing,OPEL,CORSA,4,0,0.0
2026-07-15T09:07:53,leasing,OPEL,CROSSLAND,3,0,0.0
2026-07-15T09:07:53,leasing,OPEL,E-CORSA,1,1,1.0
2026-07-15T09:07:53,leasing,OPEL,GRANDLAND,2,0,0.0
2026-07-15T09:07:53,leasing,PEUGEOT,2008,29,0,0.0
2026-07-15T09:07:53,leasing,PEUGEOT,208,9,0,0.0
2026-07-15T09:07:53,leasing,PEUGEOT,3008,48,0,0.0
2026-07-15T09:07:53,leasing,PEUGEOT,308,9,0,0.0
2026-07-15T09:07:53,leasing,PEUGEOT,308 SW,5,0,0.0
2026-07-15T09:07:53,leasing,PEUGEOT,5008,23,0,0.0
2026-07-15T09:07:53,leasing,PEUGEOT,E-2008,6,6,1.0
2026-07-15T09:07:53,leasing,PEUGEOT,E-208,2,2,1.0
2026-07-15T09:07:53,leasing,PEUGEOT,EXPERT,6,0,0.0
2026-07-15T09:07:53,leasing,PEUGEOT,PARTNER,9,0,0.0
2026-07-15T09:07:53,leasing,RENAULT,ARKANA,14,0,0.0
2026-07-15T09:07:53,leasing,RENAULT,AUSTRAL,5,0,0.0
2026-07-15T09:07:53,leasing,RENAULT,CAPTUR,20,0,0.0
2026-07-15T09:07:53,leasing,RENAULT,CLIO,22,0,0.0
2026-07-15T09:07:53,leasing,RENAULT,ESPACE,3,0,0.0
2026-07-15T09:07:53,leasing,RENAULT,EXPRESS,24,0,0.0
2026-07-15T09:07:53,leasing,RENAULT,KADJAR,1,0,0.0
2026-07-15T09:07:53,leasing,RENAULT,KANGOO,4,0,0.0
2026-07-15T09:07:53,leasing,RENAULT,KANGOO EXPRESS,1,0,0.0
2026-07-15T09:07:53,leasing,RENAULT,MASTER,1,0,0.0
2026-07-15T09:07:53,leasing,RENAULT,MEGANE,20,0,0.0
2026-07-15T09:07:53,leasing,RENAULT,MEGANE E-TECH,2,2,1.0
2026-07-15T09:07:53,leasing,RENAULT,SCENIC,8,0,0.0
2026-07-15T09:07:53,leasing,RENAULT,TRAFIC,10,0,0.0
2026-07-15T09:07:53,leasing,SEAT,TARRACO,1,0,0.0
2026-07-15T09:07:53,leasing,SKODA,FABIA,6,0,0.0
2026-07-15T09:07:53,leasing,SKODA,KAMIQ,6,0,0.0
2026-07-15T09:07:53,leasing,SKODA,KAROQ,3,0,0.0
2026-07-15T09:07:53,leasing,SKODA,KODIAQ,4,0,0.0
2026-07-15T09:07:53,leasing,SUZUKI,VITARA,1,0,0.0
2026-07-15T09:07:53,leasing,TESLA,MODEL 3,5,5,1.0
2026-07-15T09:07:53,leasing,TESLA,MODEL Y,6,6,1.0
2026-07-15T09:07:53,leasing,TOYOTA,AYGO X,3,0,0.0
2026-07-15T09:07:53,leasing,TOYOTA,C-HR,5,0,0.0
2026-07-15T09:07:53,leasing,TOYOTA,COROLLA,3,0,0.0
2026-07-15T09:07:53,leasing,TOYOTA,COROLLA TS,10,0,0.0
2026-07-15T09:07:53,leasing,TOYOTA,PROACE CITY,1,0,0.0
2026-07-15T09:07:53,leasing,TOYOTA,RAV4 HSD,3,0,0.0
2026-07-15T09:07:53,leasing,TOYOTA,RAV4 PLUG IN,5,0,0.0
2026-07-15T09:07:53,leasing,TOYOTA,YARIS,4,0,0.0
2026-07-15T09:07:53,leasing,TOYOTA,YARIS CROSS,2,0,0.0
2026-07-15T09:07:53,leasing,TOYOTA,YARIS HYBRID,2,0,0.0
2026-07-15T09:07:53,leasing,VOLKSWAGEN,GOLF,10,0,0.0
2026-07-15T09:07:53,leasing,VOLKSWAGEN,POLO,7,0,0.0
2026-07-15T09:07:53,leasing,VOLKSWAGEN,T-ROC,5,0,0.0
2026-07-15T09:07:53,leasing,VOLKSWAGEN,TAIGO,1,0,0.0
2026-07-15T09:07:53,leasing,VOLKSWAGEN,TIGUAN,4,0,0.0
2026-07-15T09:07:53,leasing,VOLKSWAGEN,TIGUAN ALLSPACE,2,0,0.0
2026-07-15T09:07:53,leasing,VOLKSWAGEN,TOURAN,3,0,0.0
2026-07-15T09:07:53,leasing,VOLKSWAGEN,TRANSPORTER,1,0,0.0
2026-07-15T09:07:53,cash,AUDI,A3 SPORTBACK,9,0,0.0
2026-07-15T09:07:53,cash,AUDI,Q5,2,0,0.0
2026-07-15T09:07:53,cash,BMW,IX1,1,1,1.0
2026-07-15T09:07:53,cash,BMW,IX3,1,1,1.0
2026-07-15T09:07:53,cash,BMW,SERIE 1,11,0,0.0
2026-07-15T09:07:53,cash,BMW,SERIE 2 ACTIVE TOURE,1,0,0.0
2026-07-15T09:07:53,cash,BMW,SERIE 3,1,0,0.0
2026-07-15T09:07:53,cash,BMW,SERIE 4 GC,2,0,0.0
2026-07-15T09:07:53,cash,BMW,X1,12,0,0.0
2026-07-15T09:07:53,cash,BMW,X2,2,0,0.0
2026-07-15T09:07:53,cash,BMW,X3,6,0,0.0
2026-07-15T09:07:53,cash,BMW,X5,1,0,0.0
2026-07-15T09:07:53,cash,CITROEN,BERLINGO,13,0,0.0
2026-07-15T09:07:53,cash,CITROEN,C3,14,0,0.0
2026-07-15T09:07:53,cash,CITROEN,C3 AIRCROSS,9,0,0.0
2026-07-15T09:07:53,cash,CITROEN,C4,3,0,0.0
2026-07-15T09:07:53,cash,CITROEN,C4 SPACETOURER,1,0,0.0
2026-07-15T09:07:53,cash,CITROEN,C5 AIRCROSS,14,0,0.0
2026-07-15T09:07:53,cash,CITROEN,C5 X,5,0,0.0
2026-07-15T09:07:53,cash,CITROEN,E-C4,1,1,1.0
2026-07-15T09:07:53,cash,CITROEN,GRAND C4 SPACETOURER,1,0,0.0
2026-07-15T09:07:53,cash,CITROEN,JUMPER,1,0,0.0
2026-07-15T09:07:53,cash,CITROEN,JUMPY,6,0,0.0
2026-07-15T09:07:53,cash,DACIA,SANDERO,1,0,0.0
2026-07-15T09:07:53,cash,DS,DS3,1,0,0.0
2026-07-15T09:07:53,cash,DS,DS3 CROSSBACK,2,1,0.5
2026-07-15T09:07:53,cash,DS,DS4,1,0,0.0
2026-07-15T09:07:53,cash,DS,DS7,3,0,0.0
2026-07-15T09:07:53,cash,FIAT,500,3,0,0.0
2026-07-15T09:07:53,cash,FORD,KUGA,9,0,0.0
2026-07-15T09:07:53,cash,FORD,PUMA,4,0,0.0
2026-07-15T09:07:53,cash,FORD,TRANSIT CUSTOM,1,0,0.0
2026-07-15T09:07:53,cash,HYUNDAI,IONIQ,1,1,1.0
2026-07-15T09:07:53,cash,HYUNDAI,SANTA FE,1,0,0.0
2026-07-15T09:07:53,cash,HYUNDAI,TUCSON,12,0,0.0
2026-07-15T09:07:53,cash,JEEP,AVENGER,2,2,1.0
2026-07-15T09:07:53,cash,KIA,CEED,6,0,0.0
2026-07-15T09:07:53,cash,KIA,E-NIRO,1,1,1.0
2026-07-15T09:07:53,cash,KIA,NIRO,1,0,0.0
2026-07-15T09:07:53,cash,KIA,NIRO EV,4,4,1.0
2026-07-15T09:07:53,cash,KIA,PICANTO,1,0,0.0
2026-07-15T09:07:53,cash,KIA,PROCEED,1,0,0.0
2026-07-15T09:07:53,cash,KIA,SORENTO,1,0,0.0
2026-07-15T09:07:53,cash,KIA,SPORTAGE,11,0,0.0
2026-07-15T09:07:53,cash,KIA,STONIC,14,0,0.0
2026-07-15T09:07:53,cash,KIA,XCEED,1,0,0.0
2026-07-15T09:07:53,cash,MAZDA,CX-5,1,0,0.0
2026-07-15T09:07:53,cash,MAZDA,MAZDA3,1,0,0.0
2026-07-15T09:07:53,cash,MERCEDES-BENZ,CLA COUPE,1,0,0.0
2026-07-15T09:07:53,cash,MERCEDES-BENZ,CLASSE A,7,0,0.0
2026-07-15T09:07:53,cash,MERCEDES-BENZ,CLASSE CLA,3,0,0.0
2026-07-15T09:07:53,cash,MERCEDES-BENZ,GLB,1,0,0.0
2026-07-15T09:07:53,cash,MINI,COUNTRYMAN,2,0,0.0
2026-07-15T09:07:53,cash,MINI,MINI,2,0,0.0
2026-07-15T09:07:53,cash,NISSAN,LEAF,1,1,1.0
2026-07-15T09:07:53,cash,NISSAN,QASHQAI,10,0,0.0
2026-07-15T09:07:53,cash,NISSAN,X-TRAIL,3,0,0.0
2026-07-15T09:07:53,cash,OPEL,ASTRA,1,0,0.0
2026-07-15T09:07:53,cash,OPEL,CORSA,4,0,0.0
2026-07-15T09:07:53,cash,OPEL,CROSSLAND,3,0,0.0
2026-07-15T09:07:53,cash,OPEL,E-CORSA,1,1,1.0
2026-07-15T09:07:53,cash,OPEL,GRANDLAND,2,0,0.0
2026-07-15T09:07:53,cash,OPEL,GRANDLAND X,1,0,0.0
2026-07-15T09:07:53,cash,PEUGEOT,108,1,0,0.0
2026-07-15T09:07:53,cash,PEUGEOT,2008,33,0,0.0
2026-07-15T09:07:53,cash,PEUGEOT,208,11,0,0.0
2026-07-15T09:07:53,cash,PEUGEOT,3008,55,0,0.0
2026-07-15T09:07:53,cash,PEUGEOT,308,10,0,0.0
2026-07-15T09:07:53,cash,PEUGEOT,308 SW,5,0,0.0
2026-07-15T09:07:53,cash,PEUGEOT,5008,24,0,0.0
2026-07-15T09:07:53,cash,PEUGEOT,E-2008,6,6,1.0
2026-07-15T09:07:53,cash,PEUGEOT,E-208,4,4,1.0
2026-07-15T09:07:53,cash,PEUGEOT,E-308,1,1,1.0
2026-07-15T09:07:53,cash,PEUGEOT,EXPERT,6,0,0.0
2026-07-15T09:07:53,cash,PEUGEOT,PARTNER,11,0,0.0
2026-07-15T09:07:53,cash,RENAULT,ARKANA,14,0,0.0
2026-07-15T09:07:53,cash,RENAULT,AUSTRAL,5,0,0.0
2026-07-15T09:07:53,cash,RENAULT,CAPTUR,24,0,0.0
2026-07-15T09:07:53,cash,RENAULT,CLIO,31,0,0.0
2026-07-15T09:07:53,cash,RENAULT,ESPACE,3,0,0.0
2026-07-15T09:07:53,cash,RENAULT,EXPRESS,24,0,0.0
2026-07-15T09:07:53,cash,RENAULT,KADJAR,2,0,0.0
2026-07-15T09:07:53,cash,RENAULT,KANGOO,4,0,0.0
2026-07-15T09:07:53,cash,RENAULT,KANGOO EXPRESS,1,0,0.0
2026-07-15T09:07:53,cash,RENAULT,MASTER,1,0,0.0
2026-07-15T09:07:53,cash,RENAULT,MEGANE,26,0,0.0
2026-07-15T09:07:53,cash,RENAULT,MEGANE E-TECH,2,2,1.0
2026-07-15T09:07:53,cash,RENAULT,SCENIC,8,0,0.0
2026-07-15T09:07:53,cash,RENAULT,SYMBIOZ,1,0,0.0
2026-07-15T09:07:53,cash,RENAULT,TRAFIC,10,0,0.0
2026-07-15T09:07:53,cash,RENAULT,TWINGO,1,0,0.0
2026-07-15T09:07:53,cash,SEAT,TARRACO,1,0,0.0
2026-07-15T09:07:53,cash,SKODA,FABIA,6,0,0.0
2026-07-15T09:07:53,cash,SKODA,KAMIQ,6,0,0.0
2026-07-15T09:07:53,cash,SKODA,KAROQ,3,0,0.0
2026-07-15T09:07:53,cash,SKODA,KODIAQ,4,0,0.0
2026-07-15T09:07:53,cash,SMART,1,1,1,1.0
2026-07-15T09:07:53,cash,SUZUKI,VITARA,1,0,0.0
2026-07-15T09:07:53,cash,TESLA,MODEL 3,6,6,1.0
2026-07-15T09:07:53,cash,TESLA,MODEL Y,6,6,1.0
2026-07-15T09:07:53,cash,TOYOTA,AYGO X,3,0,0.0
2026-07-15T09:07:53,cash,TOYOTA,C-HR,6,0,0.0
2026-07-15T09:07:53,cash,TOYOTA,COROLLA,4,0,0.0
2026-07-15T09:07:53,cash,TOYOTA,COROLLA TS,10,0,0.0
2026-07-15T09:07:53,cash,TOYOTA,PROACE CITY,1,0,0.0
2026-07-15T09:07:53,cash,TOYOTA,RAV4 HSD,4,0,0.0
2026-07-15T09:07:53,cash,TOYOTA,RAV4 PLUG IN,5,0,0.0
2026-07-15T09:07:53,cash,TOYOTA,YARIS,4,0,0.0
2026-07-15T09:07:53,cash,TOYOTA,YARIS CROSS,2,0,0.0
2026-07-15T09:07:53,cash,TOYOTA,YARIS HYBRID,2,0,0.0
2026-07-15T09:07:53,cash,VOLKSWAGEN,GOLF,11,0,0.0
2026-07-15T09:07:53,cash,VOLKSWAGEN,POLO,7,0,0.0
2026-07-15T09:07:53,cash,VOLKSWAGEN,T-ROC,7,0,0.0
2026-07-15T09:07:53,cash,VOLKSWAGEN,TAIGO,2,0,0.0
2026-07-15T09:07:53,cash,VOLKSWAGEN,TIGUAN,5,0,0.0
2026-07-15T09:07:53,cash,VOLKSWAGEN,TIGUAN ALLSPACE,4,0,0.0
2026-07-15T09:07:53,cash,VOLKSWAGEN,TOURAN,3,0,0.0
2026-07-15T09:07:53,cash,VOLKSWAGEN,TRANSPORTER,1,0,0.0
2026-07-16T09:10:58,leasing,AUDI,A3 SPORTBACK,6,0,0.0
2026-07-16T09:10:58,leasing,BMW,IX1,1,1,1.0
2026-07-16T09:10:58,leasing,BMW,IX3,1,1,1.0
2026-07-16T09:10:58,leasing,BMW,SERIE 1,5,0,0.0
2026-07-16T09:10:58,leasing,BMW,SERIE 3,2,0,0.0
2026-07-16T09:10:58,leasing,BMW,X1,5,0,0.0
2026-07-16T09:10:58,leasing,BMW,X3,3,0,0.0
2026-07-16T09:10:58,leasing,CITROEN,BERLINGO,7,0,0.0
2026-07-16T09:10:58,leasing,CITROEN,C3,7,0,0.0
2026-07-16T09:10:58,leasing,CITROEN,C3 AIRCROSS,6,0,0.0
2026-07-16T09:10:58,leasing,CITROEN,C4,4,0,0.0
2026-07-16T09:10:58,leasing,CITROEN,C5 AIRCROSS,11,0,0.0
2026-07-16T09:10:58,leasing,CITROEN,C5 X,4,0,0.0
2026-07-16T09:10:58,leasing,CITROEN,GRAND C4 SPACETOURER,1,0,0.0
2026-07-16T09:10:58,leasing,CITROEN,JUMPY,4,0,0.0
2026-07-16T09:10:58,leasing,DACIA,SANDERO,1,0,0.0
2026-07-16T09:10:58,leasing,DS,DS3,1,0,0.0
2026-07-16T09:10:58,leasing,DS,DS3 CROSSBACK,2,1,0.5
2026-07-16T09:10:58,leasing,DS,DS7,2,0,0.0
2026-07-16T09:10:58,leasing,FIAT,500,1,0,0.0
2026-07-16T09:10:58,leasing,FORD,KUGA,5,0,0.0
2026-07-16T09:10:58,leasing,FORD,PUMA,1,0,0.0
2026-07-16T09:10:58,leasing,HYUNDAI,IONIQ,1,1,1.0
2026-07-16T09:10:58,leasing,HYUNDAI,KONA,1,1,1.0
2026-07-16T09:10:58,leasing,HYUNDAI,SANTA FE,1,0,0.0
2026-07-16T09:10:58,leasing,HYUNDAI,TUCSON,8,0,0.0
2026-07-16T09:10:58,leasing,JEEP,AVENGER,2,2,1.0
2026-07-16T09:10:58,leasing,KIA,CEED,4,0,0.0
2026-07-16T09:10:58,leasing,KIA,E-NIRO,1,1,1.0
2026-07-16T09:10:58,leasing,KIA,NIRO,1,0,0.0
2026-07-16T09:10:58,leasing,KIA,NIRO EV,4,4,1.0
2026-07-16T09:10:58,leasing,KIA,PICANTO,1,0,0.0
2026-07-16T09:10:58,leasing,KIA,PROCEED,1,0,0.0
2026-07-16T09:10:58,leasing,KIA,RIO,1,0,0.0
2026-07-16T09:10:58,leasing,KIA,SPORTAGE,6,0,0.0
2026-07-16T09:10:58,leasing,KIA,STONIC,12,0,0.0
2026-07-16T09:10:58,leasing,KIA,XCEED,1,0,0.0
2026-07-16T09:10:58,leasing,MERCEDES-BENZ,CLASSE A,4,0,0.0
2026-07-16T09:10:58,leasing,MERCEDES-BENZ,CLASSE CLA,1,0,0.0
2026-07-16T09:10:58,leasing,MINI,COUNTRYMAN,1,0,0.0
2026-07-16T09:10:58,leasing,NISSAN,LEAF,1,1,1.0
2026-07-16T09:10:58,leasing,NISSAN,QASHQAI,6,0,0.0
2026-07-16T09:10:58,leasing,NISSAN,X-TRAIL,1,0,0.0
2026-07-16T09:10:58,leasing,OPEL,ASTRA,1,0,0.0
2026-07-16T09:10:58,leasing,OPEL,CORSA,4,0,0.0
2026-07-16T09:10:58,leasing,OPEL,CROSSLAND,3,0,0.0
2026-07-16T09:10:58,leasing,OPEL,E-CORSA,1,1,1.0
2026-07-16T09:10:58,leasing,OPEL,GRANDLAND,1,0,0.0
2026-07-16T09:10:58,leasing,PEUGEOT,2008,19,0,0.0
2026-07-16T09:10:58,leasing,PEUGEOT,208,5,0,0.0
2026-07-16T09:10:58,leasing,PEUGEOT,3008,32,0,0.0
2026-07-16T09:10:58,leasing,PEUGEOT,308,5,0,0.0
2026-07-16T09:10:58,leasing,PEUGEOT,308 SW,2,0,0.0
2026-07-16T09:10:58,leasing,PEUGEOT,5008,13,0,0.0
2026-07-16T09:10:58,leasing,PEUGEOT,E-2008,6,6,1.0
2026-07-16T09:10:58,leasing,PEUGEOT,E-208,3,3,1.0
2026-07-16T09:10:58,leasing,PEUGEOT,EXPERT,5,0,0.0
2026-07-16T09:10:58,leasing,PEUGEOT,PARTNER,8,0,0.0
2026-07-16T09:10:58,leasing,RENAULT,ARKANA,13,0,0.0
2026-07-16T09:10:58,leasing,RENAULT,AUSTRAL,4,0,0.0
2026-07-16T09:10:58,leasing,RENAULT,CAPTUR,14,0,0.0
2026-07-16T09:10:58,leasing,RENAULT,CLIO,21,0,0.0
2026-07-16T09:10:58,leasing,RENAULT,ESPACE,1,0,0.0
2026-07-16T09:10:58,leasing,RENAULT,EXPRESS,20,0,0.0
2026-07-16T09:10:58,leasing,RENAULT,KADJAR,1,0,0.0
2026-07-16T09:10:58,leasing,RENAULT,KANGOO,4,0,0.0
2026-07-16T09:10:58,leasing,RENAULT,MASTER,1,0,0.0
2026-07-16T09:10:58,leasing,RENAULT,MEGANE,13,0,0.0
2026-07-16T09:10:58,leasing,RENAULT,MEGANE E-TECH,2,2,1.0
2026-07-16T09:10:58,leasing,RENAULT,SCENIC,6,0,0.0
2026-07-16T09:10:58,leasing,RENAULT,TRAFIC,5,0,0.0
2026-07-16T09:10:58,leasing,RENAULT,ZOE,1,1,1.0
2026-07-16T09:10:58,leasing,SEAT,TARRACO,1,0,0.0
2026-07-16T09:10:58,leasing,SKODA,FABIA,6,0,0.0
2026-07-16T09:10:58,leasing,SKODA,KAMIQ,5,0,0.0
2026-07-16T09:10:58,leasing,SKODA,KAROQ,1,0,0.0
2026-07-16T09:10:58,leasing,SKODA,KODIAQ,2,0,0.0
2026-07-16T09:10:58,leasing,SUZUKI,SWIFT,1,0,0.0
2026-07-16T09:10:58,leasing,TESLA,MODEL 3,5,5,1.0
2026-07-16T09:10:58,leasing,TESLA,MODEL Y,5,5,1.0
2026-07-16T09:10:58,leasing,TOYOTA,AYGO X,3,0,0.0
2026-07-16T09:10:58,leasing,TOYOTA,C-HR,3,0,0.0
2026-07-16T09:10:58,leasing,TOYOTA,COROLLA,3,0,0.0
2026-07-16T09:10:58,leasing,TOYOTA,COROLLA TS,9,0,0.0
2026-07-16T09:10:58,leasing,TOYOTA,PROACE CITY,1,0,0.0
2026-07-16T09:10:58,leasing,TOYOTA,RAV4 HSD,1,0,0.0
2026-07-16T09:10:58,leasing,TOYOTA,RAV4 PLUG IN,5,0,0.0
2026-07-16T09:10:58,leasing,TOYOTA,YARIS,2,0,0.0
2026-07-16T09:10:58,leasing,TOYOTA,YARIS HYBRID,2,0,0.0
2026-07-16T09:10:58,leasing,VOLKSWAGEN,GOLF,6,0,0.0
2026-07-16T09:10:58,leasing,VOLKSWAGEN,POLO,6,0,0.0
2026-07-16T09:10:58,leasing,VOLKSWAGEN,T-ROC,4,0,0.0
2026-07-16T09:10:58,leasing,VOLKSWAGEN,TIGUAN,4,0,0.0
2026-07-16T09:10:58,leasing,VOLKSWAGEN,TIGUAN ALLSPACE,2,0,0.0
2026-07-16T09:10:58,leasing,VOLKSWAGEN,TOURAN,1,0,0.0
2026-07-16T09:10:58,leasing,VOLKSWAGEN,TRANSPORTER,1,0,0.0
2026-07-16T09:10:58,cash,AUDI,A3 SPORTBACK,6,0,0.0
2026-07-16T09:10:58,cash,BMW,IX1,1,1,1.0
2026-07-16T09:10:58,cash,BMW,IX3,1,1,1.0
2026-07-16T09:10:58,cash,BMW,SERIE 1,5,0,0.0
2026-07-16T09:10:58,cash,BMW,SERIE 3,2,0,0.0
2026-07-16T09:10:58,cash,BMW,X1,6,0,0.0
2026-07-16T09:10:58,cash,BMW,X3,3,0,0.0
2026-07-16T09:10:58,cash,BMW,X5,1,0,0.0
2026-07-16T09:10:58,cash,CITROEN,BERLINGO,8,0,0.0
2026-07-16T09:10:58,cash,CITROEN,C3,8,0,0.0
2026-07-16T09:10:58,cash,CITROEN,C3 AIRCROSS,6,0,0.0
2026-07-16T09:10:58,cash,CITROEN,C4,4,0,0.0
2026-07-16T09:10:58,cash,CITROEN,C5 AIRCROSS,11,0,0.0
2026-07-16T09:10:58,cash,CITROEN,C5 X,4,0,0.0
2026-07-16T09:10:58,cash,CITROEN,E-C4,1,1,1.0
2026-07-16T09:10:58,cash,CITROEN,GRAND C4 SPACETOURER,1,0,0.0
2026-07-16T09:10:58,cash,CITROEN,JUMPY,5,0,0.0
2026-07-16T09:10:58,cash,DACIA,SANDERO,1,0,0.0
2026-07-16T09:10:58,cash,DS,DS3,1,0,0.0
2026-07-16T09:10:58,cash,DS,DS3 CROSSBACK,2,1,0.5
2026-07-16T09:10:58,cash,DS,DS7,2,0,0.0
2026-07-16T09:10:58,cash,FIAT,500,1,0,0.0
2026-07-16T09:10:58,cash,FORD,KUGA,6,0,0.0
2026-07-16T09:10:58,cash,FORD,PUMA,1,0,0.0
2026-07-16T09:10:58,cash,FORD,TRANSIT CUSTOM,1,0,0.0
2026-07-16T09:10:58,cash,HYUNDAI,IONIQ,1,1,1.0
2026-07-16T09:10:58,cash,HYUNDAI,KONA,1,1,1.0
2026-07-16T09:10:58,cash,HYUNDAI,SANTA FE,1,0,0.0
2026-07-16T09:10:58,cash,HYUNDAI,TUCSON,8,0,0.0
2026-07-16T09:10:58,cash,JEEP,AVENGER,2,2,1.0
2026-07-16T09:10:58,cash,KIA,CEED,4,0,0.0
2026-07-16T09:10:58,cash,KIA,E-NIRO,1,1,1.0
2026-07-16T09:10:58,cash,KIA,NIRO,1,0,0.0
2026-07-16T09:10:58,cash,KIA,NIRO EV,4,4,1.0
2026-07-16T09:10:58,cash,KIA,PICANTO,1,0,0.0
2026-07-16T09:10:58,cash,KIA,PROCEED,1,0,0.0
2026-07-16T09:10:58,cash,KIA,RIO,1,0,0.0
2026-07-16T09:10:58,cash,KIA,SPORTAGE,7,0,0.0
2026-07-16T09:10:58,cash,KIA,STONIC,12,0,0.0
2026-07-16T09:10:58,cash,KIA,XCEED,1,0,0.0
2026-07-16T09:10:58,cash,MERCEDES-BENZ,CLASSE A,6,0,0.0
2026-07-16T09:10:58,cash,MERCEDES-BENZ,CLASSE CLA,1,0,0.0
2026-07-16T09:10:58,cash,MERCEDES-BENZ,GLB,1,0,0.0
2026-07-16T09:10:58,cash,MINI,COUNTRYMAN,1,0,0.0
2026-07-16T09:10:58,cash,NISSAN,LEAF,1,1,1.0
2026-07-16T09:10:58,cash,NISSAN,QASHQAI,7,0,0.0
2026-07-16T09:10:58,cash,NISSAN,X-TRAIL,1,0,0.0
2026-07-16T09:10:58,cash,OPEL,ASTRA,1,0,0.0
2026-07-16T09:10:58,cash,OPEL,CORSA,4,0,0.0
2026-07-16T09:10:58,cash,OPEL,CROSSLAND,3,0,0.0
2026-07-16T09:10:58,cash,OPEL,E-CORSA,1,1,1.0
2026-07-16T09:10:58,cash,OPEL,GRANDLAND,1,0,0.0
2026-07-16T09:10:58,cash,OPEL,GRANDLAND X,1,0,0.0
2026-07-16T09:10:58,cash,PEUGEOT,108,1,0,0.0
2026-07-16T09:10:58,cash,PEUGEOT,2008,21,0,0.0
2026-07-16T09:10:58,cash,PEUGEOT,208,8,0,0.0
2026-07-16T09:10:58,cash,PEUGEOT,3008,39,0,0.0
2026-07-16T09:10:58,cash,PEUGEOT,308,5,0,0.0
2026-07-16T09:10:58,cash,PEUGEOT,308 SW,2,0,0.0
2026-07-16T09:10:58,cash,PEUGEOT,5008,14,0,0.0
2026-07-16T09:10:58,cash,PEUGEOT,E-2008,6,6,1.0
2026-07-16T09:10:58,cash,PEUGEOT,E-208,5,5,1.0
2026-07-16T09:10:58,cash,PEUGEOT,E-308,1,1,1.0
2026-07-16T09:10:58,cash,PEUGEOT,EXPERT,5,0,0.0
2026-07-16T09:10:58,cash,PEUGEOT,PARTNER,9,0,0.0
2026-07-16T09:10:58,cash,RENAULT,ARKANA,13,0,0.0
2026-07-16T09:10:58,cash,RENAULT,AUSTRAL,4,0,0.0
2026-07-16T09:10:58,cash,RENAULT,CAPTUR,15,0,0.0
2026-07-16T09:10:58,cash,RENAULT,CLIO,28,0,0.0
2026-07-16T09:10:58,cash,RENAULT,ESPACE,1,0,0.0
2026-07-16T09:10:58,cash,RENAULT,EXPRESS,20,0,0.0
2026-07-16T09:10:58,cash,RENAULT,KADJAR,2,0,0.0
2026-07-16T09:10:58,cash,RENAULT,KANGOO,4,0,0.0
2026-07-16T09:10:58,cash,RENAULT,MASTER,1,0,0.0
2026-07-16T09:10:58,cash,RENAULT,MEGANE,16,0,0.0
2026-07-16T09:10:58,cash,RENAULT,MEGANE E-TECH,2,2,1.0
2026-07-16T09:10:58,cash,RENAULT,SCENIC,6,0,0.0
2026-07-16T09:10:58,cash,RENAULT,SYMBIOZ,1,0,0.0
2026-07-16T09:10:58,cash,RENAULT,TRAFIC,5,0,0.0
2026-07-16T09:10:58,cash,RENAULT,TWINGO,1,0,0.0
2026-07-16T09:10:58,cash,RENAULT,ZOE,1,1,1.0
2026-07-16T09:10:58,cash,SEAT,TARRACO,1,0,0.0
2026-07-16T09:10:58,cash,SKODA,FABIA,6,0,0.0
2026-07-16T09:10:58,cash,SKODA,KAMIQ,5,0,0.0
2026-07-16T09:10:58,cash,SKODA,KAROQ,1,0,0.0
2026-07-16T09:10:58,cash,SKODA,KODIAQ,2,0,0.0
2026-07-16T09:10:58,cash,SMART,1,1,1,1.0
2026-07-16T09:10:58,cash,SUZUKI,SWIFT,1,0,0.0
2026-07-16T09:10:58,cash,TESLA,MODEL 3,7,7,1.0
2026-07-16T09:10:58,cash,TESLA,MODEL Y,5,5,1.0
2026-07-16T09:10:58,cash,TOYOTA,AYGO X,3,0,0.0
2026-07-16T09:10:58,cash,TOYOTA,C-HR,4,0,0.0
2026-07-16T09:10:58,cash,TOYOTA,COROLLA,3,0,0.0
2026-07-16T09:10:58,cash,TOYOTA,COROLLA TS,9,0,0.0
2026-07-16T09:10:58,cash,TOYOTA,PROACE CITY,1,0,0.0
2026-07-16T09:10:58,cash,TOYOTA,RAV4 HSD,2,0,0.0
2026-07-16T09:10:58,cash,TOYOTA,RAV4 PLUG IN,5,0,0.0
2026-07-16T09:10:58,cash,TOYOTA,YARIS,2,0,0.0
2026-07-16T09:10:58,cash,TOYOTA,YARIS HYBRID,2,0,0.0
2026-07-16T09:10:58,cash,VOLKSWAGEN,GOLF,7,0,0.0
2026-07-16T09:10:58,cash,VOLKSWAGEN,POLO,6,0,0.0
2026-07-16T09:10:58,cash,VOLKSWAGEN,T-ROC,5,0,0.0
2026-07-16T09:10:58,cash,VOLKSWAGEN,TIGUAN,3,0,0.0
2026-07-16T09:10:58,cash,VOLKSWAGEN,TIGUAN ALLSPACE,4,0,0.0
2026-07-16T09:10:58,cash,VOLKSWAGEN,TOURAN,1,0,0.0
2026-07-16T09:10:58,cash,VOLKSWAGEN,TRANSPORTER,1,0,0.0
2026-07-17T08:47:12,leasing,AUDI,A3 SPORTBACK,6,0,0.0
2026-07-17T08:47:12,leasing,BMW,IX1,1,1,1.0
2026-07-17T08:47:12,leasing,BMW,IX3,1,1,1.0
2026-07-17T08:47:12,leasing,BMW,SERIE 1,5,0,0.0
2026-07-17T08:47:12,leasing,BMW,SERIE 3,2,0,0.0
2026-07-17T08:47:12,leasing,BMW,X1,5,0,0.0
2026-07-17T08:47:12,leasing,BMW,X3,2,0,0.0
2026-07-17T08:47:12,leasing,CITROEN,BERLINGO,9,0,0.0
2026-07-17T08:47:12,leasing,CITROEN,C3,7,0,0.0
2026-07-17T08:47:12,leasing,CITROEN,C3 AIRCROSS,6,0,0.0
2026-07-17T08:47:12,leasing,CITROEN,C4,4,0,0.0
2026-07-17T08:47:12,leasing,CITROEN,C5 AIRCROSS,11,0,0.0
2026-07-17T08:47:12,leasing,CITROEN,C5 X,4,0,0.0
2026-07-17T08:47:12,leasing,CITROEN,GRAND C4 SPACETOURER,1,0,0.0
2026-07-17T08:47:12,leasing,CITROEN,JUMPY,4,0,0.0
2026-07-17T08:47:12,leasing,DACIA,SANDERO,1,0,0.0
2026-07-17T08:47:12,leasing,DS,DS3,1,0,0.0
2026-07-17T08:47:12,leasing,DS,DS3 CROSSBACK,2,1,0.5
2026-07-17T08:47:12,leasing,DS,DS7,2,0,0.0
2026-07-17T08:47:12,leasing,FIAT,500,1,0,0.0
2026-07-17T08:47:12,leasing,FORD,KUGA,5,0,0.0
2026-07-17T08:47:12,leasing,FORD,PUMA,1,0,0.0
2026-07-17T08:47:12,leasing,HYUNDAI,IONIQ,1,1,1.0
2026-07-17T08:47:12,leasing,HYUNDAI,KONA,1,1,1.0
2026-07-17T08:47:12,leasing,HYUNDAI,SANTA FE,1,0,0.0
2026-07-17T08:47:12,leasing,HYUNDAI,TUCSON,9,0,0.0
2026-07-17T08:47:12,leasing,JEEP,AVENGER,2,2,1.0
2026-07-17T08:47:12,leasing,KIA,CEED,4,0,0.0
2026-07-17T08:47:12,leasing,KIA,E-NIRO,1,1,1.0
2026-07-17T08:47:12,leasing,KIA,NIRO,1,0,0.0
2026-07-17T08:47:12,leasing,KIA,NIRO EV,6,6,1.0
2026-07-17T08:47:12,leasing,KIA,PICANTO,1,0,0.0
2026-07-17T08:47:12,leasing,KIA,PROCEED,1,0,0.0
2026-07-17T08:47:12,leasing,KIA,RIO,1,0,0.0
2026-07-17T08:47:12,leasing,KIA,SPORTAGE,7,0,0.0
2026-07-17T08:47:12,leasing,KIA,STONIC,12,0,0.0
2026-07-17T08:47:12,leasing,KIA,XCEED,1,0,0.0
2026-07-17T08:47:12,leasing,MERCEDES-BENZ,CLASSE A,3,0,0.0
2026-07-17T08:47:12,leasing,MERCEDES-BENZ,CLASSE CLA,2,0,0.0
2026-07-17T08:47:12,leasing,MINI,COUNTRYMAN,1,0,0.0
2026-07-17T08:47:12,leasing,NISSAN,LEAF,1,1,1.0
2026-07-17T08:47:12,leasing,NISSAN,QASHQAI,6,0,0.0
2026-07-17T08:47:12,leasing,NISSAN,X-TRAIL,1,0,0.0
2026-07-17T08:47:12,leasing,OPEL,ASTRA,1,0,0.0
2026-07-17T08:47:12,leasing,OPEL,CORSA,4,0,0.0
2026-07-17T08:47:12,leasing,OPEL,CROSSLAND,3,0,0.0
2026-07-17T08:47:12,leasing,OPEL,GRANDLAND,1,0,0.0
2026-07-17T08:47:12,leasing,PEUGEOT,2008,19,0,0.0
2026-07-17T08:47:12,leasing,PEUGEOT,208,5,0,0.0
2026-07-17T08:47:12,leasing,PEUGEOT,3008,32,0,0.0
2026-07-17T08:47:12,leasing,PEUGEOT,308,6,0,0.0
2026-07-17T08:47:12,leasing,PEUGEOT,308 SW,2,0,0.0
2026-07-17T08:47:12,leasing,PEUGEOT,5008,14,0,0.0
2026-07-17T08:47:12,leasing,PEUGEOT,E-2008,12,12,1.0
2026-07-17T08:47:12,leasing,PEUGEOT,E-208,5,5,1.0
2026-07-17T08:47:12,leasing,PEUGEOT,EXPERT,5,0,0.0
2026-07-17T08:47:12,leasing,PEUGEOT,PARTNER,8,0,0.0
2026-07-17T08:47:12,leasing,RENAULT,ARKANA,13,0,0.0
2026-07-17T08:47:12,leasing,RENAULT,AUSTRAL,5,0,0.0
2026-07-17T08:47:12,leasing,RENAULT,CAPTUR,17,0,0.0
2026-07-17T08:47:12,leasing,RENAULT,CLIO,21,0,0.0
2026-07-17T08:47:12,leasing,RENAULT,ESPACE,1,0,0.0
2026-07-17T08:47:12,leasing,RENAULT,EXPRESS,19,0,0.0
2026-07-17T08:47:12,leasing,RENAULT,KADJAR,1,0,0.0
2026-07-17T08:47:12,leasing,RENAULT,KANGOO,3,0,0.0
2026-07-17T08:47:12,leasing,RENAULT,MASTER,1,0,0.0
2026-07-17T08:47:12,leasing,RENAULT,MEGANE,12,0,0.0
2026-07-17T08:47:12,leasing,RENAULT,MEGANE E-TECH,2,2,1.0
2026-07-17T08:47:12,leasing,RENAULT,SCENIC,6,0,0.0
2026-07-17T08:47:12,leasing,RENAULT,TRAFIC,5,0,0.0
2026-07-17T08:47:12,leasing,RENAULT,ZOE,1,1,1.0
2026-07-17T08:47:12,leasing,SKODA,FABIA,6,0,0.0
2026-07-17T08:47:12,leasing,SKODA,KAMIQ,5,0,0.0
2026-07-17T08:47:12,leasing,SKODA,KAROQ,1,0,0.0
2026-07-17T08:47:12,leasing,SKODA,KODIAQ,2,0,0.0
2026-07-17T08:47:12,leasing,SUZUKI,SWIFT,2,0,0.0
2026-07-17T08:47:12,leasing,TESLA,MODEL 3,4,4,1.0
2026-07-17T08:47:12,leasing,TESLA,MODEL Y,5,5,1.0
2026-07-17T08:47:12,leasing,TOYOTA,AYGO X,3,0,0.0
2026-07-17T08:47:12,leasing,TOYOTA,C-HR,3,0,0.0
2026-07-17T08:47:12,leasing,TOYOTA,COROLLA,2,0,0.0
2026-07-17T08:47:12,leasing,TOYOTA,COROLLA TS,8,0,0.0
2026-07-17T08:47:12,leasing,TOYOTA,PROACE CITY,1,0,0.0
2026-07-17T08:47:12,leasing,TOYOTA,RAV4 HSD,2,0,0.0
2026-07-17T08:47:12,leasing,TOYOTA,RAV4 PLUG IN,4,0,0.0
2026-07-17T08:47:12,leasing,TOYOTA,YARIS,1,0,0.0
2026-07-17T08:47:12,leasing,TOYOTA,YARIS HYBRID,3,0,0.0
2026-07-17T08:47:12,leasing,VOLKSWAGEN,GOLF,6,0,0.0
2026-07-17T08:47:12,leasing,VOLKSWAGEN,POLO,5,0,0.0
2026-07-17T08:47:12,leasing,VOLKSWAGEN,T-ROC,8,0,0.0
2026-07-17T08:47:12,leasing,VOLKSWAGEN,TIGUAN,2,0,0.0
2026-07-17T08:47:12,leasing,VOLKSWAGEN,TIGUAN ALLSPACE,1,0,0.0
2026-07-17T08:47:12,leasing,VOLKSWAGEN,TOURAN,1,0,0.0
2026-07-17T08:47:12,leasing,VOLKSWAGEN,TRANSPORTER,1,0,0.0
2026-07-17T08:47:12,cash,AUDI,A3 SPORTBACK,6,0,0.0
2026-07-17T08:47:12,cash,BMW,IX1,1,1,1.0
2026-07-17T08:47:12,cash,BMW,IX3,1,1,1.0
2026-07-17T08:47:12,cash,BMW,SERIE 1,6,0,0.0
2026-07-17T08:47:12,cash,BMW,SERIE 2 ACTIVE TOURE,1,0,0.0
2026-07-17T08:47:12,cash,BMW,SERIE 3,2,0,0.0
2026-07-17T08:47:12,cash,BMW,X1,6,0,0.0
2026-07-17T08:47:12,cash,BMW,X3,2,0,0.0
2026-07-17T08:47:12,cash,BMW,X5,2,0,0.0
2026-07-17T08:47:12,cash,CITROEN,BERLINGO,10,0,0.0
2026-07-17T08:47:12,cash,CITROEN,C3,8,0,0.0
2026-07-17T08:47:12,cash,CITROEN,C3 AIRCROSS,6,0,0.0
2026-07-17T08:47:12,cash,CITROEN,C4,5,0,0.0
2026-07-17T08:47:12,cash,CITROEN,C5 AIRCROSS,12,0,0.0
2026-07-17T08:47:12,cash,CITROEN,C5 X,4,0,0.0
2026-07-17T08:47:12,cash,CITROEN,E-C4,1,1,1.0
2026-07-17T08:47:12,cash,CITROEN,GRAND C4 SPACETOURER,1,0,0.0
2026-07-17T08:47:12,cash,CITROEN,JUMPY,5,0,0.0
2026-07-17T08:47:12,cash,DACIA,SANDERO,1,0,0.0
2026-07-17T08:47:12,cash,DS,DS3,1,0,0.0
2026-07-17T08:47:12,cash,DS,DS3 CROSSBACK,2,1,0.5
2026-07-17T08:47:12,cash,DS,DS7,2,0,0.0
2026-07-17T08:47:12,cash,FIAT,500,1,0,0.0
2026-07-17T08:47:12,cash,FORD,KUGA,6,0,0.0
2026-07-17T08:47:12,cash,FORD,PUMA,1,0,0.0
2026-07-17T08:47:12,cash,FORD,TRANSIT CUSTOM,1,0,0.0
2026-07-17T08:47:12,cash,HYUNDAI,IONIQ,1,1,1.0
2026-07-17T08:47:12,cash,HYUNDAI,KONA,1,1,1.0
2026-07-17T08:47:12,cash,HYUNDAI,SANTA FE,1,0,0.0
2026-07-17T08:47:12,cash,HYUNDAI,TUCSON,10,0,0.0
2026-07-17T08:47:12,cash,JEEP,AVENGER,2,2,1.0
2026-07-17T08:47:12,cash,KIA,CEED,4,0,0.0
2026-07-17T08:47:12,cash,KIA,E-NIRO,1,1,1.0
2026-07-17T08:47:12,cash,KIA,NIRO,1,0,0.0
2026-07-17T08:47:12,cash,KIA,NIRO EV,6,6,1.0
2026-07-17T08:47:12,cash,KIA,PICANTO,1,0,0.0
2026-07-17T08:47:12,cash,KIA,PROCEED,1,0,0.0
2026-07-17T08:47:12,cash,KIA,RIO,1,0,0.0
2026-07-17T08:47:12,cash,KIA,SPORTAGE,8,0,0.0
2026-07-17T08:47:12,cash,KIA,STONIC,12,0,0.0
2026-07-17T08:47:12,cash,KIA,XCEED,1,0,0.0
2026-07-17T08:47:12,cash,MERCEDES-BENZ,CLASSE A,5,0,0.0
2026-07-17T08:47:12,cash,MERCEDES-BENZ,CLASSE CLA,2,0,0.0
2026-07-17T08:47:12,cash,MERCEDES-BENZ,GLB,1,0,0.0
2026-07-17T08:47:12,cash,MINI,COUNTRYMAN,1,0,0.0
2026-07-17T08:47:12,cash,NISSAN,LEAF,1,1,1.0
2026-07-17T08:47:12,cash,NISSAN,QASHQAI,7,0,0.0
2026-07-17T08:47:12,cash,NISSAN,X-TRAIL,1,0,0.0
2026-07-17T08:47:12,cash,OPEL,ASTRA,1,0,0.0
2026-07-17T08:47:12,cash,OPEL,CORSA,4,0,0.0
2026-07-17T08:47:12,cash,OPEL,CROSSLAND,3,0,0.0
2026-07-17T08:47:12,cash,OPEL,GRANDLAND,1,0,0.0
2026-07-17T08:47:12,cash,OPEL,GRANDLAND X,1,0,0.0
2026-07-17T08:47:12,cash,PEUGEOT,108,1,0,0.0
2026-07-17T08:47:12,cash,PEUGEOT,2008,21,0,0.0
2026-07-17T08:47:12,cash,PEUGEOT,208,8,0,0.0
2026-07-17T08:47:12,cash,PEUGEOT,3008,40,0,0.0
2026-07-17T08:47:12,cash,PEUGEOT,308,6,0,0.0
2026-07-17T08:47:12,cash,PEUGEOT,308 SW,2,0,0.0
2026-07-17T08:47:12,cash,PEUGEOT,5008,15,0,0.0
2026-07-17T08:47:12,cash,PEUGEOT,E-2008,12,12,1.0
2026-07-17T08:47:12,cash,PEUGEOT,E-208,7,7,1.0
2026-07-17T08:47:12,cash,PEUGEOT,E-308,1,1,1.0
2026-07-17T08:47:12,cash,PEUGEOT,EXPERT,5,0,0.0
2026-07-17T08:47:12,cash,PEUGEOT,PARTNER,9,0,0.0
2026-07-17T08:47:12,cash,RENAULT,ARKANA,13,0,0.0
2026-07-17T08:47:12,cash,RENAULT,AUSTRAL,5,0,0.0
2026-07-17T08:47:12,cash,RENAULT,CAPTUR,17,0,0.0
2026-07-17T08:47:12,cash,RENAULT,CLIO,29,0,0.0
2026-07-17T08:47:12,cash,RENAULT,ESPACE,1,0,0.0
2026-07-17T08:47:12,cash,RENAULT,EXPRESS,19,0,0.0
2026-07-17T08:47:12,cash,RENAULT,KADJAR,2,0,0.0
2026-07-17T08:47:12,cash,RENAULT,KANGOO,3,0,0.0
2026-07-17T08:47:12,cash,RENAULT,MASTER,1,0,0.0
2026-07-17T08:47:12,cash,RENAULT,MEGANE,15,0,0.0
2026-07-17T08:47:12,cash,RENAULT,MEGANE E-TECH,3,3,1.0
2026-07-17T08:47:12,cash,RENAULT,SCENIC,6,0,0.0
2026-07-17T08:47:12,cash,RENAULT,SYMBIOZ,1,0,0.0
2026-07-17T08:47:12,cash,RENAULT,TRAFIC,5,0,0.0
2026-07-17T08:47:12,cash,RENAULT,TWINGO,1,0,0.0
2026-07-17T08:47:12,cash,RENAULT,ZOE,1,1,1.0
2026-07-17T08:47:12,cash,SKODA,ENYAQ,1,1,1.0
2026-07-17T08:47:12,cash,SKODA,FABIA,6,0,0.0
2026-07-17T08:47:12,cash,SKODA,KAMIQ,5,0,0.0
2026-07-17T08:47:12,cash,SKODA,KAROQ,2,0,0.0
2026-07-17T08:47:12,cash,SKODA,KODIAQ,2,0,0.0
2026-07-17T08:47:12,cash,SMART,1,1,1,1.0
2026-07-17T08:47:12,cash,SUZUKI,SWIFT,2,0,0.0
2026-07-17T08:47:12,cash,TESLA,MODEL 3,6,6,1.0
2026-07-17T08:47:12,cash,TESLA,MODEL Y,6,6,1.0
2026-07-17T08:47:12,cash,TOYOTA,AYGO X,3,0,0.0
2026-07-17T08:47:12,cash,TOYOTA,C-HR,4,0,0.0
2026-07-17T08:47:12,cash,TOYOTA,COROLLA,2,0,0.0
2026-07-17T08:47:12,cash,TOYOTA,COROLLA TS,8,0,0.0
2026-07-17T08:47:12,cash,TOYOTA,PROACE CITY,1,0,0.0
2026-07-17T08:47:12,cash,TOYOTA,RAV4 HSD,3,0,0.0
2026-07-17T08:47:12,cash,TOYOTA,RAV4 PLUG IN,4,0,0.0
2026-07-17T08:47:12,cash,TOYOTA,YARIS,1,0,0.0
2026-07-17T08:47:12,cash,TOYOTA,YARIS HYBRID,3,0,0.0
2026-07-17T08:47:12,cash,VOLKSWAGEN,GOLF,7,0,0.0
2026-07-17T08:47:12,cash,VOLKSWAGEN,POLO,5,0,0.0
2026-07-17T08:47:12,cash,VOLKSWAGEN,T-ROC,9,0,0.0
2026-07-17T08:47:12,cash,VOLKSWAGEN,TIGUAN,2,0,0.0
2026-07-17T08:47:12,cash,VOLKSWAGEN,TIGUAN ALLSPACE,3,0,0.0
2026-07-17T08:47:12,cash,VOLKSWAGEN,TOURAN,1,0,0.0
2026-07-17T08:47:12,cash,VOLKSWAGEN,TRANSPORTER,1,0,0.0
2026-07-17T09:07:24,leasing,AUDI,A3 SPORTBACK,6,0,0.0
2026-07-17T09:07:24,leasing,BMW,IX1,1,1,1.0
2026-07-17T09:07:24,leasing,BMW,IX3,1,1,1.0
2026-07-17T09:07:24,leasing,BMW,SERIE 1,5,0,0.0
2026-07-17T09:07:24,leasing,BMW,SERIE 3,2,0,0.0
2026-07-17T09:07:24,leasing,BMW,X1,5,0,0.0
2026-07-17T09:07:24,leasing,BMW,X3,2,0,0.0
2026-07-17T09:07:24,leasing,CITROEN,BERLINGO,9,0,0.0
2026-07-17T09:07:24,leasing,CITROEN,C3,7,0,0.0
2026-07-17T09:07:24,leasing,CITROEN,C3 AIRCROSS,6,0,0.0
2026-07-17T09:07:24,leasing,CITROEN,C4,4,0,0.0
2026-07-17T09:07:24,leasing,CITROEN,C5 AIRCROSS,11,0,0.0
2026-07-17T09:07:24,leasing,CITROEN,C5 X,4,0,0.0
2026-07-17T09:07:24,leasing,CITROEN,GRAND C4 SPACETOURER,1,0,0.0
2026-07-17T09:07:24,leasing,CITROEN,JUMPY,4,0,0.0
2026-07-17T09:07:24,leasing,DACIA,SANDERO,1,0,0.0
2026-07-17T09:07:24,leasing,DS,DS3,1,0,0.0
2026-07-17T09:07:24,leasing,DS,DS3 CROSSBACK,2,1,0.5
2026-07-17T09:07:24,leasing,DS,DS7,2,0,0.0
2026-07-17T09:07:24,leasing,FIAT,500,1,0,0.0
2026-07-17T09:07:24,leasing,FORD,KUGA,5,0,0.0
2026-07-17T09:07:24,leasing,FORD,PUMA,1,0,0.0
2026-07-17T09:07:24,leasing,HYUNDAI,IONIQ,1,1,1.0
2026-07-17T09:07:24,leasing,HYUNDAI,KONA,1,1,1.0
2026-07-17T09:07:24,leasing,HYUNDAI,SANTA FE,1,0,0.0
2026-07-17T09:07:24,leasing,HYUNDAI,TUCSON,10,0,0.0
2026-07-17T09:07:24,leasing,JEEP,AVENGER,2,2,1.0
2026-07-17T09:07:24,leasing,KIA,CEED,4,0,0.0
2026-07-17T09:07:24,leasing,KIA,E-NIRO,1,1,1.0
2026-07-17T09:07:24,leasing,KIA,NIRO,1,0,0.0
2026-07-17T09:07:24,leasing,KIA,NIRO EV,6,6,1.0
2026-07-17T09:07:24,leasing,KIA,PICANTO,1,0,0.0
2026-07-17T09:07:24,leasing,KIA,PROCEED,1,0,0.0
2026-07-17T09:07:24,leasing,KIA,RIO,1,0,0.0
2026-07-17T09:07:24,leasing,KIA,SPORTAGE,7,0,0.0
2026-07-17T09:07:24,leasing,KIA,STONIC,12,0,0.0
2026-07-17T09:07:24,leasing,KIA,XCEED,1,0,0.0
2026-07-17T09:07:24,leasing,MERCEDES-BENZ,CLASSE A,3,0,0.0
2026-07-17T09:07:24,leasing,MERCEDES-BENZ,CLASSE CLA,2,0,0.0
2026-07-17T09:07:24,leasing,MINI,COUNTRYMAN,1,0,0.0
2026-07-17T09:07:24,leasing,NISSAN,LEAF,1,1,1.0
2026-07-17T09:07:24,leasing,NISSAN,QASHQAI,6,0,0.0
2026-07-17T09:07:24,leasing,NISSAN,X-TRAIL,1,0,0.0
2026-07-17T09:07:24,leasing,OPEL,ASTRA,1,0,0.0
2026-07-17T09:07:24,leasing,OPEL,CORSA,4,0,0.0
2026-07-17T09:07:24,leasing,OPEL,CROSSLAND,3,0,0.0
2026-07-17T09:07:24,leasing,OPEL,GRANDLAND,1,0,0.0
2026-07-17T09:07:24,leasing,PEUGEOT,2008,19,0,0.0
2026-07-17T09:07:24,leasing,PEUGEOT,208,5,0,0.0
2026-07-17T09:07:24,leasing,PEUGEOT,3008,32,0,0.0
2026-07-17T09:07:24,leasing,PEUGEOT,308,6,0,0.0
2026-07-17T09:07:24,leasing,PEUGEOT,308 SW,2,0,0.0
2026-07-17T09:07:24,leasing,PEUGEOT,5008,13,0,0.0
2026-07-17T09:07:24,leasing,PEUGEOT,E-2008,12,12,1.0
2026-07-17T09:07:24,leasing,PEUGEOT,E-208,5,5,1.0
2026-07-17T09:07:24,leasing,PEUGEOT,EXPERT,5,0,0.0
2026-07-17T09:07:24,leasing,PEUGEOT,PARTNER,8,0,0.0
2026-07-17T09:07:24,leasing,RENAULT,ARKANA,13,0,0.0
2026-07-17T09:07:24,leasing,RENAULT,AUSTRAL,5,0,0.0
2026-07-17T09:07:24,leasing,RENAULT,CAPTUR,17,0,0.0
2026-07-17T09:07:24,leasing,RENAULT,CLIO,21,0,0.0
2026-07-17T09:07:24,leasing,RENAULT,ESPACE,1,0,0.0
2026-07-17T09:07:24,leasing,RENAULT,EXPRESS,19,0,0.0
2026-07-17T09:07:24,leasing,RENAULT,KADJAR,1,0,0.0
2026-07-17T09:07:24,leasing,RENAULT,KANGOO,4,0,0.0
2026-07-17T09:07:24,leasing,RENAULT,MASTER,1,0,0.0
2026-07-17T09:07:24,leasing,RENAULT,MEGANE,12,0,0.0
2026-07-17T09:07:24,leasing,RENAULT,MEGANE E-TECH,2,2,1.0
2026-07-17T09:07:24,leasing,RENAULT,SCENIC,6,0,0.0
2026-07-17T09:07:24,leasing,RENAULT,TRAFIC,5,0,0.0
2026-07-17T09:07:24,leasing,RENAULT,ZOE,1,1,1.0
2026-07-17T09:07:24,leasing,SKODA,FABIA,6,0,0.0
2026-07-17T09:07:24,leasing,SKODA,KAMIQ,5,0,0.0
2026-07-17T09:07:24,leasing,SKODA,KAROQ,1,0,0.0
2026-07-17T09:07:24,leasing,SKODA,KODIAQ,2,0,0.0
2026-07-17T09:07:24,leasing,SUZUKI,SWIFT,2,0,0.0
2026-07-17T09:07:24,leasing,TESLA,MODEL 3,4,4,1.0
2026-07-17T09:07:24,leasing,TESLA,MODEL Y,5,5,1.0
2026-07-17T09:07:24,leasing,TOYOTA,AYGO X,3,0,0.0
2026-07-17T09:07:24,leasing,TOYOTA,C-HR,3,0,0.0
2026-07-17T09:07:24,leasing,TOYOTA,COROLLA,2,0,0.0
2026-07-17T09:07:24,leasing,TOYOTA,COROLLA TS,8,0,0.0
2026-07-17T09:07:24,leasing,TOYOTA,PROACE CITY,1,0,0.0
2026-07-17T09:07:24,leasing,TOYOTA,RAV4 HSD,2,0,0.0
2026-07-17T09:07:24,leasing,TOYOTA,RAV4 PLUG IN,4,0,0.0
2026-07-17T09:07:24,leasing,TOYOTA,YARIS,1,0,0.0
2026-07-17T09:07:24,leasing,TOYOTA,YARIS CROSS,1,0,0.0
2026-07-17T09:07:24,leasing,TOYOTA,YARIS HYBRID,3,0,0.0
2026-07-17T09:07:24,leasing,VOLKSWAGEN,GOLF,6,0,0.0
2026-07-17T09:07:24,leasing,VOLKSWAGEN,POLO,4,0,0.0
2026-07-17T09:07:24,leasing,VOLKSWAGEN,T-ROC,8,0,0.0
2026-07-17T09:07:24,leasing,VOLKSWAGEN,TIGUAN,2,0,0.0
2026-07-17T09:07:24,leasing,VOLKSWAGEN,TIGUAN ALLSPACE,1,0,0.0
2026-07-17T09:07:24,leasing,VOLKSWAGEN,TOURAN,1,0,0.0
2026-07-17T09:07:24,leasing,VOLKSWAGEN,TRANSPORTER,1,0,0.0
2026-07-17T09:07:24,cash,AUDI,A3 SPORTBACK,6,0,0.0
2026-07-17T09:07:24,cash,BMW,IX1,1,1,1.0
2026-07-17T09:07:24,cash,BMW,IX3,1,1,1.0
2026-07-17T09:07:24,cash,BMW,SERIE 1,6,0,0.0
2026-07-17T09:07:24,cash,BMW,SERIE 2 ACTIVE TOURE,1,0,0.0
2026-07-17T09:07:24,cash,BMW,SERIE 3,2,0,0.0
2026-07-17T09:07:24,cash,BMW,X1,6,0,0.0
2026-07-17T09:07:24,cash,BMW,X3,2,0,0.0
2026-07-17T09:07:24,cash,BMW,X5,2,0,0.0
2026-07-17T09:07:24,cash,CITROEN,BERLINGO,10,0,0.0
2026-07-17T09:07:24,cash,CITROEN,C3,8,0,0.0
2026-07-17T09:07:24,cash,CITROEN,C3 AIRCROSS,6,0,0.0
2026-07-17T09:07:24,cash,CITROEN,C4,5,0,0.0
2026-07-17T09:07:24,cash,CITROEN,C5 AIRCROSS,12,0,0.0
2026-07-17T09:07:24,cash,CITROEN,C5 X,4,0,0.0
2026-07-17T09:07:24,cash,CITROEN,E-C4,1,1,1.0
2026-07-17T09:07:24,cash,CITROEN,GRAND C4 SPACETOURER,1,0,0.0
2026-07-17T09:07:24,cash,CITROEN,JUMPY,5,0,0.0
2026-07-17T09:07:24,cash,DACIA,SANDERO,1,0,0.0
2026-07-17T09:07:24,cash,DS,DS3,1,0,0.0
2026-07-17T09:07:24,cash,DS,DS3 CROSSBACK,2,1,0.5
2026-07-17T09:07:24,cash,DS,DS7,2,0,0.0
2026-07-17T09:07:24,cash,FIAT,500,1,0,0.0
2026-07-17T09:07:24,cash,FORD,KUGA,6,0,0.0
2026-07-17T09:07:24,cash,FORD,PUMA,1,0,0.0
2026-07-17T09:07:24,cash,FORD,TRANSIT CUSTOM,1,0,0.0
2026-07-17T09:07:24,cash,HYUNDAI,IONIQ,1,1,1.0
2026-07-17T09:07:24,cash,HYUNDAI,KONA,1,1,1.0
2026-07-17T09:07:24,cash,HYUNDAI,SANTA FE,1,0,0.0
2026-07-17T09:07:24,cash,HYUNDAI,TUCSON,10,0,0.0
2026-07-17T09:07:24,cash,JEEP,AVENGER,2,2,1.0
2026-07-17T09:07:24,cash,KIA,CEED,4,0,0.0
2026-07-17T09:07:24,cash,KIA,E-NIRO,1,1,1.0
2026-07-17T09:07:24,cash,KIA,NIRO,1,0,0.0
2026-07-17T09:07:24,cash,KIA,NIRO EV,6,6,1.0
2026-07-17T09:07:24,cash,KIA,PICANTO,1,0,0.0
2026-07-17T09:07:24,cash,KIA,PROCEED,1,0,0.0
2026-07-17T09:07:24,cash,KIA,RIO,1,0,0.0
2026-07-17T09:07:24,cash,KIA,SPORTAGE,8,0,0.0
2026-07-17T09:07:24,cash,KIA,STONIC,12,0,0.0
2026-07-17T09:07:24,cash,KIA,XCEED,1,0,0.0
2026-07-17T09:07:24,cash,MERCEDES-BENZ,CLASSE A,5,0,0.0
2026-07-17T09:07:24,cash,MERCEDES-BENZ,CLASSE CLA,2,0,0.0
2026-07-17T09:07:24,cash,MERCEDES-BENZ,GLB,1,0,0.0
2026-07-17T09:07:24,cash,MINI,COUNTRYMAN,1,0,0.0
2026-07-17T09:07:24,cash,NISSAN,LEAF,1,1,1.0
2026-07-17T09:07:24,cash,NISSAN,QASHQAI,7,0,0.0
2026-07-17T09:07:24,cash,NISSAN,X-TRAIL,1,0,0.0
2026-07-17T09:07:24,cash,OPEL,ASTRA,1,0,0.0
2026-07-17T09:07:24,cash,OPEL,CORSA,4,0,0.0
2026-07-17T09:07:24,cash,OPEL,CROSSLAND,3,0,0.0
2026-07-17T09:07:24,cash,OPEL,GRANDLAND,1,0,0.0
2026-07-17T09:07:24,cash,OPEL,GRANDLAND X,1,0,0.0
2026-07-17T09:07:24,cash,PEUGEOT,108,1,0,0.0
2026-07-17T09:07:24,cash,PEUGEOT,2008,21,0,0.0
2026-07-17T09:07:24,cash,PEUGEOT,208,8,0,0.0
2026-07-17T09:07:24,cash,PEUGEOT,3008,40,0,0.0
2026-07-17T09:07:24,cash,PEUGEOT,308,6,0,0.0
2026-07-17T09:07:24,cash,PEUGEOT,308 SW,2,0,0.0
2026-07-17T09:07:24,cash,PEUGEOT,5008,14,0,0.0
2026-07-17T09:07:24,cash,PEUGEOT,E-2008,12,12,1.0
2026-07-17T09:07:24,cash,PEUGEOT,E-208,7,7,1.0
2026-07-17T09:07:24,cash,PEUGEOT,E-308,1,1,1.0
2026-07-17T09:07:24,cash,PEUGEOT,EXPERT,5,0,0.0
2026-07-17T09:07:24,cash,PEUGEOT,PARTNER,9,0,0.0
2026-07-17T09:07:24,cash,RENAULT,ARKANA,13,0,0.0
2026-07-17T09:07:24,cash,RENAULT,AUSTRAL,5,0,0.0
2026-07-17T09:07:24,cash,RENAULT,CAPTUR,17,0,0.0
2026-07-17T09:07:24,cash,RENAULT,CLIO,29,0,0.0
2026-07-17T09:07:24,cash,RENAULT,ESPACE,1,0,0.0
2026-07-17T09:07:24,cash,RENAULT,EXPRESS,19,0,0.0
2026-07-17T09:07:24,cash,RENAULT,KADJAR,2,0,0.0
2026-07-17T09:07:24,cash,RENAULT,KANGOO,4,0,0.0
2026-07-17T09:07:24,cash,RENAULT,MASTER,1,0,0.0
2026-07-17T09:07:24,cash,RENAULT,MEGANE,15,0,0.0
2026-07-17T09:07:24,cash,RENAULT,MEGANE E-TECH,3,3,1.0
2026-07-17T09:07:24,cash,RENAULT,SCENIC,6,0,0.0
2026-07-17T09:07:24,cash,RENAULT,SYMBIOZ,1,0,0.0
2026-07-17T09:07:24,cash,RENAULT,TRAFIC,5,0,0.0
2026-07-17T09:07:24,cash,RENAULT,TWINGO,1,0,0.0
2026-07-17T09:07:24,cash,RENAULT,ZOE,1,1,1.0
2026-07-17T09:07:24,cash,SKODA,ENYAQ,1,1,1.0
2026-07-17T09:07:24,cash,SKODA,FABIA,6,0,0.0
2026-07-17T09:07:24,cash,SKODA,KAMIQ,5,0,0.0
2026-07-17T09:07:24,cash,SKODA,KAROQ,1,0,0.0
2026-07-17T09:07:24,cash,SKODA,KODIAQ,2,0,0.0
2026-07-17T09:07:24,cash,SMART,1,1,1,1.0
2026-07-17T09:07:24,cash,SUZUKI,SWIFT,2,0,0.0
2026-07-17T09:07:24,cash,TESLA,MODEL 3,6,6,1.0
2026-07-17T09:07:24,cash,TESLA,MODEL Y,6,6,1.0
2026-07-17T09:07:24,cash,TOYOTA,AYGO X,3,0,0.0
2026-07-17T09:07:24,cash,TOYOTA,C-HR,4,0,0.0
2026-07-17T09:07:24,cash,TOYOTA,COROLLA,2,0,0.0
2026-07-17T09:07:24,cash,TOYOTA,COROLLA TS,8,0,0.0
2026-07-17T09:07:24,cash,TOYOTA,PROACE CITY,1,0,0.0
2026-07-17T09:07:24,cash,TOYOTA,RAV4 HSD,3,0,0.0
2026-07-17T09:07:24,cash,TOYOTA,RAV4 PLUG IN,4,0,0.0
2026-07-17T09:07:24,cash,TOYOTA,YARIS,1,0,0.0
2026-07-17T09:07:24,cash,TOYOTA,YARIS CROSS,1,0,0.0
2026-07-17T09:07:24,cash,TOYOTA,YARIS HYBRID,3,0,0.0
2026-07-17T09:07:24,cash,VOLKSWAGEN,GOLF,7,0,0.0
2026-07-17T09:07:24,cash,VOLKSWAGEN,POLO,4,0,0.0
2026-07-17T09:07:24,cash,VOLKSWAGEN,T-ROC,9,0,0.0
2026-07-17T09:07:24,cash,VOLKSWAGEN,TIGUAN,2,0,0.0
2026-07-17T09:07:24,cash,VOLKSWAGEN,TIGUAN ALLSPACE,3,0,0.0
2026-07-17T09:07:24,cash,VOLKSWAGEN,TOURAN,1,0,0.0
2026-07-17T09:07:24,cash,VOLKSWAGEN,TRANSPORTER,1,0,0.0
2026-07-18T08:47:07,leasing,AUDI,A3 SPORTBACK,5,0,0.0
2026-07-18T08:47:07,leasing,BMW,IX1,1,1,1.0
2026-07-18T08:47:07,leasing,BMW,IX3,1,1,1.0
2026-07-18T08:47:07,leasing,BMW,SERIE 1,6,0,0.0
2026-07-18T08:47:07,leasing,BMW,SERIE 3,2,0,0.0
2026-07-18T08:47:07,leasing,BMW,X1,6,0,0.0
2026-07-18T08:47:07,leasing,BMW,X3,2,0,0.0
2026-07-18T08:47:07,leasing,CITROEN,BERLINGO,9,0,0.0
2026-07-18T08:47:07,leasing,CITROEN,C3,7,0,0.0
2026-07-18T08:47:07,leasing,CITROEN,C3 AIRCROSS,6,0,0.0
2026-07-18T08:47:07,leasing,CITROEN,C4,4,0,0.0
2026-07-18T08:47:07,leasing,CITROEN,C5 AIRCROSS,12,0,0.0
2026-07-18T08:47:07,leasing,CITROEN,C5 X,4,0,0.0
2026-07-18T08:47:07,leasing,CITROEN,GRAND C4 SPACETOURER,1,0,0.0
2026-07-18T08:47:07,leasing,CITROEN,JUMPY,4,0,0.0
2026-07-18T08:47:07,leasing,DACIA,SANDERO,1,0,0.0
2026-07-18T08:47:07,leasing,DS,DS3,1,0,0.0
2026-07-18T08:47:07,leasing,DS,DS3 CROSSBACK,2,1,0.5
2026-07-18T08:47:07,leasing,DS,DS7,2,0,0.0
2026-07-18T08:47:07,leasing,FIAT,500,1,0,0.0
2026-07-18T08:47:07,leasing,FORD,KUGA,5,0,0.0
2026-07-18T08:47:07,leasing,FORD,PUMA,1,0,0.0
2026-07-18T08:47:07,leasing,HYUNDAI,IONIQ,1,1,1.0
2026-07-18T08:47:07,leasing,HYUNDAI,SANTA FE,1,0,0.0
2026-07-18T08:47:07,leasing,HYUNDAI,TUCSON,10,0,0.0
2026-07-18T08:47:07,leasing,JEEP,AVENGER,2,2,1.0
2026-07-18T08:47:07,leasing,KIA,CEED,4,0,0.0
2026-07-18T08:47:07,leasing,KIA,E-NIRO,1,1,1.0
2026-07-18T08:47:07,leasing,KIA,NIRO,1,0,0.0
2026-07-18T08:47:07,leasing,KIA,NIRO EV,6,6,1.0
2026-07-18T08:47:07,leasing,KIA,PICANTO,1,0,0.0
2026-07-18T08:47:07,leasing,KIA,PROCEED,1,0,0.0
2026-07-18T08:47:07,leasing,KIA,RIO,1,0,0.0
2026-07-18T08:47:07,leasing,KIA,SPORTAGE,6,0,0.0
2026-07-18T08:47:07,leasing,KIA,STONIC,12,0,0.0
2026-07-18T08:47:07,leasing,KIA,XCEED,1,0,0.0
2026-07-18T08:47:07,leasing,MERCEDES-BENZ,CLASSE A,3,0,0.0
2026-07-18T08:47:07,leasing,MERCEDES-BENZ,CLASSE CLA,2,0,0.0
2026-07-18T08:47:07,leasing,MINI,COUNTRYMAN,1,0,0.0
2026-07-18T08:47:07,leasing,NISSAN,LEAF,1,1,1.0
2026-07-18T08:47:07,leasing,NISSAN,QASHQAI,8,0,0.0
2026-07-18T08:47:07,leasing,NISSAN,X-TRAIL,1,0,0.0
2026-07-18T08:47:07,leasing,OPEL,ASTRA,1,0,0.0
2026-07-18T08:47:07,leasing,OPEL,CORSA,4,0,0.0
2026-07-18T08:47:07,leasing,OPEL,CROSSLAND,3,0,0.0
2026-07-18T08:47:07,leasing,OPEL,GRANDLAND,1,0,0.0
2026-07-18T08:47:07,leasing,PEUGEOT,2008,19,0,0.0
2026-07-18T08:47:07,leasing,PEUGEOT,208,6,0,0.0
2026-07-18T08:47:07,leasing,PEUGEOT,3008,33,0,0.0
2026-07-18T08:47:07,leasing,PEUGEOT,308,6,0,0.0
2026-07-18T08:47:07,leasing,PEUGEOT,308 SW,2,0,0.0
2026-07-18T08:47:07,leasing,PEUGEOT,5008,13,0,0.0
2026-07-18T08:47:07,leasing,PEUGEOT,E-2008,12,12,1.0
2026-07-18T08:47:07,leasing,PEUGEOT,E-208,5,5,1.0
2026-07-18T08:47:07,leasing,PEUGEOT,EXPERT,5,0,0.0
2026-07-18T08:47:07,leasing,PEUGEOT,PARTNER,8,0,0.0
2026-07-18T08:47:07,leasing,RENAULT,ARKANA,13,0,0.0
2026-07-18T08:47:07,leasing,RENAULT,AUSTRAL,4,0,0.0
2026-07-18T08:47:07,leasing,RENAULT,CAPTUR,16,0,0.0
2026-07-18T08:47:07,leasing,RENAULT,CLIO,24,0,0.0
2026-07-18T08:47:07,leasing,RENAULT,ESPACE,1,0,0.0
2026-07-18T08:47:07,leasing,RENAULT,EXPRESS,19,0,0.0
2026-07-18T08:47:07,leasing,RENAULT,KADJAR,1,0,0.0
2026-07-18T08:47:07,leasing,RENAULT,KANGOO,3,0,0.0
2026-07-18T08:47:07,leasing,RENAULT,MASTER,1,0,0.0
2026-07-18T08:47:07,leasing,RENAULT,MEGANE,12,0,0.0
2026-07-18T08:47:07,leasing,RENAULT,MEGANE E-TECH,2,2,1.0
2026-07-18T08:47:07,leasing,RENAULT,SCENIC,6,0,0.0
2026-07-18T08:47:07,leasing,RENAULT,TRAFIC,5,0,0.0
2026-07-18T08:47:07,leasing,RENAULT,ZOE,1,1,1.0
2026-07-18T08:47:07,leasing,SKODA,ENYAQ,1,1,1.0
2026-07-18T08:47:07,leasing,SKODA,FABIA,6,0,0.0
2026-07-18T08:47:07,leasing,SKODA,KAMIQ,5,0,0.0
2026-07-18T08:47:07,leasing,SKODA,KAROQ,1,0,0.0
2026-07-18T08:47:07,leasing,SKODA,KODIAQ,2,0,0.0
2026-07-18T08:47:07,leasing,SUZUKI,SWIFT,2,0,0.0
2026-07-18T08:47:07,leasing,TESLA,MODEL 3,4,4,1.0
2026-07-18T08:47:07,leasing,TESLA,MODEL Y,5,5,1.0
2026-07-18T08:47:07,leasing,TOYOTA,AYGO X,3,0,0.0
2026-07-18T08:47:07,leasing,TOYOTA,C-HR,2,0,0.0
2026-07-18T08:47:07,leasing,TOYOTA,COROLLA,2,0,0.0
2026-07-18T08:47:07,leasing,TOYOTA,COROLLA TS,8,0,0.0
2026-07-18T08:47:07,leasing,TOYOTA,PROACE CITY,1,0,0.0
2026-07-18T08:47:07,leasing,TOYOTA,RAV4 HSD,3,0,0.0
2026-07-18T08:47:07,leasing,TOYOTA,RAV4 PLUG IN,3,0,0.0
2026-07-18T08:47:07,leasing,TOYOTA,YARIS,1,0,0.0
2026-07-18T08:47:07,leasing,TOYOTA,YARIS HYBRID,3,0,0.0
2026-07-18T08:47:07,leasing,VOLKSWAGEN,GOLF,6,0,0.0
2026-07-18T08:47:07,leasing,VOLKSWAGEN,ID.3,1,1,1.0
2026-07-18T08:47:07,leasing,VOLKSWAGEN,POLO,4,0,0.0
2026-07-18T08:47:07,leasing,VOLKSWAGEN,T-ROC,8,0,0.0
2026-07-18T08:47:07,leasing,VOLKSWAGEN,TIGUAN,2,0,0.0
2026-07-18T08:47:07,leasing,VOLKSWAGEN,TIGUAN ALLSPACE,1,0,0.0
2026-07-18T08:47:07,leasing,VOLKSWAGEN,TOURAN,1,0,0.0
2026-07-18T08:47:07,leasing,VOLKSWAGEN,TRANSPORTER,1,0,0.0
2026-07-18T08:47:07,cash,AUDI,A3 SPORTBACK,5,0,0.0
2026-07-18T08:47:07,cash,BMW,IX1,1,1,1.0
2026-07-18T08:47:07,cash,BMW,IX3,1,1,1.0
2026-07-18T08:47:07,cash,BMW,SERIE 1,6,0,0.0
2026-07-18T08:47:07,cash,BMW,SERIE 2 ACTIVE TOURE,1,0,0.0
2026-07-18T08:47:07,cash,BMW,SERIE 3,2,0,0.0
2026-07-18T08:47:07,cash,BMW,X1,8,0,0.0
2026-07-18T08:47:07,cash,BMW,X3,2,0,0.0
2026-07-18T08:47:07,cash,BMW,X5,1,0,0.0
2026-07-18T08:47:07,cash,CITROEN,BERLINGO,10,0,0.0
2026-07-18T08:47:07,cash,CITROEN,C3,8,0,0.0
2026-07-18T08:47:07,cash,CITROEN,C3 AIRCROSS,6,0,0.0
2026-07-18T08:47:07,cash,CITROEN,C4,5,0,0.0
2026-07-18T08:47:07,cash,CITROEN,C5 AIRCROSS,12,0,0.0
2026-07-18T08:47:07,cash,CITROEN,C5 X,4,0,0.0
2026-07-18T08:47:07,cash,CITROEN,E-C4,1,1,1.0
2026-07-18T08:47:07,cash,CITROEN,GRAND C4 SPACETOURER,1,0,0.0
2026-07-18T08:47:07,cash,CITROEN,JUMPY,4,0,0.0
2026-07-18T08:47:07,cash,DACIA,SANDERO,1,0,0.0
2026-07-18T08:47:07,cash,DS,DS3,1,0,0.0
2026-07-18T08:47:07,cash,DS,DS3 CROSSBACK,2,1,0.5
2026-07-18T08:47:07,cash,DS,DS7,2,0,0.0
2026-07-18T08:47:07,cash,FIAT,500,1,0,0.0
2026-07-18T08:47:07,cash,FORD,KUGA,6,0,0.0
2026-07-18T08:47:07,cash,FORD,PUMA,1,0,0.0
2026-07-18T08:47:07,cash,FORD,TRANSIT CUSTOM,1,0,0.0
2026-07-18T08:47:07,cash,HYUNDAI,IONIQ,1,1,1.0
2026-07-18T08:47:07,cash,HYUNDAI,SANTA FE,1,0,0.0
2026-07-18T08:47:07,cash,HYUNDAI,TUCSON,10,0,0.0
2026-07-18T08:47:07,cash,JEEP,AVENGER,2,2,1.0
2026-07-18T08:47:07,cash,KIA,CEED,4,0,0.0
2026-07-18T08:47:07,cash,KIA,E-NIRO,1,1,1.0
2026-07-18T08:47:07,cash,KIA,NIRO,1,0,0.0
2026-07-18T08:47:07,cash,KIA,NIRO EV,6,6,1.0
2026-07-18T08:47:07,cash,KIA,PICANTO,1,0,0.0
2026-07-18T08:47:07,cash,KIA,PROCEED,1,0,0.0
2026-07-18T08:47:07,cash,KIA,RIO,1,0,0.0
2026-07-18T08:47:07,cash,KIA,SPORTAGE,7,0,0.0
2026-07-18T08:47:07,cash,KIA,STONIC,12,0,0.0
2026-07-18T08:47:07,cash,KIA,XCEED,1,0,0.0
2026-07-18T08:47:07,cash,MERCEDES-BENZ,CLASSE A,5,0,0.0
2026-07-18T08:47:07,cash,MERCEDES-BENZ,CLASSE CLA,2,0,0.0
2026-07-18T08:47:07,cash,MERCEDES-BENZ,GLB,1,0,0.0
2026-07-18T08:47:07,cash,MINI,COUNTRYMAN,1,0,0.0
2026-07-18T08:47:07,cash,NISSAN,LEAF,1,1,1.0
2026-07-18T08:47:07,cash,NISSAN,QASHQAI,9,0,0.0
2026-07-18T08:47:07,cash,NISSAN,X-TRAIL,1,0,0.0
2026-07-18T08:47:07,cash,OPEL,ASTRA,1,0,0.0
2026-07-18T08:47:07,cash,OPEL,CORSA,4,0,0.0
2026-07-18T08:47:07,cash,OPEL,CROSSLAND,3,0,0.0
2026-07-18T08:47:07,cash,OPEL,GRANDLAND,1,0,0.0
2026-07-18T08:47:07,cash,OPEL,GRANDLAND X,1,0,0.0
2026-07-18T08:47:07,cash,PEUGEOT,108,1,0,0.0
2026-07-18T08:47:07,cash,PEUGEOT,2008,21,0,0.0
2026-07-18T08:47:07,cash,PEUGEOT,208,8,0,0.0
2026-07-18T08:47:07,cash,PEUGEOT,3008,41,0,0.0
2026-07-18T08:47:07,cash,PEUGEOT,308,6,0,0.0
2026-07-18T08:47:07,cash,PEUGEOT,308 SW,2,0,0.0
2026-07-18T08:47:07,cash,PEUGEOT,5008,14,0,0.0
2026-07-18T08:47:07,cash,PEUGEOT,E-2008,12,12,1.0
2026-07-18T08:47:07,cash,PEUGEOT,E-208,7,7,1.0
2026-07-18T08:47:07,cash,PEUGEOT,E-308,1,1,1.0
2026-07-18T08:47:07,cash,PEUGEOT,EXPERT,5,0,0.0
2026-07-18T08:47:07,cash,PEUGEOT,PARTNER,9,0,0.0
2026-07-18T08:47:07,cash,RENAULT,ARKANA,13,0,0.0
2026-07-18T08:47:07,cash,RENAULT,AUSTRAL,4,0,0.0
2026-07-18T08:47:07,cash,RENAULT,CAPTUR,16,0,0.0
2026-07-18T08:47:07,cash,RENAULT,CLIO,30,0,0.0
2026-07-18T08:47:07,cash,RENAULT,ESPACE,1,0,0.0
2026-07-18T08:47:07,cash,RENAULT,EXPRESS,19,0,0.0
2026-07-18T08:47:07,cash,RENAULT,KADJAR,2,0,0.0
2026-07-18T08:47:07,cash,RENAULT,KANGOO,3,0,0.0
2026-07-18T08:47:07,cash,RENAULT,MASTER,1,0,0.0
2026-07-18T08:47:07,cash,RENAULT,MEGANE,15,0,0.0
2026-07-18T08:47:07,cash,RENAULT,MEGANE E-TECH,2,2,1.0
2026-07-18T08:47:07,cash,RENAULT,SCENIC,6,0,0.0
2026-07-18T08:47:07,cash,RENAULT,SYMBIOZ,1,0,0.0
2026-07-18T08:47:07,cash,RENAULT,TRAFIC,5,0,0.0
2026-07-18T08:47:07,cash,RENAULT,TWINGO,1,0,0.0
2026-07-18T08:47:07,cash,RENAULT,ZOE,1,1,1.0
2026-07-18T08:47:07,cash,SKODA,ENYAQ,1,1,1.0
2026-07-18T08:47:07,cash,SKODA,FABIA,6,0,0.0
2026-07-18T08:47:07,cash,SKODA,KAMIQ,5,0,0.0
2026-07-18T08:47:07,cash,SKODA,KAROQ,1,0,0.0
2026-07-18T08:47:07,cash,SKODA,KODIAQ,2,0,0.0
2026-07-18T08:47:07,cash,SMART,1,1,1,1.0
2026-07-18T08:47:07,cash,SUZUKI,SWIFT,2,0,0.0
2026-07-18T08:47:07,cash,TESLA,MODEL 3,6,6,1.0
2026-07-18T08:47:07,cash,TESLA,MODEL Y,5,5,1.0
2026-07-18T08:47:07,cash,TOYOTA,AYGO X,3,0,0.0
2026-07-18T08:47:07,cash,TOYOTA,C-HR,3,0,0.0
2026-07-18T08:47:07,cash,TOYOTA,COROLLA,2,0,0.0
2026-07-18T08:47:07,cash,TOYOTA,COROLLA TS,8,0,0.0
2026-07-18T08:47:07,cash,TOYOTA,PROACE CITY,1,0,0.0
2026-07-18T08:47:07,cash,TOYOTA,RAV4 HSD,4,0,0.0
2026-07-18T08:47:07,cash,TOYOTA,RAV4 PLUG IN,3,0,0.0
2026-07-18T08:47:07,cash,TOYOTA,YARIS,1,0,0.0
2026-07-18T08:47:07,cash,TOYOTA,YARIS HYBRID,3,0,0.0
2026-07-18T08:47:07,cash,VOLKSWAGEN,GOLF,8,0,0.0
2026-07-18T08:47:07,cash,VOLKSWAGEN,ID.3,1,1,1.0
2026-07-18T08:47:07,cash,VOLKSWAGEN,POLO,4,0,0.0
2026-07-18T08:47:07,cash,VOLKSWAGEN,T-ROC,9,0,0.0
2026-07-18T08:47:07,cash,VOLKSWAGEN,TIGUAN,2,0,0.0
2026-07-18T08:47:07,cash,VOLKSWAGEN,TIGUAN ALLSPACE,3,0,0.0
2026-07-18T08:47:07,cash,VOLKSWAGEN,TOURAN,1,0,0.0
2026-07-18T08:47:07,cash,VOLKSWAGEN,TRANSPORTER,1,0,0.0
2026-07-19T08:10:53,leasing,AUDI,A3 SPORTBACK,5,0,0.0
2026-07-19T08:10:53,leasing,AUDI,Q2,1,0,0.0
2026-07-19T08:10:53,leasing,BMW,IX1,1,1,1.0
2026-07-19T08:10:53,leasing,BMW,IX3,1,1,1.0
2026-07-19T08:10:53,leasing,BMW,SERIE 1,6,0,0.0
2026-07-19T08:10:53,leasing,BMW,SERIE 3,2,0,0.0
2026-07-19T08:10:53,leasing,BMW,X1,10,0,0.0
2026-07-19T08:10:53,leasing,BMW,X2,1,0,0.0
2026-07-19T08:10:53,leasing,BMW,X3,3,0,0.0
2026-07-19T08:10:53,leasing,CITROEN,BERLINGO,9,0,0.0
2026-07-19T08:10:53,leasing,CITROEN,C3,7,0,0.0
2026-07-19T08:10:53,leasing,CITROEN,C3 AIRCROSS,6,0,0.0
2026-07-19T08:10:53,leasing,CITROEN,C4,4,0,0.0
2026-07-19T08:10:53,leasing,CITROEN,C5 AIRCROSS,12,0,0.0
2026-07-19T08:10:53,leasing,CITROEN,C5 X,4,0,0.0
2026-07-19T08:10:53,leasing,CITROEN,GRAND C4 SPACETOURER,1,0,0.0
2026-07-19T08:10:53,leasing,CITROEN,JUMPY,5,0,0.0
2026-07-19T08:10:53,leasing,DACIA,SANDERO,1,0,0.0
2026-07-19T08:10:53,leasing,DS,DS3,1,0,0.0
2026-07-19T08:10:53,leasing,DS,DS3 CROSSBACK,2,1,0.5
2026-07-19T08:10:53,leasing,DS,DS7,2,0,0.0
2026-07-19T08:10:53,leasing,FIAT,500,2,0,0.0
2026-07-19T08:10:53,leasing,FORD,KUGA,5,0,0.0
2026-07-19T08:10:53,leasing,FORD,PUMA,1,0,0.0
2026-07-19T08:10:53,leasing,HYUNDAI,IONIQ,1,1,1.0
2026-07-19T08:10:53,leasing,HYUNDAI,SANTA FE,1,0,0.0
2026-07-19T08:10:53,leasing,HYUNDAI,TUCSON,10,0,0.0
2026-07-19T08:10:53,leasing,JEEP,AVENGER,2,2,1.0
2026-07-19T08:10:53,leasing,KIA,CEED,4,0,0.0
2026-07-19T08:10:53,leasing,KIA,NIRO,1,0,0.0
2026-07-19T08:10:53,leasing,KIA,NIRO EV,6,6,1.0
2026-07-19T08:10:53,leasing,KIA,PICANTO,1,0,0.0
2026-07-19T08:10:53,leasing,KIA,PROCEED,1,0,0.0
2026-07-19T08:10:53,leasing,KIA,RIO,1,0,0.0
2026-07-19T08:10:53,leasing,KIA,SPORTAGE,6,0,0.0
2026-07-19T08:10:53,leasing,KIA,STONIC,12,0,0.0
2026-07-19T08:10:53,leasing,KIA,XCEED,1,0,0.0
2026-07-19T08:10:53,leasing,MERCEDES-BENZ,CLASSE A,3,0,0.0
2026-07-19T08:10:53,leasing,MERCEDES-BENZ,CLASSE CLA,3,0,0.0
2026-07-19T08:10:53,leasing,MERCEDES-BENZ,CLASSE GLA,1,0,0.0
2026-07-19T08:10:53,leasing,MINI,COUNTRYMAN,1,0,0.0
2026-07-19T08:10:53,leasing,NISSAN,LEAF,1,1,1.0
2026-07-19T08:10:53,leasing,NISSAN,QASHQAI,8,0,0.0
2026-07-19T08:10:53,leasing,NISSAN,X-TRAIL,1,0,0.0
2026-07-19T08:10:53,leasing,OPEL,ASTRA,1,0,0.0
2026-07-19T08:10:53,leasing,OPEL,CORSA,4,0,0.0
2026-07-19T08:10:53,leasing,OPEL,CROSSLAND,3,0,0.0
2026-07-19T08:10:53,leasing,OPEL,GRANDLAND,1,0,0.0
2026-07-19T08:10:53,leasing,PEUGEOT,2008,18,0,0.0
2026-07-19T08:10:53,leasing,PEUGEOT,208,8,0,0.0
2026-07-19T08:10:53,leasing,PEUGEOT,3008,32,0,0.0
2026-07-19T08:10:53,leasing,PEUGEOT,308,6,0,0.0
2026-07-19T08:10:53,leasing,PEUGEOT,308 SW,2,0,0.0
2026-07-19T08:10:53,leasing,PEUGEOT,5008,13,0,0.0
2026-07-19T08:10:53,leasing,PEUGEOT,E-2008,12,12,1.0
2026-07-19T08:10:53,leasing,PEUGEOT,E-208,5,5,1.0
2026-07-19T08:10:53,leasing,PEUGEOT,EXPERT,5,0,0.0
2026-07-19T08:10:53,leasing,PEUGEOT,PARTNER,8,0,0.0
2026-07-19T08:10:53,leasing,RENAULT,ARKANA,13,0,0.0
2026-07-19T08:10:53,leasing,RENAULT,AUSTRAL,5,0,0.0
2026-07-19T08:10:53,leasing,RENAULT,CAPTUR,15,0,0.0
2026-07-19T08:10:53,leasing,RENAULT,CLIO,25,0,0.0
2026-07-19T08:10:53,leasing,RENAULT,ESPACE,2,0,0.0
2026-07-19T08:10:53,leasing,RENAULT,EXPRESS,19,0,0.0
2026-07-19T08:10:53,leasing,RENAULT,KADJAR,1,0,0.0
2026-07-19T08:10:53,leasing,RENAULT,KANGOO,3,0,0.0
2026-07-19T08:10:53,leasing,RENAULT,MASTER,1,0,0.0
2026-07-19T08:10:53,leasing,RENAULT,MEGANE,12,0,0.0
2026-07-19T08:10:53,leasing,RENAULT,MEGANE E-TECH,6,6,1.0
2026-07-19T08:10:53,leasing,RENAULT,SCENIC,6,0,0.0
2026-07-19T08:10:53,leasing,RENAULT,TRAFIC,5,0,0.0
2026-07-19T08:10:53,leasing,RENAULT,ZOE,1,1,1.0
2026-07-19T08:10:53,leasing,SKODA,ENYAQ,1,1,1.0
2026-07-19T08:10:53,leasing,SKODA,FABIA,6,0,0.0
2026-07-19T08:10:53,leasing,SKODA,KAMIQ,5,0,0.0
2026-07-19T08:10:53,leasing,SKODA,KODIAQ,2,0,0.0
2026-07-19T08:10:53,leasing,SUZUKI,SWIFT,1,0,0.0
2026-07-19T08:10:53,leasing,TESLA,MODEL 3,4,4,1.0
2026-07-19T08:10:53,leasing,TESLA,MODEL Y,5,5,1.0
2026-07-19T08:10:53,leasing,TOYOTA,AYGO X,3,0,0.0
2026-07-19T08:10:53,leasing,TOYOTA,C-HR,2,0,0.0
2026-07-19T08:10:53,leasing,TOYOTA,COROLLA,2,0,0.0
2026-07-19T08:10:53,leasing,TOYOTA,COROLLA TS,7,0,0.0
2026-07-19T08:10:53,leasing,TOYOTA,PROACE CITY,1,0,0.0
2026-07-19T08:10:53,leasing,TOYOTA,RAV4 HSD,3,0,0.0
2026-07-19T08:10:53,leasing,TOYOTA,RAV4 PLUG IN,3,0,0.0
2026-07-19T08:10:53,leasing,TOYOTA,YARIS HYBRID,4,0,0.0
2026-07-19T08:10:53,leasing,VOLKSWAGEN,GOLF,6,0,0.0
2026-07-19T08:10:53,leasing,VOLKSWAGEN,ID.3,1,1,1.0
2026-07-19T08:10:53,leasing,VOLKSWAGEN,POLO,5,0,0.0
2026-07-19T08:10:53,leasing,VOLKSWAGEN,T-ROC,7,0,0.0
2026-07-19T08:10:53,leasing,VOLKSWAGEN,TIGUAN,2,0,0.0
2026-07-19T08:10:53,leasing,VOLKSWAGEN,TIGUAN ALLSPACE,1,0,0.0
2026-07-19T08:10:53,leasing,VOLKSWAGEN,TOURAN,1,0,0.0
2026-07-19T08:10:53,leasing,VOLKSWAGEN,TRANSPORTER,1,0,0.0
2026-07-19T08:10:53,cash,AUDI,A3 SPORTBACK,5,0,0.0
2026-07-19T08:10:53,cash,AUDI,Q2,1,0,0.0
2026-07-19T08:10:53,cash,BMW,IX1,1,1,1.0
2026-07-19T08:10:53,cash,BMW,IX3,1,1,1.0
2026-07-19T08:10:53,cash,BMW,SERIE 1,6,0,0.0
2026-07-19T08:10:53,cash,BMW,SERIE 2 ACTIVE TOURE,1,0,0.0
2026-07-19T08:10:53,cash,BMW,SERIE 3,2,0,0.0
2026-07-19T08:10:53,cash,BMW,X1,12,0,0.0
2026-07-19T08:10:53,cash,BMW,X2,1,0,0.0
2026-07-19T08:10:53,cash,BMW,X3,3,0,0.0
2026-07-19T08:10:53,cash,BMW,X5,1,0,0.0
2026-07-19T08:10:53,cash,CITROEN,BERLINGO,10,0,0.0
2026-07-19T08:10:53,cash,CITROEN,C3,8,0,0.0
2026-07-19T08:10:53,cash,CITROEN,C3 AIRCROSS,6,0,0.0
2026-07-19T08:10:53,cash,CITROEN,C4,5,0,0.0
2026-07-19T08:10:53,cash,CITROEN,C5 AIRCROSS,12,0,0.0
2026-07-19T08:10:53,cash,CITROEN,C5 X,4,0,0.0
2026-07-19T08:10:53,cash,CITROEN,E-C4,1,1,1.0
2026-07-19T08:10:53,cash,CITROEN,GRAND C4 SPACETOURER,1,0,0.0
2026-07-19T08:10:53,cash,CITROEN,JUMPY,5,0,0.0
2026-07-19T08:10:53,cash,DACIA,SANDERO,1,0,0.0
2026-07-19T08:10:53,cash,DS,DS3,1,0,0.0
2026-07-19T08:10:53,cash,DS,DS3 CROSSBACK,2,1,0.5
2026-07-19T08:10:53,cash,DS,DS7,2,0,0.0
2026-07-19T08:10:53,cash,FIAT,500,2,0,0.0
2026-07-19T08:10:53,cash,FORD,KUGA,6,0,0.0
2026-07-19T08:10:53,cash,FORD,PUMA,1,0,0.0
2026-07-19T08:10:53,cash,FORD,TRANSIT CUSTOM,1,0,0.0
2026-07-19T08:10:53,cash,HYUNDAI,IONIQ,1,1,1.0
2026-07-19T08:10:53,cash,HYUNDAI,SANTA FE,1,0,0.0
2026-07-19T08:10:53,cash,HYUNDAI,TUCSON,10,0,0.0
2026-07-19T08:10:53,cash,JEEP,AVENGER,2,2,1.0
2026-07-19T08:10:53,cash,KIA,CEED,4,0,0.0
2026-07-19T08:10:53,cash,KIA,NIRO,1,0,0.0
2026-07-19T08:10:53,cash,KIA,NIRO EV,6,6,1.0
2026-07-19T08:10:53,cash,KIA,PICANTO,1,0,0.0
2026-07-19T08:10:53,cash,KIA,PROCEED,1,0,0.0
2026-07-19T08:10:53,cash,KIA,RIO,1,0,0.0
2026-07-19T08:10:53,cash,KIA,SPORTAGE,7,0,0.0
2026-07-19T08:10:53,cash,KIA,STONIC,12,0,0.0
2026-07-19T08:10:53,cash,KIA,XCEED,1,0,0.0
2026-07-19T08:10:53,cash,MERCEDES-BENZ,CLASSE A,5,0,0.0
2026-07-19T08:10:53,cash,MERCEDES-BENZ,CLASSE CLA,3,0,0.0
2026-07-19T08:10:53,cash,MERCEDES-BENZ,CLASSE GLA,1,0,0.0
2026-07-19T08:10:53,cash,MERCEDES-BENZ,GLB,1,0,0.0
2026-07-19T08:10:53,cash,MINI,COUNTRYMAN,1,0,0.0
2026-07-19T08:10:53,cash,NISSAN,LEAF,1,1,1.0
2026-07-19T08:10:53,cash,NISSAN,QASHQAI,9,0,0.0
2026-07-19T08:10:53,cash,NISSAN,X-TRAIL,1,0,0.0
2026-07-19T08:10:53,cash,OPEL,ASTRA,1,0,0.0
2026-07-19T08:10:53,cash,OPEL,CORSA,4,0,0.0
2026-07-19T08:10:53,cash,OPEL,CROSSLAND,3,0,0.0
2026-07-19T08:10:53,cash,OPEL,GRANDLAND,1,0,0.0
2026-07-19T08:10:53,cash,OPEL,GRANDLAND X,1,0,0.0
2026-07-19T08:10:53,cash,PEUGEOT,108,1,0,0.0
2026-07-19T08:10:53,cash,PEUGEOT,2008,20,0,0.0
2026-07-19T08:10:53,cash,PEUGEOT,208,10,0,0.0
2026-07-19T08:10:53,cash,PEUGEOT,3008,40,0,0.0
2026-07-19T08:10:53,cash,PEUGEOT,308,6,0,0.0
2026-07-19T08:10:53,cash,PEUGEOT,308 SW,2,0,0.0
2026-07-19T08:10:53,cash,PEUGEOT,5008,14,0,0.0
2026-07-19T08:10:53,cash,PEUGEOT,E-2008,12,12,1.0
2026-07-19T08:10:53,cash,PEUGEOT,E-208,7,7,1.0
2026-07-19T08:10:53,cash,PEUGEOT,E-308,1,1,1.0
2026-07-19T08:10:53,cash,PEUGEOT,EXPERT,5,0,0.0
2026-07-19T08:10:53,cash,PEUGEOT,PARTNER,8,0,0.0
2026-07-19T08:10:53,cash,RENAULT,ARKANA,13,0,0.0
2026-07-19T08:10:53,cash,RENAULT,AUSTRAL,5,0,0.0
2026-07-19T08:10:53,cash,RENAULT,CAPTUR,15,0,0.0
2026-07-19T08:10:53,cash,RENAULT,CLIO,32,0,0.0
2026-07-19T08:10:53,cash,RENAULT,ESPACE,2,0,0.0
2026-07-19T08:10:53,cash,RENAULT,EXPRESS,19,0,0.0
2026-07-19T08:10:53,cash,RENAULT,KADJAR,2,0,0.0
2026-07-19T08:10:53,cash,RENAULT,KANGOO,3,0,0.0
2026-07-19T08:10:53,cash,RENAULT,MASTER,1,0,0.0
2026-07-19T08:10:53,cash,RENAULT,MEGANE,15,0,0.0
2026-07-19T08:10:53,cash,RENAULT,MEGANE E-TECH,6,6,1.0
2026-07-19T08:10:53,cash,RENAULT,SCENIC,6,0,0.0
2026-07-19T08:10:53,cash,RENAULT,SYMBIOZ,1,0,0.0
2026-07-19T08:10:53,cash,RENAULT,TRAFIC,5,0,0.0
2026-07-19T08:10:53,cash,RENAULT,TWINGO,1,0,0.0
2026-07-19T08:10:53,cash,RENAULT,ZOE,1,1,1.0
2026-07-19T08:10:53,cash,SKODA,ENYAQ,1,1,1.0
2026-07-19T08:10:53,cash,SKODA,FABIA,6,0,0.0
2026-07-19T08:10:53,cash,SKODA,KAMIQ,5,0,0.0
2026-07-19T08:10:53,cash,SKODA,KODIAQ,2,0,0.0
2026-07-19T08:10:53,cash,SMART,1,1,1,1.0
2026-07-19T08:10:53,cash,SUZUKI,SWIFT,1,0,0.0
2026-07-19T08:10:53,cash,TESLA,MODEL 3,6,6,1.0
2026-07-19T08:10:53,cash,TESLA,MODEL Y,5,5,1.0
2026-07-19T08:10:53,cash,TOYOTA,AYGO X,3,0,0.0
2026-07-19T08:10:53,cash,TOYOTA,C-HR,3,0,0.0
2026-07-19T08:10:53,cash,TOYOTA,COROLLA,2,0,0.0
2026-07-19T08:10:53,cash,TOYOTA,COROLLA TS,7,0,0.0
2026-07-19T08:10:53,cash,TOYOTA,PROACE CITY,1,0,0.0
2026-07-19T08:10:53,cash,TOYOTA,RAV4 HSD,4,0,0.0
2026-07-19T08:10:53,cash,TOYOTA,RAV4 PLUG IN,3,0,0.0
2026-07-19T08:10:53,cash,TOYOTA,YARIS HYBRID,4,0,0.0
2026-07-19T08:10:53,cash,VOLKSWAGEN,GOLF,8,0,0.0
2026-07-19T08:10:53,cash,VOLKSWAGEN,ID.3,1,1,1.0
2026-07-19T08:10:53,cash,VOLKSWAGEN,POLO,5,0,0.0
2026-07-19T08:10:53,cash,VOLKSWAGEN,T-ROC,8,0,0.0
2026-07-19T08:10:53,cash,VOLKSWAGEN,TIGUAN,2,0,0.0
2026-07-19T08:10:53,cash,VOLKSWAGEN,TIGUAN ALLSPACE,3,0,0.0
2026-07-19T08:10:53,cash,VOLKSWAGEN,TOURAN,1,0,0.0
2026-07-19T08:10:53,cash,VOLKSWAGEN,TRANSPORTER,1,0,0.0
2026-07-19T09:03:49,leasing,AUDI,A3 SPORTBACK,5,0,0.0
2026-07-19T09:03:49,leasing,AUDI,Q2,1,0,0.0
2026-07-19T09:03:49,leasing,BMW,IX1,1,1,1.0
2026-07-19T09:03:49,leasing,BMW,IX3,1,1,1.0
2026-07-19T09:03:49,leasing,BMW,SERIE 1,6,0,0.0
2026-07-19T09:03:49,leasing,BMW,SERIE 3,2,0,0.0
2026-07-19T09:03:49,leasing,BMW,X1,10,0,0.0
2026-07-19T09:03:49,leasing,BMW,X2,1,0,0.0
2026-07-19T09:03:49,leasing,BMW,X3,3,0,0.0
2026-07-19T09:03:49,leasing,CITROEN,BERLINGO,9,0,0.0
2026-07-19T09:03:49,leasing,CITROEN,C3,7,0,0.0
2026-07-19T09:03:49,leasing,CITROEN,C3 AIRCROSS,6,0,0.0
2026-07-19T09:03:49,leasing,CITROEN,C4,4,0,0.0
2026-07-19T09:03:49,leasing,CITROEN,C5 AIRCROSS,12,0,0.0
2026-07-19T09:03:49,leasing,CITROEN,C5 X,4,0,0.0
2026-07-19T09:03:49,leasing,CITROEN,GRAND C4 SPACETOURER,1,0,0.0
2026-07-19T09:03:49,leasing,CITROEN,JUMPY,5,0,0.0
2026-07-19T09:03:49,leasing,DACIA,SANDERO,1,0,0.0
2026-07-19T09:03:49,leasing,DS,DS3,1,0,0.0
2026-07-19T09:03:49,leasing,DS,DS3 CROSSBACK,2,1,0.5
2026-07-19T09:03:49,leasing,DS,DS7,2,0,0.0
2026-07-19T09:03:49,leasing,FIAT,500,2,0,0.0
2026-07-19T09:03:49,leasing,FORD,KUGA,5,0,0.0
2026-07-19T09:03:49,leasing,FORD,PUMA,1,0,0.0
2026-07-19T09:03:49,leasing,HYUNDAI,IONIQ,1,1,1.0
2026-07-19T09:03:49,leasing,HYUNDAI,SANTA FE,1,0,0.0
2026-07-19T09:03:49,leasing,HYUNDAI,TUCSON,10,0,0.0
2026-07-19T09:03:49,leasing,JEEP,AVENGER,2,2,1.0
2026-07-19T09:03:49,leasing,KIA,CEED,4,0,0.0
2026-07-19T09:03:49,leasing,KIA,NIRO,1,0,0.0
2026-07-19T09:03:49,leasing,KIA,NIRO EV,6,6,1.0
2026-07-19T09:03:49,leasing,KIA,PICANTO,1,0,0.0
2026-07-19T09:03:49,leasing,KIA,PROCEED,1,0,0.0
2026-07-19T09:03:49,leasing,KIA,RIO,1,0,0.0
2026-07-19T09:03:49,leasing,KIA,SPORTAGE,6,0,0.0
2026-07-19T09:03:49,leasing,KIA,STONIC,12,0,0.0
2026-07-19T09:03:49,leasing,KIA,XCEED,1,0,0.0
2026-07-19T09:03:49,leasing,MERCEDES-BENZ,CLASSE A,3,0,0.0
2026-07-19T09:03:49,leasing,MERCEDES-BENZ,CLASSE CLA,3,0,0.0
2026-07-19T09:03:49,leasing,MERCEDES-BENZ,CLASSE GLA,1,0,0.0
2026-07-19T09:03:49,leasing,MINI,COUNTRYMAN,1,0,0.0
2026-07-19T09:03:49,leasing,NISSAN,LEAF,1,1,1.0
2026-07-19T09:03:49,leasing,NISSAN,QASHQAI,8,0,0.0
2026-07-19T09:03:49,leasing,NISSAN,X-TRAIL,1,0,0.0
2026-07-19T09:03:49,leasing,OPEL,ASTRA,1,0,0.0
2026-07-19T09:03:49,leasing,OPEL,CORSA,4,0,0.0
2026-07-19T09:03:49,leasing,OPEL,CROSSLAND,3,0,0.0
2026-07-19T09:03:49,leasing,OPEL,GRANDLAND,1,0,0.0
2026-07-19T09:03:49,leasing,PEUGEOT,2008,18,0,0.0
2026-07-19T09:03:49,leasing,PEUGEOT,208,8,0,0.0
2026-07-19T09:03:49,leasing,PEUGEOT,3008,32,0,0.0
2026-07-19T09:03:49,leasing,PEUGEOT,308,6,0,0.0
2026-07-19T09:03:49,leasing,PEUGEOT,308 SW,2,0,0.0
2026-07-19T09:03:49,leasing,PEUGEOT,5008,13,0,0.0
2026-07-19T09:03:49,leasing,PEUGEOT,E-2008,12,12,1.0
2026-07-19T09:03:49,leasing,PEUGEOT,E-208,5,5,1.0
2026-07-19T09:03:49,leasing,PEUGEOT,EXPERT,5,0,0.0
2026-07-19T09:03:49,leasing,PEUGEOT,PARTNER,8,0,0.0
2026-07-19T09:03:49,leasing,RENAULT,ARKANA,13,0,0.0
2026-07-19T09:03:49,leasing,RENAULT,AUSTRAL,5,0,0.0
2026-07-19T09:03:49,leasing,RENAULT,CAPTUR,15,0,0.0
2026-07-19T09:03:49,leasing,RENAULT,CLIO,25,0,0.0
2026-07-19T09:03:49,leasing,RENAULT,ESPACE,2,0,0.0
2026-07-19T09:03:49,leasing,RENAULT,EXPRESS,19,0,0.0
2026-07-19T09:03:49,leasing,RENAULT,KADJAR,1,0,0.0
2026-07-19T09:03:49,leasing,RENAULT,KANGOO,3,0,0.0
2026-07-19T09:03:49,leasing,RENAULT,MASTER,1,0,0.0
2026-07-19T09:03:49,leasing,RENAULT,MEGANE,12,0,0.0
2026-07-19T09:03:49,leasing,RENAULT,MEGANE E-TECH,6,6,1.0
2026-07-19T09:03:49,leasing,RENAULT,SCENIC,6,0,0.0
2026-07-19T09:03:49,leasing,RENAULT,TRAFIC,5,0,0.0
2026-07-19T09:03:49,leasing,RENAULT,ZOE,1,1,1.0
2026-07-19T09:03:49,leasing,SKODA,ENYAQ,1,1,1.0
2026-07-19T09:03:49,leasing,SKODA,FABIA,6,0,0.0
2026-07-19T09:03:49,leasing,SKODA,KAMIQ,5,0,0.0
2026-07-19T09:03:49,leasing,SKODA,KODIAQ,2,0,0.0
2026-07-19T09:03:49,leasing,SUZUKI,SWIFT,1,0,0.0
2026-07-19T09:03:49,leasing,TESLA,MODEL 3,4,4,1.0
2026-07-19T09:03:49,leasing,TESLA,MODEL Y,5,5,1.0
2026-07-19T09:03:49,leasing,TOYOTA,AYGO X,3,0,0.0
2026-07-19T09:03:49,leasing,TOYOTA,C-HR,2,0,0.0
2026-07-19T09:03:49,leasing,TOYOTA,COROLLA,2,0,0.0
2026-07-19T09:03:49,leasing,TOYOTA,COROLLA TS,7,0,0.0
2026-07-19T09:03:49,leasing,TOYOTA,PROACE CITY,1,0,0.0
2026-07-19T09:03:49,leasing,TOYOTA,RAV4 HSD,3,0,0.0
2026-07-19T09:03:49,leasing,TOYOTA,RAV4 PLUG IN,3,0,0.0
2026-07-19T09:03:49,leasing,TOYOTA,YARIS HYBRID,4,0,0.0
2026-07-19T09:03:49,leasing,VOLKSWAGEN,GOLF,6,0,0.0
2026-07-19T09:03:49,leasing,VOLKSWAGEN,ID.3,1,1,1.0
2026-07-19T09:03:49,leasing,VOLKSWAGEN,POLO,5,0,0.0
2026-07-19T09:03:49,leasing,VOLKSWAGEN,T-ROC,7,0,0.0
2026-07-19T09:03:49,leasing,VOLKSWAGEN,TIGUAN,2,0,0.0
2026-07-19T09:03:49,leasing,VOLKSWAGEN,TIGUAN ALLSPACE,1,0,0.0
2026-07-19T09:03:49,leasing,VOLKSWAGEN,TOURAN,1,0,0.0
2026-07-19T09:03:49,leasing,VOLKSWAGEN,TRANSPORTER,1,0,0.0
2026-07-19T09:03:49,cash,AUDI,A3 SPORTBACK,5,0,0.0
2026-07-19T09:03:49,cash,AUDI,Q2,1,0,0.0
2026-07-19T09:03:49,cash,BMW,IX1,1,1,1.0
2026-07-19T09:03:49,cash,BMW,IX3,1,1,1.0
2026-07-19T09:03:49,cash,BMW,SERIE 1,6,0,0.0
2026-07-19T09:03:49,cash,BMW,SERIE 2 ACTIVE TOURE,1,0,0.0
2026-07-19T09:03:49,cash,BMW,SERIE 3,2,0,0.0
2026-07-19T09:03:49,cash,BMW,X1,12,0,0.0
2026-07-19T09:03:49,cash,BMW,X2,1,0,0.0
2026-07-19T09:03:49,cash,BMW,X3,3,0,0.0
2026-07-19T09:03:49,cash,BMW,X5,1,0,0.0
2026-07-19T09:03:49,cash,CITROEN,BERLINGO,10,0,0.0
2026-07-19T09:03:49,cash,CITROEN,C3,8,0,0.0
2026-07-19T09:03:49,cash,CITROEN,C3 AIRCROSS,6,0,0.0
2026-07-19T09:03:49,cash,CITROEN,C4,5,0,0.0
2026-07-19T09:03:49,cash,CITROEN,C5 AIRCROSS,12,0,0.0
2026-07-19T09:03:49,cash,CITROEN,C5 X,4,0,0.0
2026-07-19T09:03:49,cash,CITROEN,E-C4,1,1,1.0
2026-07-19T09:03:49,cash,CITROEN,GRAND C4 SPACETOURER,1,0,0.0
2026-07-19T09:03:49,cash,CITROEN,JUMPY,5,0,0.0
2026-07-19T09:03:49,cash,DACIA,SANDERO,1,0,0.0
2026-07-19T09:03:49,cash,DS,DS3,1,0,0.0
2026-07-19T09:03:49,cash,DS,DS3 CROSSBACK,2,1,0.5
2026-07-19T09:03:49,cash,DS,DS7,2,0,0.0
2026-07-19T09:03:49,cash,FIAT,500,2,0,0.0
2026-07-19T09:03:49,cash,FORD,KUGA,6,0,0.0
2026-07-19T09:03:49,cash,FORD,PUMA,1,0,0.0
2026-07-19T09:03:49,cash,FORD,TRANSIT CUSTOM,1,0,0.0
2026-07-19T09:03:49,cash,HYUNDAI,IONIQ,1,1,1.0
2026-07-19T09:03:49,cash,HYUNDAI,SANTA FE,1,0,0.0
2026-07-19T09:03:49,cash,HYUNDAI,TUCSON,10,0,0.0
2026-07-19T09:03:49,cash,JEEP,AVENGER,2,2,1.0
2026-07-19T09:03:49,cash,KIA,CEED,4,0,0.0
2026-07-19T09:03:49,cash,KIA,NIRO,1,0,0.0
2026-07-19T09:03:49,cash,KIA,NIRO EV,6,6,1.0
2026-07-19T09:03:49,cash,KIA,PICANTO,1,0,0.0
2026-07-19T09:03:49,cash,KIA,PROCEED,1,0,0.0
2026-07-19T09:03:49,cash,KIA,RIO,1,0,0.0
2026-07-19T09:03:49,cash,KIA,SPORTAGE,7,0,0.0
2026-07-19T09:03:49,cash,KIA,STONIC,12,0,0.0
2026-07-19T09:03:49,cash,KIA,XCEED,1,0,0.0
2026-07-19T09:03:49,cash,MERCEDES-BENZ,CLASSE A,5,0,0.0
2026-07-19T09:03:49,cash,MERCEDES-BENZ,CLASSE CLA,3,0,0.0
2026-07-19T09:03:49,cash,MERCEDES-BENZ,CLASSE GLA,1,0,0.0
2026-07-19T09:03:49,cash,MERCEDES-BENZ,GLB,1,0,0.0
2026-07-19T09:03:49,cash,MINI,COUNTRYMAN,1,0,0.0
2026-07-19T09:03:49,cash,NISSAN,LEAF,1,1,1.0
2026-07-19T09:03:49,cash,NISSAN,QASHQAI,9,0,0.0
2026-07-19T09:03:49,cash,NISSAN,X-TRAIL,1,0,0.0
2026-07-19T09:03:49,cash,OPEL,ASTRA,1,0,0.0
2026-07-19T09:03:49,cash,OPEL,CORSA,4,0,0.0
2026-07-19T09:03:49,cash,OPEL,CROSSLAND,3,0,0.0
2026-07-19T09:03:49,cash,OPEL,GRANDLAND,1,0,0.0
2026-07-19T09:03:49,cash,OPEL,GRANDLAND X,1,0,0.0
2026-07-19T09:03:49,cash,PEUGEOT,108,1,0,0.0
2026-07-19T09:03:49,cash,PEUGEOT,2008,20,0,0.0
2026-07-19T09:03:49,cash,PEUGEOT,208,10,0,0.0
2026-07-19T09:03:49,cash,PEUGEOT,3008,40,0,0.0
2026-07-19T09:03:49,cash,PEUGEOT,308,6,0,0.0
2026-07-19T09:03:49,cash,PEUGEOT,308 SW,2,0,0.0
2026-07-19T09:03:49,cash,PEUGEOT,5008,14,0,0.0
2026-07-19T09:03:49,cash,PEUGEOT,E-2008,12,12,1.0
2026-07-19T09:03:49,cash,PEUGEOT,E-208,7,7,1.0
2026-07-19T09:03:49,cash,PEUGEOT,E-308,1,1,1.0
2026-07-19T09:03:49,cash,PEUGEOT,EXPERT,5,0,0.0
2026-07-19T09:03:49,cash,PEUGEOT,PARTNER,8,0,0.0
2026-07-19T09:03:49,cash,RENAULT,ARKANA,13,0,0.0
2026-07-19T09:03:49,cash,RENAULT,AUSTRAL,5,0,0.0
2026-07-19T09:03:49,cash,RENAULT,CAPTUR,15,0,0.0
2026-07-19T09:03:49,cash,RENAULT,CLIO,32,0,0.0
2026-07-19T09:03:49,cash,RENAULT,ESPACE,2,0,0.0
2026-07-19T09:03:49,cash,RENAULT,EXPRESS,19,0,0.0
2026-07-19T09:03:49,cash,RENAULT,KADJAR,2,0,0.0
2026-07-19T09:03:49,cash,RENAULT,KANGOO,3,0,0.0
2026-07-19T09:03:49,cash,RENAULT,MASTER,1,0,0.0
2026-07-19T09:03:49,cash,RENAULT,MEGANE,15,0,0.0
2026-07-19T09:03:49,cash,RENAULT,MEGANE E-TECH,6,6,1.0
2026-07-19T09:03:49,cash,RENAULT,SCENIC,6,0,0.0
2026-07-19T09:03:49,cash,RENAULT,SYMBIOZ,1,0,0.0
2026-07-19T09:03:49,cash,RENAULT,TRAFIC,5,0,0.0
2026-07-19T09:03:49,cash,RENAULT,TWINGO,1,0,0.0
2026-07-19T09:03:49,cash,RENAULT,ZOE,1,1,1.0
2026-07-19T09:03:49,cash,SKODA,ENYAQ,1,1,1.0
2026-07-19T09:03:49,cash,SKODA,FABIA,6,0,0.0
2026-07-19T09:03:49,cash,SKODA,KAMIQ,5,0,0.0
2026-07-19T09:03:49,cash,SKODA,KODIAQ,2,0,0.0
2026-07-19T09:03:49,cash,SMART,1,1,1,1.0
2026-07-19T09:03:49,cash,SUZUKI,SWIFT,1,0,0.0
2026-07-19T09:03:49,cash,TESLA,MODEL 3,6,6,1.0
2026-07-19T09:03:49,cash,TESLA,MODEL Y,5,5,1.0
2026-07-19T09:03:49,cash,TOYOTA,AYGO X,3,0,0.0
2026-07-19T09:03:49,cash,TOYOTA,C-HR,3,0,0.0
2026-07-19T09:03:49,cash,TOYOTA,COROLLA,2,0,0.0
2026-07-19T09:03:49,cash,TOYOTA,COROLLA TS,7,0,0.0
2026-07-19T09:03:49,cash,TOYOTA,PROACE CITY,1,0,0.0
2026-07-19T09:03:49,cash,TOYOTA,RAV4 HSD,4,0,0.0
2026-07-19T09:03:49,cash,TOYOTA,RAV4 PLUG IN,3,0,0.0
2026-07-19T09:03:49,cash,TOYOTA,YARIS HYBRID,4,0,0.0
2026-07-19T09:03:49,cash,VOLKSWAGEN,GOLF,8,0,0.0
2026-07-19T09:03:49,cash,VOLKSWAGEN,ID.3,1,1,1.0
2026-07-19T09:03:49,cash,VOLKSWAGEN,POLO,5,0,0.0
2026-07-19T09:03:49,cash,VOLKSWAGEN,T-ROC,8,0,0.0
2026-07-19T09:03:49,cash,VOLKSWAGEN,TIGUAN,2,0,0.0
2026-07-19T09:03:49,cash,VOLKSWAGEN,TIGUAN ALLSPACE,3,0,0.0
2026-07-19T09:03:49,cash,VOLKSWAGEN,TOURAN,1,0,0.0
2026-07-19T09:03:49,cash,VOLKSWAGEN,TRANSPORTER,1,0,0.0
2026-07-20T09:57:15,leasing,AUDI,A3 SPORTBACK,4,0,0.0
2026-07-20T09:57:15,leasing,AUDI,Q2,1,0,0.0
2026-07-20T09:57:15,leasing,BMW,IX1,1,1,1.0
2026-07-20T09:57:15,leasing,BMW,IX3,1,1,1.0
2026-07-20T09:57:15,leasing,BMW,SERIE 1,6,0,0.0
2026-07-20T09:57:15,leasing,BMW,SERIE 3,2,0,0.0
2026-07-20T09:57:15,leasing,BMW,X1,10,0,0.0
2026-07-20T09:57:15,leasing,BMW,X2,1,0,0.0
2026-07-20T09:57:15,leasing,BMW,X3,3,0,0.0
2026-07-20T09:57:15,leasing,CITROEN,BERLINGO,9,0,0.0
2026-07-20T09:57:15,leasing,CITROEN,C3,7,0,0.0
2026-07-20T09:57:15,leasing,CITROEN,C3 AIRCROSS,6,0,0.0
2026-07-20T09:57:15,leasing,CITROEN,C4,5,0,0.0
2026-07-20T09:57:15,leasing,CITROEN,C5 AIRCROSS,12,0,0.0
2026-07-20T09:57:15,leasing,CITROEN,C5 X,4,0,0.0
2026-07-20T09:57:15,leasing,CITROEN,GRAND C4 SPACETOURER,1,0,0.0
2026-07-20T09:57:15,leasing,CITROEN,JUMPY,5,0,0.0
2026-07-20T09:57:15,leasing,DACIA,SANDERO,1,0,0.0
2026-07-20T09:57:15,leasing,DS,DS3,1,0,0.0
2026-07-20T09:57:15,leasing,DS,DS3 CROSSBACK,2,1,0.5
2026-07-20T09:57:15,leasing,DS,DS7,2,0,0.0
2026-07-20T09:57:15,leasing,FIAT,500,2,0,0.0
2026-07-20T09:57:15,leasing,FORD,KUGA,5,0,0.0
2026-07-20T09:57:15,leasing,FORD,PUMA,1,0,0.0
2026-07-20T09:57:15,leasing,HYUNDAI,IONIQ,1,1,1.0
2026-07-20T09:57:15,leasing,HYUNDAI,SANTA FE,1,0,0.0
2026-07-20T09:57:15,leasing,HYUNDAI,TUCSON,10,0,0.0
2026-07-20T09:57:15,leasing,JEEP,AVENGER,2,2,1.0
2026-07-20T09:57:15,leasing,KIA,CEED,4,0,0.0
2026-07-20T09:57:15,leasing,KIA,NIRO,1,0,0.0
2026-07-20T09:57:15,leasing,KIA,NIRO EV,6,6,1.0
2026-07-20T09:57:15,leasing,KIA,PICANTO,1,0,0.0
2026-07-20T09:57:15,leasing,KIA,PROCEED,1,0,0.0
2026-07-20T09:57:15,leasing,KIA,RIO,1,0,0.0
2026-07-20T09:57:15,leasing,KIA,SPORTAGE,6,0,0.0
2026-07-20T09:57:15,leasing,KIA,STONIC,12,0,0.0
2026-07-20T09:57:15,leasing,KIA,XCEED,1,0,0.0
2026-07-20T09:57:15,leasing,MERCEDES-BENZ,CLASSE A,3,0,0.0
2026-07-20T09:57:15,leasing,MERCEDES-BENZ,CLASSE CLA,2,0,0.0
2026-07-20T09:57:15,leasing,MERCEDES-BENZ,CLASSE GLA,1,0,0.0
2026-07-20T09:57:15,leasing,NISSAN,LEAF,1,1,1.0
2026-07-20T09:57:15,leasing,NISSAN,QASHQAI,8,0,0.0
2026-07-20T09:57:15,leasing,NISSAN,X-TRAIL,1,0,0.0
2026-07-20T09:57:15,leasing,OPEL,ASTRA,1,0,0.0
2026-07-20T09:57:15,leasing,OPEL,CORSA,4,0,0.0
2026-07-20T09:57:15,leasing,OPEL,CROSSLAND,3,0,0.0
2026-07-20T09:57:15,leasing,OPEL,GRANDLAND,1,0,0.0
2026-07-20T09:57:15,leasing,PEUGEOT,2008,19,0,0.0
2026-07-20T09:57:15,leasing,PEUGEOT,208,8,0,0.0
2026-07-20T09:57:15,leasing,PEUGEOT,3008,31,0,0.0
2026-07-20T09:57:15,leasing,PEUGEOT,308,6,0,0.0
2026-07-20T09:57:15,leasing,PEUGEOT,308 SW,2,0,0.0
2026-07-20T09:57:15,leasing,PEUGEOT,5008,15,0,0.0
2026-07-20T09:57:15,leasing,PEUGEOT,E-2008,12,12,1.0
2026-07-20T09:57:15,leasing,PEUGEOT,E-208,6,6,1.0
2026-07-20T09:57:15,leasing,PEUGEOT,EXPERT,5,0,0.0
2026-07-20T09:57:15,leasing,PEUGEOT,PARTNER,8,0,0.0
2026-07-20T09:57:15,leasing,RENAULT,ARKANA,14,0,0.0
2026-07-20T09:57:15,leasing,RENAULT,AUSTRAL,5,0,0.0
2026-07-20T09:57:15,leasing,RENAULT,CAPTUR,16,0,0.0
2026-07-20T09:57:15,leasing,RENAULT,CLIO,25,0,0.0
2026-07-20T09:57:15,leasing,RENAULT,ESPACE,1,0,0.0
2026-07-20T09:57:15,leasing,RENAULT,EXPRESS,19,0,0.0
2026-07-20T09:57:15,leasing,RENAULT,KADJAR,1,0,0.0
2026-07-20T09:57:15,leasing,RENAULT,KANGOO,3,0,0.0
2026-07-20T09:57:15,leasing,RENAULT,MASTER,1,0,0.0
2026-07-20T09:57:15,leasing,RENAULT,MEGANE,10,0,0.0
2026-07-20T09:57:15,leasing,RENAULT,MEGANE E-TECH,1,1,1.0
2026-07-20T09:57:15,leasing,RENAULT,SCENIC,7,0,0.0
2026-07-20T09:57:15,leasing,RENAULT,TRAFIC,6,0,0.0
2026-07-20T09:57:15,leasing,RENAULT,ZOE,1,1,1.0
2026-07-20T09:57:15,leasing,SKODA,ENYAQ,1,1,1.0
2026-07-20T09:57:15,leasing,SKODA,FABIA,6,0,0.0
2026-07-20T09:57:15,leasing,SKODA,KAMIQ,5,0,0.0
2026-07-20T09:57:15,leasing,SKODA,KODIAQ,2,0,0.0
2026-07-20T09:57:15,leasing,SUZUKI,SWIFT,1,0,0.0
2026-07-20T09:57:15,leasing,TESLA,MODEL 3,5,5,1.0
2026-07-20T09:57:15,leasing,TESLA,MODEL Y,5,5,1.0
2026-07-20T09:57:15,leasing,TOYOTA,AYGO X,3,0,0.0
2026-07-20T09:57:15,leasing,TOYOTA,C-HR,2,0,0.0
2026-07-20T09:57:15,leasing,TOYOTA,COROLLA,3,0,0.0
2026-07-20T09:57:15,leasing,TOYOTA,COROLLA TS,7,0,0.0
2026-07-20T09:57:15,leasing,TOYOTA,PROACE CITY,1,0,0.0
2026-07-20T09:57:15,leasing,TOYOTA,RAV4 HSD,3,0,0.0
2026-07-20T09:57:15,leasing,TOYOTA,RAV4 PLUG IN,3,0,0.0
2026-07-20T09:57:15,leasing,TOYOTA,YARIS HYBRID,3,0,0.0
2026-07-20T09:57:15,leasing,VOLKSWAGEN,GOLF,6,0,0.0
2026-07-20T09:57:15,leasing,VOLKSWAGEN,ID.3,1,1,1.0
2026-07-20T09:57:15,leasing,VOLKSWAGEN,POLO,5,0,0.0
2026-07-20T09:57:15,leasing,VOLKSWAGEN,T-ROC,7,0,0.0
2026-07-20T09:57:15,leasing,VOLKSWAGEN,TIGUAN,3,0,0.0
2026-07-20T09:57:15,leasing,VOLKSWAGEN,TIGUAN ALLSPACE,1,0,0.0
2026-07-20T09:57:15,leasing,VOLKSWAGEN,TOURAN,1,0,0.0
2026-07-20T09:57:15,leasing,VOLKSWAGEN,TRANSPORTER,1,0,0.0
2026-07-20T09:57:15,cash,AUDI,A3 SPORTBACK,4,0,0.0
2026-07-20T09:57:15,cash,AUDI,Q2,1,0,0.0
2026-07-20T09:57:15,cash,BMW,IX1,1,1,1.0
2026-07-20T09:57:15,cash,BMW,IX3,1,1,1.0
2026-07-20T09:57:15,cash,BMW,SERIE 1,6,0,0.0
2026-07-20T09:57:15,cash,BMW,SERIE 2 ACTIVE TOURE,1,0,0.0
2026-07-20T09:57:15,cash,BMW,SERIE 3,2,0,0.0
2026-07-20T09:57:15,cash,BMW,X1,11,0,0.0
2026-07-20T09:57:15,cash,BMW,X2,1,0,0.0
2026-07-20T09:57:15,cash,BMW,X3,4,0,0.0
2026-07-20T09:57:15,cash,BMW,X5,1,0,0.0
2026-07-20T09:57:15,cash,CITROEN,BERLINGO,11,0,0.0
2026-07-20T09:57:15,cash,CITROEN,C3,8,0,0.0
2026-07-20T09:57:15,cash,CITROEN,C3 AIRCROSS,6,0,0.0
2026-07-20T09:57:15,cash,CITROEN,C4,5,0,0.0
2026-07-20T09:57:15,cash,CITROEN,C5 AIRCROSS,12,0,0.0
2026-07-20T09:57:15,cash,CITROEN,C5 X,4,0,0.0
2026-07-20T09:57:15,cash,CITROEN,E-C4,1,1,1.0
2026-07-20T09:57:15,cash,CITROEN,GRAND C4 SPACETOURER,1,0,0.0
2026-07-20T09:57:15,cash,CITROEN,JUMPY,5,0,0.0
2026-07-20T09:57:15,cash,CUPRA,FORMENTOR,1,0,0.0
2026-07-20T09:57:15,cash,DACIA,SANDERO,1,0,0.0
2026-07-20T09:57:15,cash,DS,DS3,1,0,0.0
2026-07-20T09:57:15,cash,DS,DS3 CROSSBACK,2,1,0.5
2026-07-20T09:57:15,cash,DS,DS7,2,0,0.0
2026-07-20T09:57:15,cash,FIAT,500,2,0,0.0
2026-07-20T09:57:15,cash,FORD,KUGA,6,0,0.0
2026-07-20T09:57:15,cash,FORD,PUMA,1,0,0.0
2026-07-20T09:57:15,cash,FORD,TRANSIT CUSTOM,1,0,0.0
2026-07-20T09:57:15,cash,HYUNDAI,IONIQ,1,1,1.0
2026-07-20T09:57:15,cash,HYUNDAI,SANTA FE,1,0,0.0
2026-07-20T09:57:15,cash,HYUNDAI,TUCSON,10,0,0.0
2026-07-20T09:57:15,cash,JEEP,AVENGER,2,2,1.0
2026-07-20T09:57:15,cash,KIA,CEED,4,0,0.0
2026-07-20T09:57:15,cash,KIA,NIRO,1,0,0.0
2026-07-20T09:57:15,cash,KIA,NIRO EV,8,8,1.0
2026-07-20T09:57:15,cash,KIA,PICANTO,1,0,0.0
2026-07-20T09:57:15,cash,KIA,PROCEED,1,0,0.0
2026-07-20T09:57:15,cash,KIA,RIO,1,0,0.0
2026-07-20T09:57:15,cash,KIA,SPORTAGE,7,0,0.0
2026-07-20T09:57:15,cash,KIA,STONIC,12,0,0.0
2026-07-20T09:57:15,cash,KIA,XCEED,1,0,0.0
2026-07-20T09:57:15,cash,MERCEDES-BENZ,CLASSE A,6,0,0.0
2026-07-20T09:57:15,cash,MERCEDES-BENZ,CLASSE CLA,2,0,0.0
2026-07-20T09:57:15,cash,MERCEDES-BENZ,CLASSE GLA,1,0,0.0
2026-07-20T09:57:15,cash,MERCEDES-BENZ,GLB,1,0,0.0
2026-07-20T09:57:15,cash,MG,MG5,1,1,1.0
2026-07-20T09:57:15,cash,NISSAN,LEAF,1,1,1.0
2026-07-20T09:57:15,cash,NISSAN,QASHQAI,9,0,0.0
2026-07-20T09:57:15,cash,NISSAN,X-TRAIL,1,0,0.0
2026-07-20T09:57:15,cash,OPEL,ASTRA,1,0,0.0
2026-07-20T09:57:15,cash,OPEL,CORSA,4,0,0.0
2026-07-20T09:57:15,cash,OPEL,CROSSLAND,3,0,0.0
2026-07-20T09:57:15,cash,OPEL,GRANDLAND,1,0,0.0
2026-07-20T09:57:15,cash,OPEL,GRANDLAND X,1,0,0.0
2026-07-20T09:57:15,cash,PEUGEOT,108,1,0,0.0
2026-07-20T09:57:15,cash,PEUGEOT,2008,23,0,0.0
2026-07-20T09:57:15,cash,PEUGEOT,208,10,0,0.0
2026-07-20T09:57:15,cash,PEUGEOT,3008,39,0,0.0
2026-07-20T09:57:15,cash,PEUGEOT,308,6,0,0.0
2026-07-20T09:57:15,cash,PEUGEOT,308 SW,2,0,0.0
2026-07-20T09:57:15,cash,PEUGEOT,5008,16,0,0.0
2026-07-20T09:57:15,cash,PEUGEOT,E-2008,12,12,1.0
2026-07-20T09:57:15,cash,PEUGEOT,E-208,8,8,1.0
2026-07-20T09:57:15,cash,PEUGEOT,E-308,1,1,1.0
2026-07-20T09:57:15,cash,PEUGEOT,EXPERT,5,0,0.0
2026-07-20T09:57:15,cash,PEUGEOT,PARTNER,8,0,0.0
2026-07-20T09:57:15,cash,RENAULT,ARKANA,14,0,0.0
2026-07-20T09:57:15,cash,RENAULT,AUSTRAL,5,0,0.0
2026-07-20T09:57:15,cash,RENAULT,CAPTUR,16,0,0.0
2026-07-20T09:57:15,cash,RENAULT,CLIO,33,0,0.0
2026-07-20T09:57:15,cash,RENAULT,ESPACE,1,0,0.0
2026-07-20T09:57:15,cash,RENAULT,EXPRESS,19,0,0.0
2026-07-20T09:57:15,cash,RENAULT,KADJAR,2,0,0.0
2026-07-20T09:57:15,cash,RENAULT,KANGOO,3,0,0.0
2026-07-20T09:57:15,cash,RENAULT,MASTER,1,0,0.0
2026-07-20T09:57:15,cash,RENAULT,MEGANE,13,0,0.0
2026-07-20T09:57:15,cash,RENAULT,MEGANE E-TECH,1,1,1.0
2026-07-20T09:57:15,cash,RENAULT,SCENIC,7,0,0.0
2026-07-20T09:57:15,cash,RENAULT,SYMBIOZ,1,0,0.0
2026-07-20T09:57:15,cash,RENAULT,TRAFIC,6,0,0.0
2026-07-20T09:57:15,cash,RENAULT,TWINGO,1,0,0.0
2026-07-20T09:57:15,cash,RENAULT,ZOE,1,1,1.0
2026-07-20T09:57:15,cash,SKODA,ENYAQ,1,1,1.0
2026-07-20T09:57:15,cash,SKODA,FABIA,6,0,0.0
2026-07-20T09:57:15,cash,SKODA,KAMIQ,5,0,0.0
2026-07-20T09:57:15,cash,SKODA,KODIAQ,2,0,0.0
2026-07-20T09:57:15,cash,SMART,1,1,1,1.0
2026-07-20T09:57:15,cash,SUZUKI,SWIFT,1,0,0.0
2026-07-20T09:57:15,cash,TESLA,MODEL 3,7,7,1.0
2026-07-20T09:57:15,cash,TESLA,MODEL Y,5,5,1.0
2026-07-20T09:57:15,cash,TOYOTA,AYGO X,3,0,0.0
2026-07-20T09:57:15,cash,TOYOTA,C-HR,3,0,0.0
2026-07-20T09:57:15,cash,TOYOTA,COROLLA,3,0,0.0
2026-07-20T09:57:15,cash,TOYOTA,COROLLA TS,7,0,0.0
2026-07-20T09:57:15,cash,TOYOTA,PROACE CITY,1,0,0.0
2026-07-20T09:57:15,cash,TOYOTA,RAV4 HSD,4,0,0.0
2026-07-20T09:57:15,cash,TOYOTA,RAV4 PLUG IN,3,0,0.0
2026-07-20T09:57:15,cash,TOYOTA,YARIS HYBRID,3,0,0.0
2026-07-20T09:57:15,cash,VOLKSWAGEN,GOLF,8,0,0.0
2026-07-20T09:57:15,cash,VOLKSWAGEN,ID.3,1,1,1.0
2026-07-20T09:57:15,cash,VOLKSWAGEN,POLO,5,0,0.0
2026-07-20T09:57:15,cash,VOLKSWAGEN,T-ROC,8,0,0.0
2026-07-20T09:57:15,cash,VOLKSWAGEN,TAIGO,1,0,0.0
2026-07-20T09:57:15,cash,VOLKSWAGEN,TIGUAN,4,0,0.0
2026-07-20T09:57:15,cash,VOLKSWAGEN,TIGUAN ALLSPACE,3,0,0.0
2026-07-20T09:57:15,cash,VOLKSWAGEN,TOURAN,1,0,0.0
2026-07-20T09:57:15,cash,VOLKSWAGEN,TRANSPORTER,1,0,0.0
2026-07-21T09:25:25,leasing,AUDI,A3 SPORTBACK,5,0,0.0
2026-07-21T09:25:25,leasing,AUDI,Q2,1,0,0.0
2026-07-21T09:25:25,leasing,AUDI,Q3,1,0,0.0
2026-07-21T09:25:25,leasing,AUDI,Q5,1,0,0.0
2026-07-21T09:25:25,leasing,BMW,IX1,1,1,1.0
2026-07-21T09:25:25,leasing,BMW,IX3,1,1,1.0
2026-07-21T09:25:25,leasing,BMW,SERIE 1,7,0,0.0
2026-07-21T09:25:25,leasing,BMW,SERIE 3,2,0,0.0
2026-07-21T09:25:25,leasing,BMW,X1,10,0,0.0
2026-07-21T09:25:25,leasing,BMW,X2,1,0,0.0
2026-07-21T09:25:25,leasing,BMW,X3,5,0,0.0
2026-07-21T09:25:25,leasing,CITROEN,BERLINGO,10,0,0.0
2026-07-21T09:25:25,leasing,CITROEN,C3,7,0,0.0
2026-07-21T09:25:25,leasing,CITROEN,C3 AIRCROSS,6,0,0.0
2026-07-21T09:25:25,leasing,CITROEN,C4,5,0,0.0
2026-07-21T09:25:25,leasing,CITROEN,C5 AIRCROSS,12,0,0.0
2026-07-21T09:25:25,leasing,CITROEN,C5 X,4,0,0.0
2026-07-21T09:25:25,leasing,CITROEN,GRAND C4 SPACETOURER,1,0,0.0
2026-07-21T09:25:25,leasing,CITROEN,JUMPY,5,0,0.0
2026-07-21T09:25:25,leasing,CUPRA,FORMENTOR,1,0,0.0
2026-07-21T09:25:25,leasing,DACIA,SANDERO,1,0,0.0
2026-07-21T09:25:25,leasing,DS,DS3,1,0,0.0
2026-07-21T09:25:25,leasing,DS,DS3 CROSSBACK,2,1,0.5
2026-07-21T09:25:25,leasing,DS,DS4,1,0,0.0
2026-07-21T09:25:25,leasing,DS,DS7,2,0,0.0
2026-07-21T09:25:25,leasing,FIAT,500,2,0,0.0
2026-07-21T09:25:25,leasing,FORD,KUGA,5,0,0.0
2026-07-21T09:25:25,leasing,FORD,PUMA,1,0,0.0
2026-07-21T09:25:25,leasing,HYUNDAI,I30,1,0,0.0
2026-07-21T09:25:25,leasing,HYUNDAI,IONIQ,1,1,1.0
2026-07-21T09:25:25,leasing,HYUNDAI,SANTA FE,1,0,0.0
2026-07-21T09:25:25,leasing,HYUNDAI,TUCSON,8,0,0.0
2026-07-21T09:25:25,leasing,JEEP,AVENGER,2,2,1.0
2026-07-21T09:25:25,leasing,KIA,CEED,4,0,0.0
2026-07-21T09:25:25,leasing,KIA,E-NIRO,1,1,1.0
2026-07-21T09:25:25,leasing,KIA,NIRO,1,0,0.0
2026-07-21T09:25:25,leasing,KIA,NIRO EV,8,8,1.0
2026-07-21T09:25:25,leasing,KIA,PICANTO,1,0,0.0
2026-07-21T09:25:25,leasing,KIA,PROCEED,1,0,0.0
2026-07-21T09:25:25,leasing,KIA,RIO,1,0,0.0
2026-07-21T09:25:25,leasing,KIA,SORENTO,1,0,0.0
2026-07-21T09:25:25,leasing,KIA,SPORTAGE,7,0,0.0
2026-07-21T09:25:25,leasing,KIA,STONIC,11,0,0.0
2026-07-21T09:25:25,leasing,KIA,XCEED,1,0,0.0
2026-07-21T09:25:25,leasing,MERCEDES-BENZ,CLASSE A,4,0,0.0
2026-07-21T09:25:25,leasing,MERCEDES-BENZ,CLASSE CLA,3,0,0.0
2026-07-21T09:25:25,leasing,MERCEDES-BENZ,CLASSE GLA,1,0,0.0
2026-07-21T09:25:25,leasing,MG,MG5,1,1,1.0
2026-07-21T09:25:25,leasing,MINI,MINI,1,0,0.0
2026-07-21T09:25:25,leasing,NISSAN,LEAF,1,1,1.0
2026-07-21T09:25:25,leasing,NISSAN,QASHQAI,8,0,0.0
2026-07-21T09:25:25,leasing,NISSAN,X-TRAIL,1,0,0.0
2026-07-21T09:25:25,leasing,OPEL,ASTRA,1,0,0.0
2026-07-21T09:25:25,leasing,OPEL,CORSA,4,0,0.0
2026-07-21T09:25:25,leasing,OPEL,CROSSLAND,3,0,0.0
2026-07-21T09:25:25,leasing,OPEL,E-CORSA,1,1,1.0
2026-07-21T09:25:25,leasing,OPEL,GRANDLAND,1,0,0.0
2026-07-21T09:25:25,leasing,PEUGEOT,2008,24,0,0.0
2026-07-21T09:25:25,leasing,PEUGEOT,208,8,0,0.0
2026-07-21T09:25:25,leasing,PEUGEOT,3008,32,0,0.0
2026-07-21T09:25:25,leasing,PEUGEOT,308,7,0,0.0
2026-07-21T09:25:25,leasing,PEUGEOT,308 SW,2,0,0.0
2026-07-21T09:25:25,leasing,PEUGEOT,408,1,0,0.0
2026-07-21T09:25:25,leasing,PEUGEOT,5008,14,0,0.0
2026-07-21T09:25:25,leasing,PEUGEOT,E-2008,12,12,1.0
2026-07-21T09:25:25,leasing,PEUGEOT,E-208,6,6,1.0
2026-07-21T09:25:25,leasing,PEUGEOT,EXPERT,5,0,0.0
2026-07-21T09:25:25,leasing,PEUGEOT,PARTNER,8,0,0.0
2026-07-21T09:25:25,leasing,RENAULT,ARKANA,14,0,0.0
2026-07-21T09:25:25,leasing,RENAULT,AUSTRAL,5,0,0.0
2026-07-21T09:25:25,leasing,RENAULT,CAPTUR,18,0,0.0
2026-07-21T09:25:25,leasing,RENAULT,CLIO,27,0,0.0
2026-07-21T09:25:25,leasing,RENAULT,ESPACE,1,0,0.0
2026-07-21T09:25:25,leasing,RENAULT,EXPRESS,18,0,0.0
2026-07-21T09:25:25,leasing,RENAULT,KADJAR,1,0,0.0
2026-07-21T09:25:25,leasing,RENAULT,KANGOO,3,0,0.0
2026-07-21T09:25:25,leasing,RENAULT,MASTER,1,0,0.0
2026-07-21T09:25:25,leasing,RENAULT,MEGANE,11,0,0.0
2026-07-21T09:25:25,leasing,RENAULT,MEGANE E-TECH,1,1,1.0
2026-07-21T09:25:25,leasing,RENAULT,SCENIC,7,0,0.0
2026-07-21T09:25:25,leasing,RENAULT,TRAFIC,6,0,0.0
2026-07-21T09:25:25,leasing,RENAULT,ZOE,1,1,1.0
2026-07-21T09:25:25,leasing,SKODA,ENYAQ,1,1,1.0
2026-07-21T09:25:25,leasing,SKODA,FABIA,6,0,0.0
2026-07-21T09:25:25,leasing,SKODA,KAMIQ,5,0,0.0
2026-07-21T09:25:25,leasing,SKODA,KODIAQ,2,0,0.0
2026-07-21T09:25:25,leasing,SUZUKI,SWIFT,1,0,0.0
2026-07-21T09:25:25,leasing,TESLA,MODEL 3,4,4,1.0
2026-07-21T09:25:25,leasing,TESLA,MODEL Y,5,5,1.0
2026-07-21T09:25:25,leasing,TOYOTA,AYGO X,3,0,0.0
2026-07-21T09:25:25,leasing,TOYOTA,C-HR,2,0,0.0
2026-07-21T09:25:25,leasing,TOYOTA,COROLLA,3,0,0.0
2026-07-21T09:25:25,leasing,TOYOTA,COROLLA TS,8,0,0.0
2026-07-21T09:25:25,leasing,TOYOTA,PROACE CITY,1,0,0.0
2026-07-21T09:25:25,leasing,TOYOTA,RAV4 HSD,3,0,0.0
2026-07-21T09:25:25,leasing,TOYOTA,RAV4 PLUG IN,3,0,0.0
2026-07-21T09:25:25,leasing,TOYOTA,YARIS HYBRID,3,0,0.0
2026-07-21T09:25:25,leasing,VOLKSWAGEN,GOLF,9,0,0.0
2026-07-21T09:25:25,leasing,VOLKSWAGEN,ID.3,1,1,1.0
2026-07-21T09:25:25,leasing,VOLKSWAGEN,POLO,5,0,0.0
2026-07-21T09:25:25,leasing,VOLKSWAGEN,T-ROC,6,0,0.0
2026-07-21T09:25:25,leasing,VOLKSWAGEN,TAIGO,1,0,0.0
2026-07-21T09:25:25,leasing,VOLKSWAGEN,TIGUAN,3,0,0.0
2026-07-21T09:25:25,leasing,VOLKSWAGEN,TIGUAN ALLSPACE,1,0,0.0
2026-07-21T09:25:25,leasing,VOLKSWAGEN,TOURAN,2,0,0.0
2026-07-21T09:25:25,leasing,VOLKSWAGEN,TRANSPORTER,1,0,0.0
2026-07-21T09:25:25,cash,AUDI,A3 SPORTBACK,5,0,0.0
2026-07-21T09:25:25,cash,AUDI,Q2,1,0,0.0
2026-07-21T09:25:25,cash,AUDI,Q3,1,0,0.0
2026-07-21T09:25:25,cash,AUDI,Q5,1,0,0.0
2026-07-21T09:25:25,cash,BMW,IX1,1,1,1.0
2026-07-21T09:25:25,cash,BMW,IX3,1,1,1.0
2026-07-21T09:25:25,cash,BMW,SERIE 1,7,0,0.0
2026-07-21T09:25:25,cash,BMW,SERIE 2 ACTIVE TOURE,1,0,0.0
2026-07-21T09:25:25,cash,BMW,SERIE 3,2,0,0.0
2026-07-21T09:25:25,cash,BMW,X1,11,0,0.0
2026-07-21T09:25:25,cash,BMW,X2,1,0,0.0
2026-07-21T09:25:25,cash,BMW,X3,6,0,0.0
2026-07-21T09:25:25,cash,BMW,X5,1,0,0.0
2026-07-21T09:25:25,cash,CITROEN,BERLINGO,11,0,0.0
2026-07-21T09:25:25,cash,CITROEN,C3,8,0,0.0
2026-07-21T09:25:25,cash,CITROEN,C3 AIRCROSS,6,0,0.0
2026-07-21T09:25:25,cash,CITROEN,C4,5,0,0.0
2026-07-21T09:25:25,cash,CITROEN,C5 AIRCROSS,12,0,0.0
2026-07-21T09:25:25,cash,CITROEN,C5 X,4,0,0.0
2026-07-21T09:25:25,cash,CITROEN,E-C4,1,1,1.0
2026-07-21T09:25:25,cash,CITROEN,GRAND C4 SPACETOURER,1,0,0.0
2026-07-21T09:25:25,cash,CITROEN,JUMPY,5,0,0.0
2026-07-21T09:25:25,cash,CUPRA,FORMENTOR,1,0,0.0
2026-07-21T09:25:25,cash,DACIA,SANDERO,1,0,0.0
2026-07-21T09:25:25,cash,DS,DS3,1,0,0.0
2026-07-21T09:25:25,cash,DS,DS3 CROSSBACK,2,1,0.5
2026-07-21T09:25:25,cash,DS,DS4,1,0,0.0
2026-07-21T09:25:25,cash,DS,DS7,2,0,0.0
2026-07-21T09:25:25,cash,FIAT,500,2,0,0.0
2026-07-21T09:25:25,cash,FORD,KUGA,6,0,0.0
2026-07-21T09:25:25,cash,FORD,PUMA,1,0,0.0
2026-07-21T09:25:25,cash,FORD,TRANSIT CUSTOM,1,0,0.0
2026-07-21T09:25:25,cash,HYUNDAI,I30,1,0,0.0
2026-07-21T09:25:25,cash,HYUNDAI,IONIQ,1,1,1.0
2026-07-21T09:25:25,cash,HYUNDAI,SANTA FE,1,0,0.0
2026-07-21T09:25:25,cash,HYUNDAI,TUCSON,8,0,0.0
2026-07-21T09:25:25,cash,JEEP,AVENGER,2,2,1.0
2026-07-21T09:25:25,cash,KIA,CEED,4,0,0.0
2026-07-21T09:25:25,cash,KIA,E-NIRO,1,1,1.0
2026-07-21T09:25:25,cash,KIA,NIRO,1,0,0.0
2026-07-21T09:25:25,cash,KIA,NIRO EV,8,8,1.0
2026-07-21T09:25:25,cash,KIA,PICANTO,1,0,0.0
2026-07-21T09:25:25,cash,KIA,PROCEED,1,0,0.0
2026-07-21T09:25:25,cash,KIA,RIO,1,0,0.0
2026-07-21T09:25:25,cash,KIA,SORENTO,1,0,0.0
2026-07-21T09:25:25,cash,KIA,SPORTAGE,8,0,0.0
2026-07-21T09:25:25,cash,KIA,STONIC,11,0,0.0
2026-07-21T09:25:25,cash,KIA,XCEED,1,0,0.0
2026-07-21T09:25:25,cash,MERCEDES-BENZ,CLASSE A,6,0,0.0
2026-07-21T09:25:25,cash,MERCEDES-BENZ,CLASSE CLA,3,0,0.0
2026-07-21T09:25:25,cash,MERCEDES-BENZ,CLASSE GLA,1,0,0.0
2026-07-21T09:25:25,cash,MERCEDES-BENZ,GLB,1,0,0.0
2026-07-21T09:25:25,cash,MG,MG5,1,1,1.0
2026-07-21T09:25:25,cash,MINI,MINI,1,0,0.0
2026-07-21T09:25:25,cash,NISSAN,LEAF,1,1,1.0
2026-07-21T09:25:25,cash,NISSAN,QASHQAI,9,0,0.0
2026-07-21T09:25:25,cash,NISSAN,X-TRAIL,1,0,0.0
2026-07-21T09:25:25,cash,OPEL,ASTRA,1,0,0.0
2026-07-21T09:25:25,cash,OPEL,CORSA,4,0,0.0
2026-07-21T09:25:25,cash,OPEL,CROSSLAND,3,0,0.0
2026-07-21T09:25:25,cash,OPEL,E-CORSA,1,1,1.0
2026-07-21T09:25:25,cash,OPEL,GRANDLAND,1,0,0.0
2026-07-21T09:25:25,cash,OPEL,GRANDLAND X,1,0,0.0
2026-07-21T09:25:25,cash,PEUGEOT,108,1,0,0.0
2026-07-21T09:25:25,cash,PEUGEOT,2008,26,0,0.0
2026-07-21T09:25:25,cash,PEUGEOT,208,10,0,0.0
2026-07-21T09:25:25,cash,PEUGEOT,3008,40,0,0.0
2026-07-21T09:25:25,cash,PEUGEOT,308,7,0,0.0
2026-07-21T09:25:25,cash,PEUGEOT,308 SW,2,0,0.0
2026-07-21T09:25:25,cash,PEUGEOT,408,1,0,0.0
2026-07-21T09:25:25,cash,PEUGEOT,5008,15,0,0.0
2026-07-21T09:25:25,cash,PEUGEOT,E-2008,12,12,1.0
2026-07-21T09:25:25,cash,PEUGEOT,E-208,8,8,1.0
2026-07-21T09:25:25,cash,PEUGEOT,E-308,1,1,1.0
2026-07-21T09:25:25,cash,PEUGEOT,EXPERT,5,0,0.0
2026-07-21T09:25:25,cash,PEUGEOT,PARTNER,8,0,0.0
2026-07-21T09:25:25,cash,RENAULT,ARKANA,14,0,0.0
2026-07-21T09:25:25,cash,RENAULT,AUSTRAL,5,0,0.0
2026-07-21T09:25:25,cash,RENAULT,CAPTUR,18,0,0.0
2026-07-21T09:25:25,cash,RENAULT,CLIO,35,0,0.0
2026-07-21T09:25:25,cash,RENAULT,ESPACE,1,0,0.0
2026-07-21T09:25:25,cash,RENAULT,EXPRESS,18,0,0.0
2026-07-21T09:25:25,cash,RENAULT,KADJAR,2,0,0.0
2026-07-21T09:25:25,cash,RENAULT,KANGOO,3,0,0.0
2026-07-21T09:25:25,cash,RENAULT,MASTER,1,0,0.0
2026-07-21T09:25:25,cash,RENAULT,MEGANE,14,0,0.0
2026-07-21T09:25:25,cash,RENAULT,MEGANE E-TECH,2,2,1.0
2026-07-21T09:25:25,cash,RENAULT,SCENIC,7,0,0.0
2026-07-21T09:25:25,cash,RENAULT,SYMBIOZ,1,0,0.0
2026-07-21T09:25:25,cash,RENAULT,TRAFIC,6,0,0.0
2026-07-21T09:25:25,cash,RENAULT,TWINGO,1,0,0.0
2026-07-21T09:25:25,cash,RENAULT,ZOE,1,1,1.0
2026-07-21T09:25:25,cash,SKODA,ENYAQ,1,1,1.0
2026-07-21T09:25:25,cash,SKODA,FABIA,6,0,0.0
2026-07-21T09:25:25,cash,SKODA,KAMIQ,5,0,0.0
2026-07-21T09:25:25,cash,SKODA,KODIAQ,2,0,0.0
2026-07-21T09:25:25,cash,SMART,1,1,1,1.0
2026-07-21T09:25:25,cash,SUZUKI,SWIFT,1,0,0.0
2026-07-21T09:25:25,cash,TESLA,MODEL 3,6,6,1.0
2026-07-21T09:25:25,cash,TESLA,MODEL Y,5,5,1.0
2026-07-21T09:25:25,cash,TOYOTA,AYGO X,3,0,0.0
2026-07-21T09:25:25,cash,TOYOTA,C-HR,3,0,0.0
2026-07-21T09:25:25,cash,TOYOTA,COROLLA,3,0,0.0
2026-07-21T09:25:25,cash,TOYOTA,COROLLA TS,8,0,0.0
2026-07-21T09:25:25,cash,TOYOTA,PROACE CITY,1,0,0.0
2026-07-21T09:25:25,cash,TOYOTA,RAV4 HSD,4,0,0.0
2026-07-21T09:25:25,cash,TOYOTA,RAV4 PLUG IN,3,0,0.0
2026-07-21T09:25:25,cash,TOYOTA,YARIS HYBRID,3,0,0.0
2026-07-21T09:25:25,cash,VOLKSWAGEN,GOLF,11,0,0.0
2026-07-21T09:25:25,cash,VOLKSWAGEN,ID.3,1,1,1.0
2026-07-21T09:25:25,cash,VOLKSWAGEN,POLO,5,0,0.0
2026-07-21T09:25:25,cash,VOLKSWAGEN,T-ROC,7,0,0.0
2026-07-21T09:25:25,cash,VOLKSWAGEN,TAIGO,1,0,0.0
2026-07-21T09:25:25,cash,VOLKSWAGEN,TIGUAN,3,0,0.0
2026-07-21T09:25:25,cash,VOLKSWAGEN,TIGUAN ALLSPACE,3,0,0.0
2026-07-21T09:25:25,cash,VOLKSWAGEN,TOURAN,2,0,0.0
2026-07-21T09:25:25,cash,VOLKSWAGEN,TRANSPORTER,1,0,0.0
2026-07-22T09:24:26,leasing,AUDI,A3 SPORTBACK,5,0,0.0
2026-07-22T09:24:26,leasing,AUDI,Q2,1,0,0.0
2026-07-22T09:24:26,leasing,AUDI,Q3,1,0,0.0
2026-07-22T09:24:26,leasing,BMW,IX1,1,1,1.0
2026-07-22T09:24:26,leasing,BMW,IX3,1,1,1.0
2026-07-22T09:24:26,leasing,BMW,SERIE 1,7,0,0.0
2026-07-22T09:24:26,leasing,BMW,SERIE 3,2,0,0.0
2026-07-22T09:24:26,leasing,BMW,X1,13,0,0.0
2026-07-22T09:24:26,leasing,BMW,X2,1,0,0.0
2026-07-22T09:24:26,leasing,BMW,X3,5,0,0.0
2026-07-22T09:24:26,leasing,CITROEN,BERLINGO,10,0,0.0
2026-07-22T09:24:26,leasing,CITROEN,C3,8,0,0.0
2026-07-22T09:24:26,leasing,CITROEN,C3 AIRCROSS,6,0,0.0
2026-07-22T09:24:26,leasing,CITROEN,C4,5,0,0.0
2026-07-22T09:24:26,leasing,CITROEN,C5 AIRCROSS,12,0,0.0
2026-07-22T09:24:26,leasing,CITROEN,C5 X,4,0,0.0
2026-07-22T09:24:26,leasing,CITROEN,GRAND C4 SPACETOURER,1,0,0.0
2026-07-22T09:24:26,leasing,CITROEN,JUMPY,5,0,0.0
2026-07-22T09:24:26,leasing,CUPRA,FORMENTOR,1,0,0.0
2026-07-22T09:24:26,leasing,DACIA,JOGGER,1,0,0.0
2026-07-22T09:24:26,leasing,DACIA,SANDERO,1,0,0.0
2026-07-22T09:24:26,leasing,DS,DS3,1,0,0.0
2026-07-22T09:24:26,leasing,DS,DS3 CROSSBACK,2,1,0.5
2026-07-22T09:24:26,leasing,DS,DS4,1,0,0.0
2026-07-22T09:24:26,leasing,DS,DS7,2,0,0.0
2026-07-22T09:24:26,leasing,FIAT,500,1,0,0.0
2026-07-22T09:24:26,leasing,FORD,KUGA,4,0,0.0
2026-07-22T09:24:26,leasing,FORD,PUMA,1,0,0.0
2026-07-22T09:24:26,leasing,HYUNDAI,I30,1,0,0.0
2026-07-22T09:24:26,leasing,HYUNDAI,IONIQ,1,1,1.0
2026-07-22T09:24:26,leasing,HYUNDAI,SANTA FE,1,0,0.0
2026-07-22T09:24:26,leasing,HYUNDAI,TUCSON,9,0,0.0
2026-07-22T09:24:26,leasing,JEEP,AVENGER,2,2,1.0
2026-07-22T09:24:26,leasing,KIA,CEED,4,0,0.0
2026-07-22T09:24:26,leasing,KIA,E-NIRO,1,1,1.0
2026-07-22T09:24:26,leasing,KIA,NIRO,1,0,0.0
2026-07-22T09:24:26,leasing,KIA,NIRO EV,10,10,1.0
2026-07-22T09:24:26,leasing,KIA,PICANTO,1,0,0.0
2026-07-22T09:24:26,leasing,KIA,PROCEED,1,0,0.0
2026-07-22T09:24:26,leasing,KIA,RIO,1,0,0.0
2026-07-22T09:24:26,leasing,KIA,SORENTO,1,0,0.0
2026-07-22T09:24:26,leasing,KIA,SPORTAGE,8,0,0.0
2026-07-22T09:24:26,leasing,KIA,STONIC,10,0,0.0
2026-07-22T09:24:26,leasing,KIA,XCEED,1,0,0.0
2026-07-22T09:24:26,leasing,MERCEDES-BENZ,CLASSE A,4,0,0.0
2026-07-22T09:24:26,leasing,MERCEDES-BENZ,CLASSE CLA,3,0,0.0
2026-07-22T09:24:26,leasing,MG,MG5,1,1,1.0
2026-07-22T09:24:26,leasing,MINI,MINI,2,1,0.5
2026-07-22T09:24:26,leasing,NISSAN,LEAF,1,1,1.0
2026-07-22T09:24:26,leasing,NISSAN,QASHQAI,7,0,0.0
2026-07-22T09:24:26,leasing,NISSAN,X-TRAIL,1,0,0.0
2026-07-22T09:24:26,leasing,OPEL,ASTRA,1,0,0.0
2026-07-22T09:24:26,leasing,OPEL,CORSA,4,0,0.0
2026-07-22T09:24:26,leasing,OPEL,CROSSLAND,3,0,0.0
2026-07-22T09:24:26,leasing,OPEL,GRANDLAND,1,0,0.0
2026-07-22T09:24:26,leasing,PEUGEOT,2008,25,0,0.0
2026-07-22T09:24:26,leasing,PEUGEOT,208,7,0,0.0
2026-07-22T09:24:26,leasing,PEUGEOT,3008,33,0,0.0
2026-07-22T09:24:26,leasing,PEUGEOT,308,8,0,0.0
2026-07-22T09:24:26,leasing,PEUGEOT,308 SW,2,0,0.0
2026-07-22T09:24:26,leasing,PEUGEOT,408,1,0,0.0
2026-07-22T09:24:26,leasing,PEUGEOT,5008,16,0,0.0
2026-07-22T09:24:26,leasing,PEUGEOT,E-2008,12,12,1.0
2026-07-22T09:24:26,leasing,PEUGEOT,E-208,5,5,1.0
2026-07-22T09:24:26,leasing,PEUGEOT,EXPERT,5,0,0.0
2026-07-22T09:24:26,leasing,PEUGEOT,PARTNER,8,0,0.0
2026-07-22T09:24:26,leasing,RENAULT,ARKANA,13,0,0.0
2026-07-22T09:24:26,leasing,RENAULT,AUSTRAL,5,0,0.0
2026-07-22T09:24:26,leasing,RENAULT,CAPTUR,17,0,0.0
2026-07-22T09:24:26,leasing,RENAULT,CLIO,30,0,0.0
2026-07-22T09:24:26,leasing,RENAULT,ESPACE,2,0,0.0
2026-07-22T09:24:26,leasing,RENAULT,EXPRESS,18,0,0.0
2026-07-22T09:24:26,leasing,RENAULT,KADJAR,1,0,0.0
2026-07-22T09:24:26,leasing,RENAULT,KANGOO,3,0,0.0
2026-07-22T09:24:26,leasing,RENAULT,MASTER,1,0,0.0
2026-07-22T09:24:26,leasing,RENAULT,MEGANE,11,0,0.0
2026-07-22T09:24:26,leasing,RENAULT,MEGANE E-TECH,2,2,1.0
2026-07-22T09:24:26,leasing,RENAULT,SCENIC,7,0,0.0
2026-07-22T09:24:26,leasing,RENAULT,TRAFIC,5,0,0.0
2026-07-22T09:24:26,leasing,RENAULT,ZOE,1,1,1.0
2026-07-22T09:24:26,leasing,SKODA,ENYAQ,1,1,1.0
2026-07-22T09:24:26,leasing,SKODA,FABIA,6,0,0.0
2026-07-22T09:24:26,leasing,SKODA,KAMIQ,5,0,0.0
2026-07-22T09:24:26,leasing,SKODA,KODIAQ,2,0,0.0
2026-07-22T09:24:26,leasing,SUZUKI,SWIFT,1,0,0.0
2026-07-22T09:24:26,leasing,TESLA,MODEL 3,4,4,1.0
2026-07-22T09:24:26,leasing,TESLA,MODEL Y,5,5,1.0
2026-07-22T09:24:26,leasing,TOYOTA,AYGO X,3,0,0.0
2026-07-22T09:24:26,leasing,TOYOTA,C-HR,2,0,0.0
2026-07-22T09:24:26,leasing,TOYOTA,COROLLA,3,0,0.0
2026-07-22T09:24:26,leasing,TOYOTA,COROLLA TS,8,0,0.0
2026-07-22T09:24:26,leasing,TOYOTA,PROACE CITY,1,0,0.0
2026-07-22T09:24:26,leasing,TOYOTA,RAV4 HSD,5,0,0.0
2026-07-22T09:24:26,leasing,TOYOTA,RAV4 PLUG IN,3,0,0.0
2026-07-22T09:24:26,leasing,TOYOTA,YARIS HYBRID,3,0,0.0
2026-07-22T09:24:26,leasing,VOLKSWAGEN,GOLF,9,0,0.0
2026-07-22T09:24:26,leasing,VOLKSWAGEN,ID.3,1,1,1.0
2026-07-22T09:24:26,leasing,VOLKSWAGEN,POLO,5,0,0.0
2026-07-22T09:24:26,leasing,VOLKSWAGEN,T-ROC,5,0,0.0
2026-07-22T09:24:26,leasing,VOLKSWAGEN,TAIGO,1,0,0.0
2026-07-22T09:24:26,leasing,VOLKSWAGEN,TIGUAN,4,0,0.0
2026-07-22T09:24:26,leasing,VOLKSWAGEN,TIGUAN ALLSPACE,2,0,0.0
2026-07-22T09:24:26,leasing,VOLKSWAGEN,TOURAN,1,0,0.0
2026-07-22T09:24:26,leasing,VOLKSWAGEN,TRANSPORTER,1,0,0.0
2026-07-22T09:24:26,cash,AUDI,A3 SPORTBACK,5,0,0.0
2026-07-22T09:24:26,cash,AUDI,Q2,1,0,0.0
2026-07-22T09:24:26,cash,AUDI,Q3,1,0,0.0
2026-07-22T09:24:26,cash,BMW,IX1,1,1,1.0
2026-07-22T09:24:26,cash,BMW,IX3,1,1,1.0
2026-07-22T09:24:26,cash,BMW,SERIE 1,7,0,0.0
2026-07-22T09:24:26,cash,BMW,SERIE 2 ACTIVE TOURE,1,0,0.0
2026-07-22T09:24:26,cash,BMW,SERIE 3,2,0,0.0
2026-07-22T09:24:26,cash,BMW,X1,14,0,0.0
2026-07-22T09:24:26,cash,BMW,X2,1,0,0.0
2026-07-22T09:24:26,cash,BMW,X3,5,0,0.0
2026-07-22T09:24:26,cash,BMW,X5,1,0,0.0
2026-07-22T09:24:26,cash,CITROEN,BERLINGO,11,0,0.0
2026-07-22T09:24:26,cash,CITROEN,C3,9,0,0.0
2026-07-22T09:24:26,cash,CITROEN,C3 AIRCROSS,6,0,0.0
2026-07-22T09:24:26,cash,CITROEN,C4,5,0,0.0
2026-07-22T09:24:26,cash,CITROEN,C5 AIRCROSS,13,0,0.0
2026-07-22T09:24:26,cash,CITROEN,C5 X,4,0,0.0
2026-07-22T09:24:26,cash,CITROEN,E-C4,1,1,1.0
2026-07-22T09:24:26,cash,CITROEN,GRAND C4 SPACETOURER,1,0,0.0
2026-07-22T09:24:26,cash,CITROEN,JUMPY,5,0,0.0
2026-07-22T09:24:26,cash,CUPRA,FORMENTOR,1,0,0.0
2026-07-22T09:24:26,cash,DACIA,JOGGER,1,0,0.0
2026-07-22T09:24:26,cash,DACIA,SANDERO,1,0,0.0
2026-07-22T09:24:26,cash,DS,DS3,1,0,0.0
2026-07-22T09:24:26,cash,DS,DS3 CROSSBACK,2,1,0.5
2026-07-22T09:24:26,cash,DS,DS4,1,0,0.0
2026-07-22T09:24:26,cash,DS,DS7,2,0,0.0
2026-07-22T09:24:26,cash,FIAT,500,1,0,0.0
2026-07-22T09:24:26,cash,FORD,KUGA,5,0,0.0
2026-07-22T09:24:26,cash,FORD,PUMA,1,0,0.0
2026-07-22T09:24:26,cash,FORD,TRANSIT CUSTOM,1,0,0.0
2026-07-22T09:24:26,cash,HYUNDAI,I30,1,0,0.0
2026-07-22T09:24:26,cash,HYUNDAI,IONIQ,1,1,1.0
2026-07-22T09:24:26,cash,HYUNDAI,SANTA FE,1,0,0.0
2026-07-22T09:24:26,cash,HYUNDAI,TUCSON,9,0,0.0
2026-07-22T09:24:26,cash,JEEP,AVENGER,2,2,1.0
2026-07-22T09:24:26,cash,KIA,CEED,4,0,0.0
2026-07-22T09:24:26,cash,KIA,E-NIRO,1,1,1.0
2026-07-22T09:24:26,cash,KIA,NIRO,1,0,0.0
2026-07-22T09:24:26,cash,KIA,NIRO EV,11,11,1.0
2026-07-22T09:24:26,cash,KIA,PICANTO,1,0,0.0
2026-07-22T09:24:26,cash,KIA,PROCEED,1,0,0.0
2026-07-22T09:24:26,cash,KIA,RIO,1,0,0.0
2026-07-22T09:24:26,cash,KIA,SORENTO,1,0,0.0
2026-07-22T09:24:26,cash,KIA,SPORTAGE,8,0,0.0
2026-07-22T09:24:26,cash,KIA,STONIC,10,0,0.0
2026-07-22T09:24:26,cash,KIA,XCEED,1,0,0.0
2026-07-22T09:24:26,cash,MERCEDES-BENZ,CLASSE A,6,0,0.0
2026-07-22T09:24:26,cash,MERCEDES-BENZ,CLASSE CLA,3,0,0.0
2026-07-22T09:24:26,cash,MERCEDES-BENZ,EQA,1,1,1.0
2026-07-22T09:24:26,cash,MERCEDES-BENZ,GLB,1,0,0.0
2026-07-22T09:24:26,cash,MG,MG5,1,1,1.0
2026-07-22T09:24:26,cash,MINI,MINI,2,1,0.5
2026-07-22T09:24:26,cash,NISSAN,LEAF,1,1,1.0
2026-07-22T09:24:26,cash,NISSAN,QASHQAI,8,0,0.0
2026-07-22T09:24:26,cash,NISSAN,X-TRAIL,1,0,0.0
2026-07-22T09:24:26,cash,OPEL,ASTRA,1,0,0.0
2026-07-22T09:24:26,cash,OPEL,CORSA,4,0,0.0
2026-07-22T09:24:26,cash,OPEL,CROSSLAND,3,0,0.0
2026-07-22T09:24:26,cash,OPEL,GRANDLAND,1,0,0.0
2026-07-22T09:24:26,cash,OPEL,GRANDLAND X,1,0,0.0
2026-07-22T09:24:26,cash,PEUGEOT,108,1,0,0.0
2026-07-22T09:24:26,cash,PEUGEOT,2008,26,0,0.0
2026-07-22T09:24:26,cash,PEUGEOT,208,8,0,0.0
2026-07-22T09:24:26,cash,PEUGEOT,3008,39,0,0.0
2026-07-22T09:24:26,cash,PEUGEOT,308,8,0,0.0
2026-07-22T09:24:26,cash,PEUGEOT,308 SW,2,0,0.0
2026-07-22T09:24:26,cash,PEUGEOT,408,1,0,0.0
2026-07-22T09:24:26,cash,PEUGEOT,5008,17,0,0.0
2026-07-22T09:24:26,cash,PEUGEOT,E-2008,12,12,1.0
2026-07-22T09:24:26,cash,PEUGEOT,E-208,6,6,1.0
2026-07-22T09:24:26,cash,PEUGEOT,E-308,1,1,1.0
2026-07-22T09:24:26,cash,PEUGEOT,EXPERT,5,0,0.0
2026-07-22T09:24:26,cash,PEUGEOT,PARTNER,8,0,0.0
2026-07-22T09:24:26,cash,RENAULT,ARKANA,13,0,0.0
2026-07-22T09:24:26,cash,RENAULT,AUSTRAL,5,0,0.0
2026-07-22T09:24:26,cash,RENAULT,CAPTUR,17,0,0.0
2026-07-22T09:24:26,cash,RENAULT,CLIO,38,0,0.0
2026-07-22T09:24:26,cash,RENAULT,ESPACE,2,0,0.0
2026-07-22T09:24:26,cash,RENAULT,EXPRESS,18,0,0.0
2026-07-22T09:24:26,cash,RENAULT,KADJAR,2,0,0.0
2026-07-22T09:24:26,cash,RENAULT,KANGOO,3,0,0.0
2026-07-22T09:24:26,cash,RENAULT,MASTER,1,0,0.0
2026-07-22T09:24:26,cash,RENAULT,MEGANE,14,0,0.0
2026-07-22T09:24:26,cash,RENAULT,MEGANE E-TECH,2,2,1.0
2026-07-22T09:24:26,cash,RENAULT,SCENIC,7,0,0.0
2026-07-22T09:24:26,cash,RENAULT,SYMBIOZ,1,0,0.0
2026-07-22T09:24:26,cash,RENAULT,TRAFIC,5,0,0.0
2026-07-22T09:24:26,cash,RENAULT,TWINGO,1,0,0.0
2026-07-22T09:24:26,cash,RENAULT,ZOE,1,1,1.0
2026-07-22T09:24:26,cash,SKODA,ENYAQ,1,1,1.0
2026-07-22T09:24:26,cash,SKODA,FABIA,6,0,0.0
2026-07-22T09:24:26,cash,SKODA,KAMIQ,5,0,0.0
2026-07-22T09:24:26,cash,SKODA,KODIAQ,2,0,0.0
2026-07-22T09:24:26,cash,SMART,1,1,1,1.0
2026-07-22T09:24:26,cash,SUZUKI,SWIFT,1,0,0.0
2026-07-22T09:24:26,cash,TESLA,MODEL 3,6,6,1.0
2026-07-22T09:24:26,cash,TESLA,MODEL Y,5,5,1.0
2026-07-22T09:24:26,cash,TOYOTA,AYGO X,3,0,0.0
2026-07-22T09:24:26,cash,TOYOTA,C-HR,3,0,0.0
2026-07-22T09:24:26,cash,TOYOTA,COROLLA,3,0,0.0
2026-07-22T09:24:26,cash,TOYOTA,COROLLA TS,8,0,0.0
2026-07-22T09:24:26,cash,TOYOTA,PROACE CITY,1,0,0.0
2026-07-22T09:24:26,cash,TOYOTA,RAV4 HSD,6,0,0.0
2026-07-22T09:24:26,cash,TOYOTA,RAV4 PLUG IN,4,0,0.0
2026-07-22T09:24:26,cash,TOYOTA,YARIS HYBRID,3,0,0.0
2026-07-22T09:24:26,cash,VOLKSWAGEN,GOLF,11,0,0.0
2026-07-22T09:24:26,cash,VOLKSWAGEN,ID.3,1,1,1.0
2026-07-22T09:24:26,cash,VOLKSWAGEN,POLO,5,0,0.0
2026-07-22T09:24:26,cash,VOLKSWAGEN,T-ROC,6,0,0.0
2026-07-22T09:24:26,cash,VOLKSWAGEN,TAIGO,1,0,0.0
2026-07-22T09:24:26,cash,VOLKSWAGEN,TIGUAN,4,0,0.0
2026-07-22T09:24:26,cash,VOLKSWAGEN,TIGUAN ALLSPACE,4,0,0.0
2026-07-22T09:24:26,cash,VOLKSWAGEN,TOURAN,1,0,0.0
2026-07-22T09:24:26,cash,VOLKSWAGEN,TRANSPORTER,1,0,0.0
2026-07-23T09:23:04,leasing,AUDI,A3 SPORTBACK,4,0,0.0
2026-07-23T09:23:04,leasing,BMW,IX1,1,1,1.0
2026-07-23T09:23:04,leasing,BMW,IX3,1,1,1.0
2026-07-23T09:23:04,leasing,BMW,SERIE 1,9,0,0.0
2026-07-23T09:23:04,leasing,BMW,SERIE 2 GRAN TOURER,1,0,0.0
2026-07-23T09:23:04,leasing,BMW,SERIE 3,2,0,0.0
2026-07-23T09:23:04,leasing,BMW,X1,12,0,0.0
2026-07-23T09:23:04,leasing,BMW,X2,1,0,0.0
2026-07-23T09:23:04,leasing,BMW,X3,4,0,0.0
2026-07-23T09:23:04,leasing,CITROEN,BERLINGO,8,0,0.0
2026-07-23T09:23:04,leasing,CITROEN,C3,8,0,0.0
2026-07-23T09:23:04,leasing,CITROEN,C3 AIRCROSS,6,0,0.0
2026-07-23T09:23:04,leasing,CITROEN,C4,5,0,0.0
2026-07-23T09:23:04,leasing,CITROEN,C5 AIRCROSS,13,0,0.0
2026-07-23T09:23:04,leasing,CITROEN,C5 X,4,0,0.0
2026-07-23T09:23:04,leasing,CITROEN,GRAND C4 SPACETOURER,1,0,0.0
2026-07-23T09:23:04,leasing,CITROEN,JUMPY,5,0,0.0
2026-07-23T09:23:04,leasing,CUPRA,FORMENTOR,1,0,0.0
2026-07-23T09:23:04,leasing,DACIA,JOGGER,1,0,0.0
2026-07-23T09:23:04,leasing,DACIA,SANDERO,1,0,0.0
2026-07-23T09:23:04,leasing,DS,DS3,1,0,0.0
2026-07-23T09:23:04,leasing,DS,DS3 CROSSBACK,2,1,0.5
2026-07-23T09:23:04,leasing,DS,DS4,1,0,0.0
2026-07-23T09:23:04,leasing,DS,DS7,2,0,0.0
2026-07-23T09:23:04,leasing,FIAT,500,1,0,0.0
2026-07-23T09:23:04,leasing,FORD,KUGA,5,0,0.0
2026-07-23T09:23:04,leasing,FORD,PUMA,1,0,0.0
2026-07-23T09:23:04,leasing,HYUNDAI,I30,1,0,0.0
2026-07-23T09:23:04,leasing,HYUNDAI,IONIQ,1,1,1.0
2026-07-23T09:23:04,leasing,HYUNDAI,SANTA FE,1,0,0.0
2026-07-23T09:23:04,leasing,HYUNDAI,TUCSON,9,0,0.0
2026-07-23T09:23:04,leasing,JEEP,AVENGER,2,2,1.0
2026-07-23T09:23:04,leasing,KIA,CEED,4,0,0.0
2026-07-23T09:23:04,leasing,KIA,E-NIRO,1,1,1.0
2026-07-23T09:23:04,leasing,KIA,NIRO,1,0,0.0
2026-07-23T09:23:04,leasing,KIA,NIRO EV,11,11,1.0
2026-07-23T09:23:04,leasing,KIA,PICANTO,1,0,0.0
2026-07-23T09:23:04,leasing,KIA,PROCEED,1,0,0.0
2026-07-23T09:23:04,leasing,KIA,RIO,1,0,0.0
2026-07-23T09:23:04,leasing,KIA,SORENTO,1,0,0.0
2026-07-23T09:23:04,leasing,KIA,SPORTAGE,11,0,0.0
2026-07-23T09:23:04,leasing,KIA,STONIC,10,0,0.0
2026-07-23T09:23:04,leasing,KIA,XCEED,1,0,0.0
2026-07-23T09:23:04,leasing,MERCEDES-BENZ,CLASSE A,3,0,0.0
2026-07-23T09:23:04,leasing,MERCEDES-BENZ,CLASSE CLA,3,0,0.0
2026-07-23T09:23:04,leasing,MERCEDES-BENZ,EQA,1,1,1.0
2026-07-23T09:23:04,leasing,MERCEDES-BENZ,GLC COUPE,1,0,0.0
2026-07-23T09:23:04,leasing,MG,MG5,1,1,1.0
2026-07-23T09:23:04,leasing,MINI,MINI,1,1,1.0
2026-07-23T09:23:04,leasing,NISSAN,LEAF,1,1,1.0
2026-07-23T09:23:04,leasing,NISSAN,QASHQAI,7,0,0.0
2026-07-23T09:23:04,leasing,NISSAN,X-TRAIL,1,0,0.0
2026-07-23T09:23:04,leasing,OPEL,ASTRA,1,0,0.0
2026-07-23T09:23:04,leasing,OPEL,CORSA,3,0,0.0
2026-07-23T09:23:04,leasing,OPEL,CROSSLAND,3,0,0.0
2026-07-23T09:23:04,leasing,OPEL,GRANDLAND,1,0,0.0
2026-07-23T09:23:04,leasing,PEUGEOT,2008,24,0,0.0
2026-07-23T09:23:04,leasing,PEUGEOT,208,7,0,0.0
2026-07-23T09:23:04,leasing,PEUGEOT,3008,32,0,0.0
2026-07-23T09:23:04,leasing,PEUGEOT,308,8,0,0.0
2026-07-23T09:23:04,leasing,PEUGEOT,308 SW,2,0,0.0
2026-07-23T09:23:04,leasing,PEUGEOT,408,1,0,0.0
2026-07-23T09:23:04,leasing,PEUGEOT,5008,15,0,0.0
2026-07-23T09:23:04,leasing,PEUGEOT,E-2008,12,12,1.0
2026-07-23T09:23:04,leasing,PEUGEOT,E-208,5,5,1.0
2026-07-23T09:23:04,leasing,PEUGEOT,EXPERT,4,0,0.0
2026-07-23T09:23:04,leasing,PEUGEOT,PARTNER,8,0,0.0
2026-07-23T09:23:04,leasing,RENAULT,ARKANA,13,0,0.0
2026-07-23T09:23:04,leasing,RENAULT,AUSTRAL,5,0,0.0
2026-07-23T09:23:04,leasing,RENAULT,CAPTUR,18,0,0.0
2026-07-23T09:23:04,leasing,RENAULT,CLIO,32,0,0.0
2026-07-23T09:23:04,leasing,RENAULT,ESPACE,1,0,0.0
2026-07-23T09:23:04,leasing,RENAULT,EXPRESS,19,0,0.0
2026-07-23T09:23:04,leasing,RENAULT,KADJAR,1,0,0.0
2026-07-23T09:23:04,leasing,RENAULT,KANGOO,3,0,0.0
2026-07-23T09:23:04,leasing,RENAULT,MASTER,1,0,0.0
2026-07-23T09:23:04,leasing,RENAULT,MEGANE,11,0,0.0
2026-07-23T09:23:04,leasing,RENAULT,SCENIC,6,0,0.0
2026-07-23T09:23:04,leasing,RENAULT,TRAFIC,5,0,0.0
2026-07-23T09:23:04,leasing,RENAULT,ZOE,1,1,1.0
2026-07-23T09:23:04,leasing,SKODA,ENYAQ,1,1,1.0
2026-07-23T09:23:04,leasing,SKODA,FABIA,6,0,0.0
2026-07-23T09:23:04,leasing,SKODA,KAMIQ,5,0,0.0
2026-07-23T09:23:04,leasing,SKODA,KODIAQ,2,0,0.0
2026-07-23T09:23:04,leasing,SUZUKI,SWIFT,1,0,0.0
2026-07-23T09:23:04,leasing,TESLA,MODEL 3,4,4,1.0
2026-07-23T09:23:04,leasing,TESLA,MODEL Y,5,5,1.0
2026-07-23T09:23:04,leasing,TOYOTA,AYGO X,3,0,0.0
2026-07-23T09:23:04,leasing,TOYOTA,C-HR,2,0,0.0
2026-07-23T09:23:04,leasing,TOYOTA,COROLLA,3,0,0.0
2026-07-23T09:23:04,leasing,TOYOTA,COROLLA TS,8,0,0.0
2026-07-23T09:23:04,leasing,TOYOTA,PROACE CITY,1,0,0.0
2026-07-23T09:23:04,leasing,TOYOTA,RAV4 HSD,3,0,0.0
2026-07-23T09:23:04,leasing,TOYOTA,RAV4 PLUG IN,5,0,0.0
2026-07-23T09:23:04,leasing,TOYOTA,YARIS HYBRID,3,0,0.0
2026-07-23T09:23:04,leasing,VOLKSWAGEN,GOLF,10,0,0.0
2026-07-23T09:23:04,leasing,VOLKSWAGEN,ID.3,2,2,1.0
2026-07-23T09:23:04,leasing,VOLKSWAGEN,POLO,6,0,0.0
2026-07-23T09:23:04,leasing,VOLKSWAGEN,T-ROC,4,0,0.0
2026-07-23T09:23:04,leasing,VOLKSWAGEN,TIGUAN,4,0,0.0
2026-07-23T09:23:04,leasing,VOLKSWAGEN,TIGUAN ALLSPACE,1,0,0.0
2026-07-23T09:23:04,leasing,VOLKSWAGEN,TOURAN,1,0,0.0
2026-07-23T09:23:04,leasing,VOLKSWAGEN,TRANSPORTER,1,0,0.0
2026-07-23T09:23:04,cash,AUDI,A3 SPORTBACK,4,0,0.0
2026-07-23T09:23:04,cash,BMW,IX1,1,1,1.0
2026-07-23T09:23:04,cash,BMW,IX3,1,1,1.0
2026-07-23T09:23:04,cash,BMW,SERIE 1,9,0,0.0
2026-07-23T09:23:04,cash,BMW,SERIE 2 ACTIVE TOURE,1,0,0.0
2026-07-23T09:23:04,cash,BMW,SERIE 2 GRAN TOURER,1,0,0.0
2026-07-23T09:23:04,cash,BMW,SERIE 3,2,0,0.0
2026-07-23T09:23:04,cash,BMW,X1,13,0,0.0
2026-07-23T09:23:04,cash,BMW,X2,1,0,0.0
2026-07-23T09:23:04,cash,BMW,X3,4,0,0.0
2026-07-23T09:23:04,cash,BMW,X5,1,0,0.0
2026-07-23T09:23:04,cash,CITROEN,BERLINGO,9,0,0.0
2026-07-23T09:23:04,cash,CITROEN,C3,9,0,0.0
2026-07-23T09:23:04,cash,CITROEN,C3 AIRCROSS,6,0,0.0
2026-07-23T09:23:04,cash,CITROEN,C4,5,0,0.0
2026-07-23T09:23:04,cash,CITROEN,C5 AIRCROSS,13,0,0.0
2026-07-23T09:23:04,cash,CITROEN,C5 X,4,0,0.0
2026-07-23T09:23:04,cash,CITROEN,E-C4,1,1,1.0
2026-07-23T09:23:04,cash,CITROEN,GRAND C4 SPACETOURER,1,0,0.0
2026-07-23T09:23:04,cash,CITROEN,JUMPY,5,0,0.0
2026-07-23T09:23:04,cash,CUPRA,FORMENTOR,1,0,0.0
2026-07-23T09:23:04,cash,DACIA,JOGGER,1,0,0.0
2026-07-23T09:23:04,cash,DACIA,SANDERO,1,0,0.0
2026-07-23T09:23:04,cash,DS,DS3,1,0,0.0
2026-07-23T09:23:04,cash,DS,DS3 CROSSBACK,2,1,0.5
2026-07-23T09:23:04,cash,DS,DS4,1,0,0.0
2026-07-23T09:23:04,cash,DS,DS7,2,0,0.0
2026-07-23T09:23:04,cash,FIAT,500,1,0,0.0
2026-07-23T09:23:04,cash,FORD,KUGA,6,0,0.0
2026-07-23T09:23:04,cash,FORD,PUMA,1,0,0.0
2026-07-23T09:23:04,cash,FORD,TRANSIT CUSTOM,1,0,0.0
2026-07-23T09:23:04,cash,HYUNDAI,I30,1,0,0.0
2026-07-23T09:23:04,cash,HYUNDAI,IONIQ,1,1,1.0
2026-07-23T09:23:04,cash,HYUNDAI,SANTA FE,1,0,0.0
2026-07-23T09:23:04,cash,HYUNDAI,TUCSON,9,0,0.0
2026-07-23T09:23:04,cash,JEEP,AVENGER,2,2,1.0
2026-07-23T09:23:04,cash,KIA,CEED,4,0,0.0
2026-07-23T09:23:04,cash,KIA,E-NIRO,1,1,1.0
2026-07-23T09:23:04,cash,KIA,NIRO,1,0,0.0
2026-07-23T09:23:04,cash,KIA,NIRO EV,11,11,1.0
2026-07-23T09:23:04,cash,KIA,PICANTO,1,0,0.0
2026-07-23T09:23:04,cash,KIA,PROCEED,1,0,0.0
2026-07-23T09:23:04,cash,KIA,RIO,1,0,0.0
2026-07-23T09:23:04,cash,KIA,SORENTO,1,0,0.0
2026-07-23T09:23:04,cash,KIA,SPORTAGE,11,0,0.0
2026-07-23T09:23:04,cash,KIA,STONIC,10,0,0.0
2026-07-23T09:23:04,cash,KIA,XCEED,1,0,0.0
2026-07-23T09:23:04,cash,MERCEDES-BENZ,CLASSE A,5,0,0.0
2026-07-23T09:23:04,cash,MERCEDES-BENZ,CLASSE CLA,3,0,0.0
2026-07-23T09:23:04,cash,MERCEDES-BENZ,EQA,1,1,1.0
2026-07-23T09:23:04,cash,MERCEDES-BENZ,GLB,1,0,0.0
2026-07-23T09:23:04,cash,MERCEDES-BENZ,GLC COUPE,1,0,0.0
2026-07-23T09:23:04,cash,MG,MG5,1,1,1.0
2026-07-23T09:23:04,cash,MINI,MINI,1,1,1.0
2026-07-23T09:23:04,cash,NISSAN,LEAF,1,1,1.0
2026-07-23T09:23:04,cash,NISSAN,QASHQAI,8,0,0.0
2026-07-23T09:23:04,cash,NISSAN,X-TRAIL,1,0,0.0
2026-07-23T09:23:04,cash,OPEL,ASTRA,1,0,0.0
2026-07-23T09:23:04,cash,OPEL,CORSA,3,0,0.0
2026-07-23T09:23:04,cash,OPEL,CROSSLAND,3,0,0.0
2026-07-23T09:23:04,cash,OPEL,GRANDLAND,1,0,0.0
2026-07-23T09:23:04,cash,OPEL,GRANDLAND X,1,0,0.0
2026-07-23T09:23:04,cash,PEUGEOT,108,1,0,0.0
2026-07-23T09:23:04,cash,PEUGEOT,2008,25,0,0.0
2026-07-23T09:23:04,cash,PEUGEOT,208,8,0,0.0
2026-07-23T09:23:04,cash,PEUGEOT,3008,38,0,0.0
2026-07-23T09:23:04,cash,PEUGEOT,308,8,0,0.0
2026-07-23T09:23:04,cash,PEUGEOT,308 SW,2,0,0.0
2026-07-23T09:23:04,cash,PEUGEOT,408,1,0,0.0
2026-07-23T09:23:04,cash,PEUGEOT,5008,16,0,0.0
2026-07-23T09:23:04,cash,PEUGEOT,E-2008,12,12,1.0
2026-07-23T09:23:04,cash,PEUGEOT,E-208,6,6,1.0
2026-07-23T09:23:04,cash,PEUGEOT,E-308,1,1,1.0
2026-07-23T09:23:04,cash,PEUGEOT,EXPERT,4,0,0.0
2026-07-23T09:23:04,cash,PEUGEOT,PARTNER,8,0,0.0
2026-07-23T09:23:04,cash,RENAULT,ARKANA,13,0,0.0
2026-07-23T09:23:04,cash,RENAULT,AUSTRAL,5,0,0.0
2026-07-23T09:23:04,cash,RENAULT,CAPTUR,19,0,0.0
2026-07-23T09:23:04,cash,RENAULT,CLIO,38,0,0.0
2026-07-23T09:23:04,cash,RENAULT,ESPACE,1,0,0.0
2026-07-23T09:23:04,cash,RENAULT,EXPRESS,19,0,0.0
2026-07-23T09:23:04,cash,RENAULT,KADJAR,2,0,0.0
2026-07-23T09:23:04,cash,RENAULT,KANGOO,3,0,0.0
2026-07-23T09:23:04,cash,RENAULT,MASTER,1,0,0.0
2026-07-23T09:23:04,cash,RENAULT,MEGANE,14,0,0.0
2026-07-23T09:23:04,cash,RENAULT,SCENIC,6,0,0.0
2026-07-23T09:23:04,cash,RENAULT,SYMBIOZ,1,0,0.0
2026-07-23T09:23:04,cash,RENAULT,TRAFIC,6,0,0.0
2026-07-23T09:23:04,cash,RENAULT,TWINGO,1,0,0.0
2026-07-23T09:23:04,cash,RENAULT,ZOE,1,1,1.0
2026-07-23T09:23:04,cash,SKODA,ENYAQ,1,1,1.0
2026-07-23T09:23:04,cash,SKODA,FABIA,6,0,0.0
2026-07-23T09:23:04,cash,SKODA,KAMIQ,5,0,0.0
2026-07-23T09:23:04,cash,SKODA,KODIAQ,2,0,0.0
2026-07-23T09:23:04,cash,SMART,1,1,1,1.0
2026-07-23T09:23:04,cash,SUZUKI,SWIFT,1,0,0.0
2026-07-23T09:23:04,cash,TESLA,MODEL 3,5,5,1.0
2026-07-23T09:23:04,cash,TESLA,MODEL Y,5,5,1.0
2026-07-23T09:23:04,cash,TOYOTA,AYGO X,3,0,0.0
2026-07-23T09:23:04,cash,TOYOTA,C-HR,3,0,0.0
2026-07-23T09:23:04,cash,TOYOTA,COROLLA,3,0,0.0
2026-07-23T09:23:04,cash,TOYOTA,COROLLA TS,8,0,0.0
2026-07-23T09:23:04,cash,TOYOTA,PROACE CITY,1,0,0.0
2026-07-23T09:23:04,cash,TOYOTA,RAV4 HSD,4,0,0.0
2026-07-23T09:23:04,cash,TOYOTA,RAV4 PLUG IN,5,0,0.0
2026-07-23T09:23:04,cash,TOYOTA,YARIS HYBRID,3,0,0.0
2026-07-23T09:23:04,cash,VOLKSWAGEN,GOLF,11,0,0.0
2026-07-23T09:23:04,cash,VOLKSWAGEN,ID.3,2,2,1.0
2026-07-23T09:23:04,cash,VOLKSWAGEN,POLO,6,0,0.0
2026-07-23T09:23:04,cash,VOLKSWAGEN,T-ROC,5,0,0.0
2026-07-23T09:23:04,cash,VOLKSWAGEN,TIGUAN,4,0,0.0
2026-07-23T09:23:04,cash,VOLKSWAGEN,TIGUAN ALLSPACE,3,0,0.0
2026-07-23T09:23:04,cash,VOLKSWAGEN,TOURAN,1,0,0.0
2026-07-23T09:23:04,cash,VOLKSWAGEN,TRANSPORTER,1,0,0.0
2026-07-24T09:18:48,leasing,AUDI,A3 SPORTBACK,5,0,0.0
2026-07-24T09:18:48,leasing,BMW,IX1,1,1,1.0
2026-07-24T09:18:48,leasing,BMW,IX3,1,1,1.0
2026-07-24T09:18:48,leasing,BMW,SERIE 1,8,0,0.0
2026-07-24T09:18:48,leasing,BMW,SERIE 2 GRAN TOURER,1,0,0.0
2026-07-24T09:18:48,leasing,BMW,SERIE 3,2,0,0.0
2026-07-24T09:18:48,leasing,BMW,X1,11,0,0.0
2026-07-24T09:18:48,leasing,BMW,X2,1,0,0.0
2026-07-24T09:18:48,leasing,BMW,X3,4,0,0.0
2026-07-24T09:18:48,leasing,CITROEN,BERLINGO,8,0,0.0
2026-07-24T09:18:48,leasing,CITROEN,C3,7,0,0.0
2026-07-24T09:18:48,leasing,CITROEN,C3 AIRCROSS,6,0,0.0
2026-07-24T09:18:48,leasing,CITROEN,C4,5,0,0.0
2026-07-24T09:18:48,leasing,CITROEN,C5 AIRCROSS,13,0,0.0
2026-07-24T09:18:48,leasing,CITROEN,C5 X,4,0,0.0
2026-07-24T09:18:48,leasing,CITROEN,GRAND C4 SPACETOURER,1,0,0.0
2026-07-24T09:18:48,leasing,CITROEN,JUMPY,5,0,0.0
2026-07-24T09:18:48,leasing,CUPRA,FORMENTOR,1,0,0.0
2026-07-24T09:18:48,leasing,DACIA,JOGGER,1,0,0.0
2026-07-24T09:18:48,leasing,DACIA,SANDERO,1,0,0.0
2026-07-24T09:18:48,leasing,DS,DS3,1,0,0.0
2026-07-24T09:18:48,leasing,DS,DS3 CROSSBACK,2,1,0.5
2026-07-24T09:18:48,leasing,DS,DS4,1,0,0.0
2026-07-24T09:18:48,leasing,DS,DS7,2,0,0.0
2026-07-24T09:18:48,leasing,FIAT,500,1,0,0.0
2026-07-24T09:18:48,leasing,FORD,KUGA,5,0,0.0
2026-07-24T09:18:48,leasing,FORD,PUMA,1,0,0.0
2026-07-24T09:18:48,leasing,HYUNDAI,I30,1,0,0.0
2026-07-24T09:18:48,leasing,HYUNDAI,IONIQ,1,1,1.0
2026-07-24T09:18:48,leasing,HYUNDAI,SANTA FE,1,0,0.0
2026-07-24T09:18:48,leasing,HYUNDAI,TUCSON,10,0,0.0
2026-07-24T09:18:48,leasing,JEEP,AVENGER,2,2,1.0
2026-07-24T09:18:48,leasing,KIA,CEED,4,0,0.0
2026-07-24T09:18:48,leasing,KIA,E-NIRO,1,1,1.0
2026-07-24T09:18:48,leasing,KIA,NIRO,2,0,0.0
2026-07-24T09:18:48,leasing,KIA,NIRO EV,8,8,1.0
2026-07-24T09:18:48,leasing,KIA,PICANTO,1,0,0.0
2026-07-24T09:18:48,leasing,KIA,PROCEED,1,0,0.0
2026-07-24T09:18:48,leasing,KIA,RIO,1,0,0.0
2026-07-24T09:18:48,leasing,KIA,SORENTO,1,0,0.0
2026-07-24T09:18:48,leasing,KIA,SPORTAGE,11,0,0.0
2026-07-24T09:18:48,leasing,KIA,STONIC,10,0,0.0
2026-07-24T09:18:48,leasing,KIA,XCEED,1,0,0.0
2026-07-24T09:18:48,leasing,MERCEDES-BENZ,CLASSE A,3,0,0.0
2026-07-24T09:18:48,leasing,MERCEDES-BENZ,CLASSE CLA,3,0,0.0
2026-07-24T09:18:48,leasing,MERCEDES-BENZ,EQA,1,1,1.0
2026-07-24T09:18:48,leasing,MG,MG5,1,1,1.0
2026-07-24T09:18:48,leasing,NISSAN,LEAF,1,1,1.0
2026-07-24T09:18:48,leasing,NISSAN,QASHQAI,7,0,0.0
2026-07-24T09:18:48,leasing,NISSAN,X-TRAIL,1,0,0.0
2026-07-24T09:18:48,leasing,OPEL,ASTRA,1,0,0.0
2026-07-24T09:18:48,leasing,OPEL,CORSA,3,0,0.0
2026-07-24T09:18:48,leasing,OPEL,CROSSLAND,3,0,0.0
2026-07-24T09:18:48,leasing,OPEL,GRANDLAND,1,0,0.0
2026-07-24T09:18:48,leasing,PEUGEOT,2008,24,0,0.0
2026-07-24T09:18:48,leasing,PEUGEOT,208,7,0,0.0
2026-07-24T09:18:48,leasing,PEUGEOT,3008,30,0,0.0
2026-07-24T09:18:48,leasing,PEUGEOT,308,9,0,0.0
2026-07-24T09:18:48,leasing,PEUGEOT,308 SW,2,0,0.0
2026-07-24T09:18:48,leasing,PEUGEOT,408,1,0,0.0
2026-07-24T09:18:48,leasing,PEUGEOT,5008,14,0,0.0
2026-07-24T09:18:48,leasing,PEUGEOT,E-2008,11,11,1.0
2026-07-24T09:18:48,leasing,PEUGEOT,E-208,5,5,1.0
2026-07-24T09:18:48,leasing,PEUGEOT,EXPERT,4,0,0.0
2026-07-24T09:18:48,leasing,PEUGEOT,PARTNER,8,0,0.0
2026-07-24T09:18:48,leasing,RENAULT,ARKANA,13,0,0.0
2026-07-24T09:18:48,leasing,RENAULT,AUSTRAL,6,0,0.0
2026-07-24T09:18:48,leasing,RENAULT,CAPTUR,18,0,0.0
2026-07-24T09:18:48,leasing,RENAULT,CLIO,30,0,0.0
2026-07-24T09:18:48,leasing,RENAULT,ESPACE,1,0,0.0
2026-07-24T09:18:48,leasing,RENAULT,EXPRESS,19,0,0.0
2026-07-24T09:18:48,leasing,RENAULT,KANGOO,3,0,0.0
2026-07-24T09:18:48,leasing,RENAULT,MASTER,1,0,0.0
2026-07-24T09:18:48,leasing,RENAULT,MEGANE,11,0,0.0
2026-07-24T09:18:48,leasing,RENAULT,MEGANE E-TECH,3,3,1.0
2026-07-24T09:18:48,leasing,RENAULT,SCENIC,6,0,0.0
2026-07-24T09:18:48,leasing,RENAULT,TRAFIC,6,0,0.0
2026-07-24T09:18:48,leasing,RENAULT,ZOE,1,1,1.0
2026-07-24T09:18:48,leasing,SKODA,ENYAQ,1,1,1.0
2026-07-24T09:18:48,leasing,SKODA,FABIA,6,0,0.0
2026-07-24T09:18:48,leasing,SKODA,KAMIQ,4,0,0.0
2026-07-24T09:18:48,leasing,SKODA,KODIAQ,2,0,0.0
2026-07-24T09:18:48,leasing,SUZUKI,SWIFT,1,0,0.0
2026-07-24T09:18:48,leasing,TESLA,MODEL 3,5,5,1.0
2026-07-24T09:18:48,leasing,TESLA,MODEL Y,3,3,1.0
2026-07-24T09:18:48,leasing,TOYOTA,AYGO X,3,0,0.0
2026-07-24T09:18:48,leasing,TOYOTA,C-HR,1,0,0.0
2026-07-24T09:18:48,leasing,TOYOTA,COROLLA,2,0,0.0
2026-07-24T09:18:48,leasing,TOYOTA,COROLLA TS,8,0,0.0
2026-07-24T09:18:48,leasing,TOYOTA,PROACE CITY,1,0,0.0
2026-07-24T09:18:48,leasing,TOYOTA,RAV4 HSD,2,0,0.0
2026-07-24T09:18:48,leasing,TOYOTA,RAV4 PLUG IN,4,0,0.0
2026-07-24T09:18:48,leasing,TOYOTA,YARIS HYBRID,3,0,0.0
2026-07-24T09:18:48,leasing,VOLKSWAGEN,GOLF,10,0,0.0
2026-07-24T09:18:48,leasing,VOLKSWAGEN,ID.3,2,2,1.0
2026-07-24T09:18:48,leasing,VOLKSWAGEN,POLO,5,0,0.0
2026-07-24T09:18:48,leasing,VOLKSWAGEN,T-ROC,6,0,0.0
2026-07-24T09:18:48,leasing,VOLKSWAGEN,TIGUAN,3,0,0.0
2026-07-24T09:18:48,leasing,VOLKSWAGEN,TOURAN,1,0,0.0
2026-07-24T09:18:48,leasing,VOLKSWAGEN,TRANSPORTER,1,0,0.0
2026-07-24T09:18:48,cash,AUDI,A3 SPORTBACK,5,0,0.0
2026-07-24T09:18:48,cash,BMW,IX1,1,1,1.0
2026-07-24T09:18:48,cash,BMW,IX3,1,1,1.0
2026-07-24T09:18:48,cash,BMW,SERIE 1,8,0,0.0
2026-07-24T09:18:48,cash,BMW,SERIE 2 ACTIVE TOURE,2,0,0.0
2026-07-24T09:18:48,cash,BMW,SERIE 2 GRAN TOURER,1,0,0.0
2026-07-24T09:18:48,cash,BMW,SERIE 3,2,0,0.0
2026-07-24T09:18:48,cash,BMW,X1,12,0,0.0
2026-07-24T09:18:48,cash,BMW,X2,1,0,0.0
2026-07-24T09:18:48,cash,BMW,X3,4,0,0.0
2026-07-24T09:18:48,cash,BMW,X5,1,0,0.0
2026-07-24T09:18:48,cash,CITROEN,BERLINGO,9,0,0.0
2026-07-24T09:18:48,cash,CITROEN,C3,8,0,0.0
2026-07-24T09:18:48,cash,CITROEN,C3 AIRCROSS,6,0,0.0
2026-07-24T09:18:48,cash,CITROEN,C4,5,0,0.0
2026-07-24T09:18:48,cash,CITROEN,C5 AIRCROSS,13,0,0.0
2026-07-24T09:18:48,cash,CITROEN,C5 X,4,0,0.0
2026-07-24T09:18:48,cash,CITROEN,E-C4,1,1,1.0
2026-07-24T09:18:48,cash,CITROEN,GRAND C4 SPACETOURER,1,0,0.0
2026-07-24T09:18:48,cash,CITROEN,JUMPY,5,0,0.0
2026-07-24T09:18:48,cash,CUPRA,FORMENTOR,1,0,0.0
2026-07-24T09:18:48,cash,DACIA,JOGGER,1,0,0.0
2026-07-24T09:18:48,cash,DACIA,SANDERO,1,0,0.0
2026-07-24T09:18:48,cash,DS,DS3,1,0,0.0
2026-07-24T09:18:48,cash,DS,DS3 CROSSBACK,2,1,0.5
2026-07-24T09:18:48,cash,DS,DS4,1,0,0.0
2026-07-24T09:18:48,cash,DS,DS7,2,0,0.0
2026-07-24T09:18:48,cash,FIAT,500,1,0,0.0
2026-07-24T09:18:48,cash,FORD,KUGA,6,0,0.0
2026-07-24T09:18:48,cash,FORD,PUMA,1,0,0.0
2026-07-24T09:18:48,cash,FORD,TRANSIT CUSTOM,1,0,0.0
2026-07-24T09:18:48,cash,HYUNDAI,I30,1,0,0.0
2026-07-24T09:18:48,cash,HYUNDAI,IONIQ,1,1,1.0
2026-07-24T09:18:48,cash,HYUNDAI,SANTA FE,1,0,0.0
2026-07-24T09:18:48,cash,HYUNDAI,TUCSON,10,0,0.0
2026-07-24T09:18:48,cash,JEEP,AVENGER,2,2,1.0
2026-07-24T09:18:48,cash,KIA,CEED,4,0,0.0
2026-07-24T09:18:48,cash,KIA,E-NIRO,1,1,1.0
2026-07-24T09:18:48,cash,KIA,NIRO,2,0,0.0
2026-07-24T09:18:48,cash,KIA,NIRO EV,8,8,1.0
2026-07-24T09:18:48,cash,KIA,PICANTO,1,0,0.0
2026-07-24T09:18:48,cash,KIA,PROCEED,1,0,0.0
2026-07-24T09:18:48,cash,KIA,RIO,1,0,0.0
2026-07-24T09:18:48,cash,KIA,SORENTO,1,0,0.0
2026-07-24T09:18:48,cash,KIA,SPORTAGE,11,0,0.0
2026-07-24T09:18:48,cash,KIA,STONIC,10,0,0.0
2026-07-24T09:18:48,cash,KIA,XCEED,1,0,0.0
2026-07-24T09:18:48,cash,MERCEDES-BENZ,CLASSE A,5,0,0.0
2026-07-24T09:18:48,cash,MERCEDES-BENZ,CLASSE CLA,3,0,0.0
2026-07-24T09:18:48,cash,MERCEDES-BENZ,EQA,1,1,1.0
2026-07-24T09:18:48,cash,MERCEDES-BENZ,GLB,1,0,0.0
2026-07-24T09:18:48,cash,MG,MG5,1,1,1.0
2026-07-24T09:18:48,cash,NISSAN,LEAF,1,1,1.0
2026-07-24T09:18:48,cash,NISSAN,QASHQAI,8,0,0.0
2026-07-24T09:18:48,cash,NISSAN,X-TRAIL,1,0,0.0
2026-07-24T09:18:48,cash,OPEL,ASTRA,1,0,0.0
2026-07-24T09:18:48,cash,OPEL,CORSA,3,0,0.0
2026-07-24T09:18:48,cash,OPEL,CROSSLAND,3,0,0.0
2026-07-24T09:18:48,cash,OPEL,GRANDLAND,1,0,0.0
2026-07-24T09:18:48,cash,OPEL,GRANDLAND X,1,0,0.0
2026-07-24T09:18:48,cash,PEUGEOT,108,1,0,0.0
2026-07-24T09:18:48,cash,PEUGEOT,2008,26,0,0.0
2026-07-24T09:18:48,cash,PEUGEOT,208,8,0,0.0
2026-07-24T09:18:48,cash,PEUGEOT,3008,36,0,0.0
2026-07-24T09:18:48,cash,PEUGEOT,308,9,0,0.0
2026-07-24T09:18:48,cash,PEUGEOT,308 SW,2,0,0.0
2026-07-24T09:18:48,cash,PEUGEOT,408,1,0,0.0
2026-07-24T09:18:48,cash,PEUGEOT,5008,15,0,0.0
2026-07-24T09:18:48,cash,PEUGEOT,E-2008,11,11,1.0
2026-07-24T09:18:48,cash,PEUGEOT,E-208,6,6,1.0
2026-07-24T09:18:48,cash,PEUGEOT,E-308,1,1,1.0
2026-07-24T09:18:48,cash,PEUGEOT,EXPERT,4,0,0.0
2026-07-24T09:18:48,cash,PEUGEOT,PARTNER,8,0,0.0
2026-07-24T09:18:48,cash,RENAULT,ARKANA,13,0,0.0
2026-07-24T09:18:48,cash,RENAULT,AUSTRAL,6,0,0.0
2026-07-24T09:18:48,cash,RENAULT,CAPTUR,19,0,0.0
2026-07-24T09:18:48,cash,RENAULT,CLIO,35,0,0.0
2026-07-24T09:18:48,cash,RENAULT,ESPACE,1,0,0.0
2026-07-24T09:18:48,cash,RENAULT,EXPRESS,19,0,0.0
2026-07-24T09:18:48,cash,RENAULT,KADJAR,1,0,0.0
2026-07-24T09:18:48,cash,RENAULT,KANGOO,3,0,0.0
2026-07-24T09:18:48,cash,RENAULT,MASTER,1,0,0.0
2026-07-24T09:18:48,cash,RENAULT,MEGANE,14,0,0.0
2026-07-24T09:18:48,cash,RENAULT,MEGANE E-TECH,3,3,1.0
2026-07-24T09:18:48,cash,RENAULT,SCENIC,6,0,0.0
2026-07-24T09:18:48,cash,RENAULT,SYMBIOZ,1,0,0.0
2026-07-24T09:18:48,cash,RENAULT,TRAFIC,6,0,0.0
2026-07-24T09:18:48,cash,RENAULT,TWINGO,1,0,0.0
2026-07-24T09:18:48,cash,RENAULT,ZOE,1,1,1.0
2026-07-24T09:18:48,cash,SKODA,ENYAQ,1,1,1.0
2026-07-24T09:18:48,cash,SKODA,FABIA,6,0,0.0
2026-07-24T09:18:48,cash,SKODA,KAMIQ,4,0,0.0
2026-07-24T09:18:48,cash,SKODA,KODIAQ,2,0,0.0
2026-07-24T09:18:48,cash,SMART,1,1,1,1.0
2026-07-24T09:18:48,cash,SUZUKI,SWIFT,1,0,0.0
2026-07-24T09:18:48,cash,TESLA,MODEL 3,6,6,1.0
2026-07-24T09:18:48,cash,TESLA,MODEL Y,3,3,1.0
2026-07-24T09:18:48,cash,TOYOTA,AYGO X,3,0,0.0
2026-07-24T09:18:48,cash,TOYOTA,C-HR,2,0,0.0
2026-07-24T09:18:48,cash,TOYOTA,COROLLA,2,0,0.0
2026-07-24T09:18:48,cash,TOYOTA,COROLLA TS,8,0,0.0
2026-07-24T09:18:48,cash,TOYOTA,PROACE CITY,1,0,0.0
2026-07-24T09:18:48,cash,TOYOTA,RAV4 HSD,3,0,0.0
2026-07-24T09:18:48,cash,TOYOTA,RAV4 PLUG IN,4,0,0.0
2026-07-24T09:18:48,cash,TOYOTA,YARIS HYBRID,3,0,0.0
2026-07-24T09:18:48,cash,VOLKSWAGEN,GOLF,11,0,0.0
2026-07-24T09:18:48,cash,VOLKSWAGEN,ID.3,2,2,1.0
2026-07-24T09:18:48,cash,VOLKSWAGEN,POLO,5,0,0.0
2026-07-24T09:18:48,cash,VOLKSWAGEN,T-ROC,7,0,0.0
2026-07-24T09:18:48,cash,VOLKSWAGEN,TIGUAN,3,0,0.0
2026-07-24T09:18:48,cash,VOLKSWAGEN,TIGUAN ALLSPACE,2,0,0.0
2026-07-24T09:18:48,cash,VOLKSWAGEN,TOURAN,1,0,0.0
2026-07-24T09:18:48,cash,VOLKSWAGEN,TRANSPORTER,1,0,0.0
2026-07-25T08:59:39,leasing,AUDI,A3 SPORTBACK,5,0,0.0
2026-07-25T08:59:39,leasing,AUDI,Q3,1,0,0.0
2026-07-25T08:59:39,leasing,BMW,IX1,1,1,1.0
2026-07-25T08:59:39,leasing,BMW,IX3,1,1,1.0
2026-07-25T08:59:39,leasing,BMW,SERIE 1,7,0,0.0
2026-07-25T08:59:39,leasing,BMW,SERIE 2 ACTIVE TOURE,1,0,0.0
2026-07-25T08:59:39,leasing,BMW,SERIE 2 GRAN TOURER,1,0,0.0
2026-07-25T08:59:39,leasing,BMW,SERIE 3,2,0,0.0
2026-07-25T08:59:39,leasing,BMW,X1,11,0,0.0
2026-07-25T08:59:39,leasing,BMW,X2,1,0,0.0
2026-07-25T08:59:39,leasing,BMW,X3,4,0,0.0
2026-07-25T08:59:39,leasing,BMW,X5,1,0,0.0
2026-07-25T08:59:39,leasing,CITROEN,BERLINGO,7,0,0.0
2026-07-25T08:59:39,leasing,CITROEN,C3,6,0,0.0
2026-07-25T08:59:39,leasing,CITROEN,C3 AIRCROSS,6,0,0.0
2026-07-25T08:59:39,leasing,CITROEN,C4,5,0,0.0
2026-07-25T08:59:39,leasing,CITROEN,C5 AIRCROSS,13,0,0.0
2026-07-25T08:59:39,leasing,CITROEN,C5 X,4,0,0.0
2026-07-25T08:59:39,leasing,CITROEN,GRAND C4 SPACETOURER,1,0,0.0
2026-07-25T08:59:39,leasing,CITROEN,JUMPY,5,0,0.0
2026-07-25T08:59:39,leasing,CUPRA,FORMENTOR,1,0,0.0
2026-07-25T08:59:39,leasing,DACIA,SANDERO,1,0,0.0
2026-07-25T08:59:39,leasing,DS,DS3,1,0,0.0
2026-07-25T08:59:39,leasing,DS,DS3 CROSSBACK,2,1,0.5
2026-07-25T08:59:39,leasing,DS,DS4,1,0,0.0
2026-07-25T08:59:39,leasing,DS,DS7,2,0,0.0
2026-07-25T08:59:39,leasing,FIAT,500,1,0,0.0
2026-07-25T08:59:39,leasing,FORD,KUGA,7,0,0.0
2026-07-25T08:59:39,leasing,FORD,PUMA,1,0,0.0
2026-07-25T08:59:39,leasing,HYUNDAI,I30,1,0,0.0
2026-07-25T08:59:39,leasing,HYUNDAI,IONIQ,1,1,1.0
2026-07-25T08:59:39,leasing,HYUNDAI,SANTA FE,1,0,0.0
2026-07-25T08:59:39,leasing,HYUNDAI,TUCSON,9,0,0.0
2026-07-25T08:59:39,leasing,JEEP,AVENGER,2,2,1.0
2026-07-25T08:59:39,leasing,KIA,CEED,4,0,0.0
2026-07-25T08:59:39,leasing,KIA,NIRO,2,0,0.0
2026-07-25T08:59:39,leasing,KIA,NIRO EV,9,9,1.0
2026-07-25T08:59:39,leasing,KIA,PICANTO,1,0,0.0
2026-07-25T08:59:39,leasing,KIA,PROCEED,1,0,0.0
2026-07-25T08:59:39,leasing,KIA,RIO,1,0,0.0
2026-07-25T08:59:39,leasing,KIA,SORENTO,1,0,0.0
2026-07-25T08:59:39,leasing,KIA,SPORTAGE,11,0,0.0
2026-07-25T08:59:39,leasing,KIA,STONIC,11,0,0.0
2026-07-25T08:59:39,leasing,KIA,XCEED,1,0,0.0
2026-07-25T08:59:39,leasing,MERCEDES-BENZ,CLASSE A,3,0,0.0
2026-07-25T08:59:39,leasing,MERCEDES-BENZ,CLASSE CLA,3,0,0.0
2026-07-25T08:59:39,leasing,MERCEDES-BENZ,EQA,1,1,1.0
2026-07-25T08:59:39,leasing,MG,MG5,1,1,1.0
2026-07-25T08:59:39,leasing,NISSAN,LEAF,1,1,1.0
2026-07-25T08:59:39,leasing,NISSAN,QASHQAI,7,0,0.0
2026-07-25T08:59:39,leasing,NISSAN,X-TRAIL,1,0,0.0
2026-07-25T08:59:39,leasing,OPEL,ASTRA,1,0,0.0
2026-07-25T08:59:39,leasing,OPEL,CORSA,3,0,0.0
2026-07-25T08:59:39,leasing,OPEL,CROSSLAND,2,0,0.0
2026-07-25T08:59:39,leasing,OPEL,GRANDLAND,1,0,0.0
2026-07-25T08:59:39,leasing,PEUGEOT,2008,25,0,0.0
2026-07-25T08:59:39,leasing,PEUGEOT,208,6,0,0.0
2026-07-25T08:59:39,leasing,PEUGEOT,3008,31,0,0.0
2026-07-25T08:59:39,leasing,PEUGEOT,308,9,0,0.0
2026-07-25T08:59:39,leasing,PEUGEOT,308 SW,2,0,0.0
2026-07-25T08:59:39,leasing,PEUGEOT,408,1,0,0.0
2026-07-25T08:59:39,leasing,PEUGEOT,5008,14,0,0.0
2026-07-25T08:59:39,leasing,PEUGEOT,E-2008,11,11,1.0
2026-07-25T08:59:39,leasing,PEUGEOT,E-208,5,5,1.0
2026-07-25T08:59:39,leasing,PEUGEOT,EXPERT,4,0,0.0
2026-07-25T08:59:39,leasing,PEUGEOT,PARTNER,8,0,0.0
2026-07-25T08:59:39,leasing,RENAULT,ARKANA,13,0,0.0
2026-07-25T08:59:39,leasing,RENAULT,AUSTRAL,4,0,0.0
2026-07-25T08:59:39,leasing,RENAULT,CAPTUR,18,0,0.0
2026-07-25T08:59:39,leasing,RENAULT,CLIO,29,0,0.0
2026-07-25T08:59:39,leasing,RENAULT,ESPACE,1,0,0.0
2026-07-25T08:59:39,leasing,RENAULT,EXPRESS,20,0,0.0
2026-07-25T08:59:39,leasing,RENAULT,KANGOO,3,0,0.0
2026-07-25T08:59:39,leasing,RENAULT,MASTER,1,0,0.0
2026-07-25T08:59:39,leasing,RENAULT,MEGANE,12,0,0.0
2026-07-25T08:59:39,leasing,RENAULT,SCENIC,6,0,0.0
2026-07-25T08:59:39,leasing,RENAULT,TRAFIC,6,0,0.0
2026-07-25T08:59:39,leasing,RENAULT,ZOE,1,1,1.0
2026-07-25T08:59:39,leasing,SKODA,ENYAQ,1,1,1.0
2026-07-25T08:59:39,leasing,SKODA,FABIA,5,0,0.0
2026-07-25T08:59:39,leasing,SKODA,KAMIQ,4,0,0.0
2026-07-25T08:59:39,leasing,SKODA,KODIAQ,2,0,0.0
2026-07-25T08:59:39,leasing,SUZUKI,SWIFT,1,0,0.0
2026-07-25T08:59:39,leasing,TESLA,MODEL 3,5,5,1.0
2026-07-25T08:59:39,leasing,TESLA,MODEL Y,3,3,1.0
2026-07-25T08:59:39,leasing,TOYOTA,AYGO X,3,0,0.0
2026-07-25T08:59:39,leasing,TOYOTA,C-HR,2,0,0.0
2026-07-25T08:59:39,leasing,TOYOTA,COROLLA,2,0,0.0
2026-07-25T08:59:39,leasing,TOYOTA,COROLLA TS,7,0,0.0
2026-07-25T08:59:39,leasing,TOYOTA,PROACE CITY,1,0,0.0
2026-07-25T08:59:39,leasing,TOYOTA,RAV4 HSD,3,0,0.0
2026-07-25T08:59:39,leasing,TOYOTA,RAV4 PLUG IN,3,0,0.0
2026-07-25T08:59:39,leasing,TOYOTA,YARIS,1,0,0.0
2026-07-25T08:59:39,leasing,TOYOTA,YARIS HYBRID,3,0,0.0
2026-07-25T08:59:39,leasing,VOLKSWAGEN,GOLF,10,0,0.0
2026-07-25T08:59:39,leasing,VOLKSWAGEN,ID.3,2,2,1.0
2026-07-25T08:59:39,leasing,VOLKSWAGEN,POLO,5,0,0.0
2026-07-25T08:59:39,leasing,VOLKSWAGEN,T-ROC,6,0,0.0
2026-07-25T08:59:39,leasing,VOLKSWAGEN,TIGUAN,2,0,0.0
2026-07-25T08:59:39,leasing,VOLKSWAGEN,TOURAN,2,0,0.0
2026-07-25T08:59:39,leasing,VOLKSWAGEN,TRANSPORTER,1,0,0.0
2026-07-25T08:59:39,leasing,VOLVO,XC60,1,0,0.0
2026-07-25T08:59:39,cash,AUDI,A3 SPORTBACK,5,0,0.0
2026-07-25T08:59:39,cash,AUDI,Q3,1,0,0.0
2026-07-25T08:59:39,cash,BMW,IX1,1,1,1.0
2026-07-25T08:59:39,cash,BMW,IX3,1,1,1.0
2026-07-25T08:59:39,cash,BMW,SERIE 1,7,0,0.0
2026-07-25T08:59:39,cash,BMW,SERIE 2 ACTIVE TOURE,2,0,0.0
2026-07-25T08:59:39,cash,BMW,SERIE 2 GRAN TOURER,1,0,0.0
2026-07-25T08:59:39,cash,BMW,SERIE 3,2,0,0.0
2026-07-25T08:59:39,cash,BMW,X1,12,0,0.0
2026-07-25T08:59:39,cash,BMW,X2,1,0,0.0
2026-07-25T08:59:39,cash,BMW,X3,4,0,0.0
2026-07-25T08:59:39,cash,BMW,X5,2,0,0.0
2026-07-25T08:59:39,cash,CITROEN,BERLINGO,8,0,0.0
2026-07-25T08:59:39,cash,CITROEN,C3,7,0,0.0
2026-07-25T08:59:39,cash,CITROEN,C3 AIRCROSS,6,0,0.0
2026-07-25T08:59:39,cash,CITROEN,C4,5,0,0.0
2026-07-25T08:59:39,cash,CITROEN,C5 AIRCROSS,13,0,0.0
2026-07-25T08:59:39,cash,CITROEN,C5 X,4,0,0.0
2026-07-25T08:59:39,cash,CITROEN,E-C4,1,1,1.0
2026-07-25T08:59:39,cash,CITROEN,GRAND C4 SPACETOURER,1,0,0.0
2026-07-25T08:59:39,cash,CITROEN,JUMPY,5,0,0.0
2026-07-25T08:59:39,cash,CUPRA,FORMENTOR,1,0,0.0
2026-07-25T08:59:39,cash,DACIA,SANDERO,1,0,0.0
2026-07-25T08:59:39,cash,DS,DS3,1,0,0.0
2026-07-25T08:59:39,cash,DS,DS3 CROSSBACK,2,1,0.5
2026-07-25T08:59:39,cash,DS,DS4,1,0,0.0
2026-07-25T08:59:39,cash,DS,DS7,2,0,0.0
2026-07-25T08:59:39,cash,FIAT,500,1,0,0.0
2026-07-25T08:59:39,cash,FORD,KUGA,8,0,0.0
2026-07-25T08:59:39,cash,FORD,PUMA,1,0,0.0
2026-07-25T08:59:39,cash,FORD,TRANSIT CUSTOM,1,0,0.0
2026-07-25T08:59:39,cash,HYUNDAI,I30,1,0,0.0
2026-07-25T08:59:39,cash,HYUNDAI,IONIQ,1,1,1.0
2026-07-25T08:59:39,cash,HYUNDAI,SANTA FE,1,0,0.0
2026-07-25T08:59:39,cash,HYUNDAI,TUCSON,9,0,0.0
2026-07-25T08:59:39,cash,JEEP,AVENGER,2,2,1.0
2026-07-25T08:59:39,cash,KIA,CEED,4,0,0.0
2026-07-25T08:59:39,cash,KIA,NIRO,2,0,0.0
2026-07-25T08:59:39,cash,KIA,NIRO EV,9,9,1.0
2026-07-25T08:59:39,cash,KIA,PICANTO,1,0,0.0
2026-07-25T08:59:39,cash,KIA,PROCEED,1,0,0.0
2026-07-25T08:59:39,cash,KIA,RIO,1,0,0.0
2026-07-25T08:59:39,cash,KIA,SORENTO,1,0,0.0
2026-07-25T08:59:39,cash,KIA,SPORTAGE,11,0,0.0
2026-07-25T08:59:39,cash,KIA,STONIC,11,0,0.0
2026-07-25T08:59:39,cash,KIA,XCEED,1,0,0.0
2026-07-25T08:59:39,cash,MERCEDES-BENZ,CLASSE A,5,0,0.0
2026-07-25T08:59:39,cash,MERCEDES-BENZ,CLASSE CLA,3,0,0.0
2026-07-25T08:59:39,cash,MERCEDES-BENZ,EQA,1,1,1.0
2026-07-25T08:59:39,cash,MERCEDES-BENZ,GLB,1,0,0.0
2026-07-25T08:59:39,cash,MG,MG5,1,1,1.0
2026-07-25T08:59:39,cash,NISSAN,LEAF,1,1,1.0
2026-07-25T08:59:39,cash,NISSAN,QASHQAI,8,0,0.0
2026-07-25T08:59:39,cash,NISSAN,X-TRAIL,1,0,0.0
2026-07-25T08:59:39,cash,OPEL,ASTRA,1,0,0.0
2026-07-25T08:59:39,cash,OPEL,CORSA,3,0,0.0
2026-07-25T08:59:39,cash,OPEL,CROSSLAND,2,0,0.0
2026-07-25T08:59:39,cash,OPEL,GRANDLAND,1,0,0.0
2026-07-25T08:59:39,cash,OPEL,GRANDLAND X,1,0,0.0
2026-07-25T08:59:39,cash,PEUGEOT,108,1,0,0.0
2026-07-25T08:59:39,cash,PEUGEOT,2008,26,0,0.0
2026-07-25T08:59:39,cash,PEUGEOT,208,7,0,0.0
2026-07-25T08:59:39,cash,PEUGEOT,3008,37,0,0.0
2026-07-25T08:59:39,cash,PEUGEOT,308,9,0,0.0
2026-07-25T08:59:39,cash,PEUGEOT,308 SW,2,0,0.0
2026-07-25T08:59:39,cash,PEUGEOT,408,1,0,0.0
2026-07-25T08:59:39,cash,PEUGEOT,5008,15,0,0.0
2026-07-25T08:59:39,cash,PEUGEOT,E-2008,11,11,1.0
2026-07-25T08:59:39,cash,PEUGEOT,E-208,6,6,1.0
2026-07-25T08:59:39,cash,PEUGEOT,E-308,1,1,1.0
2026-07-25T08:59:39,cash,PEUGEOT,EXPERT,4,0,0.0
2026-07-25T08:59:39,cash,PEUGEOT,PARTNER,8,0,0.0
2026-07-25T08:59:39,cash,RENAULT,ARKANA,13,0,0.0
2026-07-25T08:59:39,cash,RENAULT,AUSTRAL,4,0,0.0
2026-07-25T08:59:39,cash,RENAULT,CAPTUR,19,0,0.0
2026-07-25T08:59:39,cash,RENAULT,CLIO,34,0,0.0
2026-07-25T08:59:39,cash,RENAULT,ESPACE,1,0,0.0
2026-07-25T08:59:39,cash,RENAULT,EXPRESS,20,0,0.0
2026-07-25T08:59:39,cash,RENAULT,KADJAR,1,0,0.0
2026-07-25T08:59:39,cash,RENAULT,KANGOO,3,0,0.0
2026-07-25T08:59:39,cash,RENAULT,MASTER,1,0,0.0
2026-07-25T08:59:39,cash,RENAULT,MEGANE,15,0,0.0
2026-07-25T08:59:39,cash,RENAULT,SCENIC,6,0,0.0
2026-07-25T08:59:39,cash,RENAULT,SYMBIOZ,1,0,0.0
2026-07-25T08:59:39,cash,RENAULT,TRAFIC,6,0,0.0
2026-07-25T08:59:39,cash,RENAULT,TWINGO,1,0,0.0
2026-07-25T08:59:39,cash,RENAULT,ZOE,1,1,1.0
2026-07-25T08:59:39,cash,SKODA,ENYAQ,1,1,1.0
2026-07-25T08:59:39,cash,SKODA,FABIA,5,0,0.0
2026-07-25T08:59:39,cash,SKODA,KAMIQ,4,0,0.0
2026-07-25T08:59:39,cash,SKODA,KODIAQ,2,0,0.0
2026-07-25T08:59:39,cash,SMART,1,1,1,1.0
2026-07-25T08:59:39,cash,SUZUKI,SWIFT,1,0,0.0
2026-07-25T08:59:39,cash,TESLA,MODEL 3,6,6,1.0
2026-07-25T08:59:39,cash,TESLA,MODEL Y,3,3,1.0
2026-07-25T08:59:39,cash,TOYOTA,AYGO X,3,0,0.0
2026-07-25T08:59:39,cash,TOYOTA,C-HR,3,0,0.0
2026-07-25T08:59:39,cash,TOYOTA,COROLLA,2,0,0.0
2026-07-25T08:59:39,cash,TOYOTA,COROLLA TS,7,0,0.0
2026-07-25T08:59:39,cash,TOYOTA,PROACE CITY,1,0,0.0
2026-07-25T08:59:39,cash,TOYOTA,RAV4 HSD,4,0,0.0
2026-07-25T08:59:39,cash,TOYOTA,RAV4 PLUG IN,3,0,0.0
2026-07-25T08:59:39,cash,TOYOTA,YARIS,1,0,0.0
2026-07-25T08:59:39,cash,TOYOTA,YARIS HYBRID,3,0,0.0
2026-07-25T08:59:39,cash,VOLKSWAGEN,GOLF,11,0,0.0
2026-07-25T08:59:39,cash,VOLKSWAGEN,ID.3,2,2,1.0
2026-07-25T08:59:39,cash,VOLKSWAGEN,POLO,5,0,0.0
2026-07-25T08:59:39,cash,VOLKSWAGEN,T-ROC,7,0,0.0
2026-07-25T08:59:39,cash,VOLKSWAGEN,TIGUAN,2,0,0.0
2026-07-25T08:59:39,cash,VOLKSWAGEN,TIGUAN ALLSPACE,2,0,0.0
2026-07-25T08:59:39,cash,VOLKSWAGEN,TOURAN,2,0,0.0
2026-07-25T08:59:39,cash,VOLKSWAGEN,TRANSPORTER,1,0,0.0
2026-07-25T08:59:39,cash,VOLVO,XC60,1,0,0.0
2026-07-26T09:10:23,leasing,AUDI,A3 SPORTBACK,6,0,0.0
2026-07-26T09:10:23,leasing,BMW,IX1,1,1,1.0
2026-07-26T09:10:23,leasing,BMW,IX3,1,1,1.0
2026-07-26T09:10:23,leasing,BMW,SERIE 1,7,0,0.0
2026-07-26T09:10:23,leasing,BMW,SERIE 2 ACTIVE TOURE,1,0,0.0
2026-07-26T09:10:23,leasing,BMW,SERIE 2 GRAN TOURER,1,0,0.0
2026-07-26T09:10:23,leasing,BMW,SERIE 3,2,0,0.0
2026-07-26T09:10:23,leasing,BMW,X1,11,0,0.0
2026-07-26T09:10:23,leasing,BMW,X2,1,0,0.0
2026-07-26T09:10:23,leasing,BMW,X3,5,0,0.0
2026-07-26T09:10:23,leasing,BMW,X5,1,0,0.0
2026-07-26T09:10:23,leasing,CITROEN,BERLINGO,6,0,0.0
2026-07-26T09:10:23,leasing,CITROEN,C3,6,0,0.0
2026-07-26T09:10:23,leasing,CITROEN,C3 AIRCROSS,6,0,0.0
2026-07-26T09:10:23,leasing,CITROEN,C4,5,0,0.0
2026-07-26T09:10:23,leasing,CITROEN,C5 AIRCROSS,13,0,0.0
2026-07-26T09:10:23,leasing,CITROEN,C5 X,4,0,0.0
2026-07-26T09:10:23,leasing,CITROEN,GRAND C4 SPACETOURER,1,0,0.0
2026-07-26T09:10:23,leasing,CITROEN,JUMPY,5,0,0.0
2026-07-26T09:10:23,leasing,CUPRA,FORMENTOR,1,0,0.0
2026-07-26T09:10:23,leasing,DACIA,SANDERO,1,0,0.0
2026-07-26T09:10:23,leasing,DS,DS3,1,0,0.0
2026-07-26T09:10:23,leasing,DS,DS3 CROSSBACK,2,1,0.5
2026-07-26T09:10:23,leasing,DS,DS4,1,0,0.0
2026-07-26T09:10:23,leasing,DS,DS7,2,0,0.0
2026-07-26T09:10:23,leasing,FIAT,500,1,0,0.0
2026-07-26T09:10:23,leasing,FORD,KUGA,8,0,0.0
2026-07-26T09:10:23,leasing,FORD,PUMA,1,0,0.0
2026-07-26T09:10:23,leasing,HYUNDAI,I30,1,0,0.0
2026-07-26T09:10:23,leasing,HYUNDAI,IONIQ,1,1,1.0
2026-07-26T09:10:23,leasing,HYUNDAI,SANTA FE,1,0,0.0
2026-07-26T09:10:23,leasing,HYUNDAI,TUCSON,9,0,0.0
2026-07-26T09:10:23,leasing,JEEP,AVENGER,2,2,1.0
2026-07-26T09:10:23,leasing,KIA,CEED,4,0,0.0
2026-07-26T09:10:23,leasing,KIA,NIRO,2,0,0.0
2026-07-26T09:10:23,leasing,KIA,NIRO EV,9,9,1.0
2026-07-26T09:10:23,leasing,KIA,PICANTO,1,0,0.0
2026-07-26T09:10:23,leasing,KIA,PROCEED,1,0,0.0
2026-07-26T09:10:23,leasing,KIA,RIO,1,0,0.0
2026-07-26T09:10:23,leasing,KIA,SORENTO,1,0,0.0
2026-07-26T09:10:23,leasing,KIA,SPORTAGE,9,0,0.0
2026-07-26T09:10:23,leasing,KIA,STONIC,11,0,0.0
2026-07-26T09:10:23,leasing,KIA,XCEED,1,0,0.0
2026-07-26T09:10:23,leasing,MERCEDES-BENZ,CLASSE A,3,0,0.0
2026-07-26T09:10:23,leasing,MERCEDES-BENZ,CLASSE CLA,3,0,0.0
2026-07-26T09:10:23,leasing,MERCEDES-BENZ,EQA,1,1,1.0
2026-07-26T09:10:23,leasing,MERCEDES-BENZ,GLC,1,0,0.0
2026-07-26T09:10:23,leasing,MG,MG5,1,1,1.0
2026-07-26T09:10:23,leasing,NISSAN,LEAF,1,1,1.0
2026-07-26T09:10:23,leasing,NISSAN,QASHQAI,7,0,0.0
2026-07-26T09:10:23,leasing,NISSAN,X-TRAIL,1,0,0.0
2026-07-26T09:10:23,leasing,OPEL,ASTRA,1,0,0.0
2026-07-26T09:10:23,leasing,OPEL,CORSA,3,0,0.0
2026-07-26T09:10:23,leasing,OPEL,CROSSLAND,2,0,0.0
2026-07-26T09:10:23,leasing,OPEL,GRANDLAND,1,0,0.0
2026-07-26T09:10:23,leasing,PEUGEOT,2008,25,0,0.0
2026-07-26T09:10:23,leasing,PEUGEOT,208,6,0,0.0
2026-07-26T09:10:23,leasing,PEUGEOT,3008,31,0,0.0
2026-07-26T09:10:23,leasing,PEUGEOT,308,9,0,0.0
2026-07-26T09:10:23,leasing,PEUGEOT,308 SW,2,0,0.0
2026-07-26T09:10:23,leasing,PEUGEOT,408,1,0,0.0
2026-07-26T09:10:23,leasing,PEUGEOT,5008,14,0,0.0
2026-07-26T09:10:23,leasing,PEUGEOT,E-2008,11,11,1.0
2026-07-26T09:10:23,leasing,PEUGEOT,E-208,6,6,1.0
2026-07-26T09:10:23,leasing,PEUGEOT,EXPERT,2,0,0.0
2026-07-26T09:10:23,leasing,PEUGEOT,PARTNER,8,0,0.0
2026-07-26T09:10:23,leasing,RENAULT,ARKANA,13,0,0.0
2026-07-26T09:10:23,leasing,RENAULT,AUSTRAL,5,0,0.0
2026-07-26T09:10:23,leasing,RENAULT,CAPTUR,18,0,0.0
2026-07-26T09:10:23,leasing,RENAULT,CLIO,27,0,0.0
2026-07-26T09:10:23,leasing,RENAULT,ESPACE,1,0,0.0
2026-07-26T09:10:23,leasing,RENAULT,EXPRESS,20,0,0.0
2026-07-26T09:10:23,leasing,RENAULT,KANGOO,3,0,0.0
2026-07-26T09:10:23,leasing,RENAULT,MASTER,1,0,0.0
2026-07-26T09:10:23,leasing,RENAULT,MEGANE,12,0,0.0
2026-07-26T09:10:23,leasing,RENAULT,MEGANE E-TECH,1,1,1.0
2026-07-26T09:10:23,leasing,RENAULT,SCENIC,6,0,0.0
2026-07-26T09:10:23,leasing,RENAULT,TRAFIC,6,0,0.0
2026-07-26T09:10:23,leasing,RENAULT,ZOE,1,1,1.0
2026-07-26T09:10:23,leasing,SKODA,ENYAQ,1,1,1.0
2026-07-26T09:10:23,leasing,SKODA,FABIA,5,0,0.0
2026-07-26T09:10:23,leasing,SKODA,KAMIQ,4,0,0.0
2026-07-26T09:10:23,leasing,SKODA,KODIAQ,2,0,0.0
2026-07-26T09:10:23,leasing,SUZUKI,SWIFT,1,0,0.0
2026-07-26T09:10:23,leasing,TESLA,MODEL 3,5,5,1.0
2026-07-26T09:10:23,leasing,TESLA,MODEL Y,4,4,1.0
2026-07-26T09:10:23,leasing,TOYOTA,AYGO X,3,0,0.0
2026-07-26T09:10:23,leasing,TOYOTA,C-HR,2,0,0.0
2026-07-26T09:10:23,leasing,TOYOTA,COROLLA,2,0,0.0
2026-07-26T09:10:23,leasing,TOYOTA,COROLLA TS,7,0,0.0
2026-07-26T09:10:23,leasing,TOYOTA,PROACE CITY,1,0,0.0
2026-07-26T09:10:23,leasing,TOYOTA,RAV4 HSD,2,0,0.0
2026-07-26T09:10:23,leasing,TOYOTA,RAV4 PLUG IN,4,0,0.0
2026-07-26T09:10:23,leasing,TOYOTA,YARIS,1,0,0.0
2026-07-26T09:10:23,leasing,TOYOTA,YARIS HYBRID,2,0,0.0
2026-07-26T09:10:23,leasing,VOLKSWAGEN,GOLF,10,0,0.0
2026-07-26T09:10:23,leasing,VOLKSWAGEN,ID.3,2,2,1.0
2026-07-26T09:10:23,leasing,VOLKSWAGEN,POLO,5,0,0.0
2026-07-26T09:10:23,leasing,VOLKSWAGEN,T-ROC,7,0,0.0
2026-07-26T09:10:23,leasing,VOLKSWAGEN,TIGUAN,2,0,0.0
2026-07-26T09:10:23,leasing,VOLKSWAGEN,TOURAN,2,0,0.0
2026-07-26T09:10:23,leasing,VOLKSWAGEN,TRANSPORTER,1,0,0.0
2026-07-26T09:10:23,leasing,VOLVO,XC60,1,0,0.0
2026-07-26T09:10:23,cash,AUDI,A3 SPORTBACK,6,0,0.0
2026-07-26T09:10:23,cash,BMW,IX1,1,1,1.0
2026-07-26T09:10:23,cash,BMW,IX3,1,1,1.0
2026-07-26T09:10:23,cash,BMW,SERIE 1,7,0,0.0
2026-07-26T09:10:23,cash,BMW,SERIE 2 ACTIVE TOURE,2,0,0.0
2026-07-26T09:10:23,cash,BMW,SERIE 2 GRAN TOURER,1,0,0.0
2026-07-26T09:10:23,cash,BMW,SERIE 3,2,0,0.0
2026-07-26T09:10:23,cash,BMW,X1,12,0,0.0
2026-07-26T09:10:23,cash,BMW,X2,1,0,0.0
2026-07-26T09:10:23,cash,BMW,X3,5,0,0.0
2026-07-26T09:10:23,cash,BMW,X5,2,0,0.0
2026-07-26T09:10:23,cash,CITROEN,BERLINGO,7,0,0.0
2026-07-26T09:10:23,cash,CITROEN,C3,7,0,0.0
2026-07-26T09:10:23,cash,CITROEN,C3 AIRCROSS,6,0,0.0
2026-07-26T09:10:23,cash,CITROEN,C4,5,0,0.0
2026-07-26T09:10:23,cash,CITROEN,C5 AIRCROSS,13,0,0.0
2026-07-26T09:10:23,cash,CITROEN,C5 X,4,0,0.0
2026-07-26T09:10:23,cash,CITROEN,E-C4,1,1,1.0
2026-07-26T09:10:23,cash,CITROEN,GRAND C4 SPACETOURER,1,0,0.0
2026-07-26T09:10:23,cash,CITROEN,JUMPY,5,0,0.0
2026-07-26T09:10:23,cash,CUPRA,FORMENTOR,1,0,0.0
2026-07-26T09:10:23,cash,DACIA,SANDERO,1,0,0.0
2026-07-26T09:10:23,cash,DS,DS3,1,0,0.0
2026-07-26T09:10:23,cash,DS,DS3 CROSSBACK,2,1,0.5
2026-07-26T09:10:23,cash,DS,DS4,1,0,0.0
2026-07-26T09:10:23,cash,DS,DS7,2,0,0.0
2026-07-26T09:10:23,cash,FIAT,500,1,0,0.0
2026-07-26T09:10:23,cash,FORD,KUGA,9,0,0.0
2026-07-26T09:10:23,cash,FORD,PUMA,1,0,0.0
2026-07-26T09:10:23,cash,FORD,TRANSIT CUSTOM,1,0,0.0
2026-07-26T09:10:23,cash,HYUNDAI,I30,1,0,0.0
2026-07-26T09:10:23,cash,HYUNDAI,IONIQ,1,1,1.0
2026-07-26T09:10:23,cash,HYUNDAI,SANTA FE,1,0,0.0
2026-07-26T09:10:23,cash,HYUNDAI,TUCSON,9,0,0.0
2026-07-26T09:10:23,cash,JEEP,AVENGER,2,2,1.0
2026-07-26T09:10:23,cash,KIA,CEED,4,0,0.0
2026-07-26T09:10:23,cash,KIA,NIRO,2,0,0.0
2026-07-26T09:10:23,cash,KIA,NIRO EV,9,9,1.0
2026-07-26T09:10:23,cash,KIA,PICANTO,1,0,0.0
2026-07-26T09:10:23,cash,KIA,PROCEED,1,0,0.0
2026-07-26T09:10:23,cash,KIA,RIO,1,0,0.0
2026-07-26T09:10:23,cash,KIA,SORENTO,1,0,0.0
2026-07-26T09:10:23,cash,KIA,SPORTAGE,9,0,0.0
2026-07-26T09:10:23,cash,KIA,STONIC,11,0,0.0
2026-07-26T09:10:23,cash,KIA,XCEED,1,0,0.0
2026-07-26T09:10:23,cash,MERCEDES-BENZ,CLASSE A,5,0,0.0
2026-07-26T09:10:23,cash,MERCEDES-BENZ,CLASSE CLA,3,0,0.0
2026-07-26T09:10:23,cash,MERCEDES-BENZ,EQA,1,1,1.0
2026-07-26T09:10:23,cash,MERCEDES-BENZ,GLB,1,0,0.0
2026-07-26T09:10:23,cash,MERCEDES-BENZ,GLC,1,0,0.0
2026-07-26T09:10:23,cash,MG,MG5,1,1,1.0
2026-07-26T09:10:23,cash,NISSAN,LEAF,1,1,1.0
2026-07-26T09:10:23,cash,NISSAN,QASHQAI,8,0,0.0
2026-07-26T09:10:23,cash,NISSAN,X-TRAIL,1,0,0.0
2026-07-26T09:10:23,cash,OPEL,ASTRA,1,0,0.0
2026-07-26T09:10:23,cash,OPEL,CORSA,3,0,0.0
2026-07-26T09:10:23,cash,OPEL,CROSSLAND,2,0,0.0
2026-07-26T09:10:23,cash,OPEL,GRANDLAND,1,0,0.0
2026-07-26T09:10:23,cash,OPEL,GRANDLAND X,1,0,0.0
2026-07-26T09:10:23,cash,PEUGEOT,108,1,0,0.0
2026-07-26T09:10:23,cash,PEUGEOT,2008,26,0,0.0
2026-07-26T09:10:23,cash,PEUGEOT,208,7,0,0.0
2026-07-26T09:10:23,cash,PEUGEOT,3008,37,0,0.0
2026-07-26T09:10:23,cash,PEUGEOT,308,9,0,0.0
2026-07-26T09:10:23,cash,PEUGEOT,308 SW,2,0,0.0
2026-07-26T09:10:23,cash,PEUGEOT,408,1,0,0.0
2026-07-26T09:10:23,cash,PEUGEOT,5008,14,0,0.0
2026-07-26T09:10:23,cash,PEUGEOT,E-2008,11,11,1.0
2026-07-26T09:10:23,cash,PEUGEOT,E-208,7,7,1.0
2026-07-26T09:10:23,cash,PEUGEOT,E-308,1,1,1.0
2026-07-26T09:10:23,cash,PEUGEOT,EXPERT,2,0,0.0
2026-07-26T09:10:23,cash,PEUGEOT,PARTNER,8,0,0.0
2026-07-26T09:10:23,cash,RENAULT,ARKANA,13,0,0.0
2026-07-26T09:10:23,cash,RENAULT,AUSTRAL,5,0,0.0
2026-07-26T09:10:23,cash,RENAULT,CAPTUR,19,0,0.0
2026-07-26T09:10:23,cash,RENAULT,CLIO,32,0,0.0
2026-07-26T09:10:23,cash,RENAULT,ESPACE,1,0,0.0
2026-07-26T09:10:23,cash,RENAULT,EXPRESS,20,0,0.0
2026-07-26T09:10:23,cash,RENAULT,KADJAR,1,0,0.0
2026-07-26T09:10:23,cash,RENAULT,KANGOO,3,0,0.0
2026-07-26T09:10:23,cash,RENAULT,MASTER,1,0,0.0
2026-07-26T09:10:23,cash,RENAULT,MEGANE,15,0,0.0
2026-07-26T09:10:23,cash,RENAULT,MEGANE E-TECH,1,1,1.0
2026-07-26T09:10:23,cash,RENAULT,SCENIC,6,0,0.0
2026-07-26T09:10:23,cash,RENAULT,SYMBIOZ,1,0,0.0
2026-07-26T09:10:23,cash,RENAULT,TRAFIC,6,0,0.0
2026-07-26T09:10:23,cash,RENAULT,TWINGO,1,0,0.0
2026-07-26T09:10:23,cash,RENAULT,ZOE,1,1,1.0
2026-07-26T09:10:23,cash,SKODA,ENYAQ,1,1,1.0
2026-07-26T09:10:23,cash,SKODA,FABIA,5,0,0.0
2026-07-26T09:10:23,cash,SKODA,KAMIQ,4,0,0.0
2026-07-26T09:10:23,cash,SKODA,KODIAQ,2,0,0.0
2026-07-26T09:10:23,cash,SMART,1,1,1,1.0
2026-07-26T09:10:23,cash,SUZUKI,SWIFT,1,0,0.0
2026-07-26T09:10:23,cash,TESLA,MODEL 3,6,6,1.0
2026-07-26T09:10:23,cash,TESLA,MODEL Y,4,4,1.0
2026-07-26T09:10:23,cash,TOYOTA,AYGO X,3,0,0.0
2026-07-26T09:10:23,cash,TOYOTA,C-HR,3,0,0.0
2026-07-26T09:10:23,cash,TOYOTA,COROLLA,2,0,0.0
2026-07-26T09:10:23,cash,TOYOTA,COROLLA TS,7,0,0.0
2026-07-26T09:10:23,cash,TOYOTA,PROACE CITY,1,0,0.0
2026-07-26T09:10:23,cash,TOYOTA,RAV4 HSD,3,0,0.0
2026-07-26T09:10:23,cash,TOYOTA,RAV4 PLUG IN,4,0,0.0
2026-07-26T09:10:23,cash,TOYOTA,YARIS,1,0,0.0
2026-07-26T09:10:23,cash,TOYOTA,YARIS HYBRID,2,0,0.0
2026-07-26T09:10:23,cash,VOLKSWAGEN,GOLF,10,0,0.0
2026-07-26T09:10:23,cash,VOLKSWAGEN,ID.3,2,2,1.0
2026-07-26T09:10:23,cash,VOLKSWAGEN,POLO,5,0,0.0
2026-07-26T09:10:23,cash,VOLKSWAGEN,T-ROC,8,0,0.0
2026-07-26T09:10:23,cash,VOLKSWAGEN,TIGUAN,2,0,0.0
2026-07-26T09:10:23,cash,VOLKSWAGEN,TIGUAN ALLSPACE,2,0,0.0
2026-07-26T09:10:23,cash,VOLKSWAGEN,TOURAN,2,0,0.0
2026-07-26T09:10:23,cash,VOLKSWAGEN,TRANSPORTER,1,0,0.0
2026-07-26T09:10:23,cash,VOLVO,XC60,1,0,0.0
2026-07-27T10:39:32,leasing,AUDI,A3 SPORTBACK,5,0,0.0
2026-07-27T10:39:32,leasing,BMW,IX1,1,1,1.0
2026-07-27T10:39:32,leasing,BMW,IX3,1,1,1.0
2026-07-27T10:39:32,leasing,BMW,SERIE 1,7,0,0.0
2026-07-27T10:39:32,leasing,BMW,SERIE 2 ACTIVE TOURE,1,0,0.0
2026-07-27T10:39:32,leasing,BMW,SERIE 2 GRAN TOURER,1,0,0.0
2026-07-27T10:39:32,leasing,BMW,SERIE 3,2,0,0.0
2026-07-27T10:39:32,leasing,BMW,X1,10,0,0.0
2026-07-27T10:39:32,leasing,BMW,X2,1,0,0.0
2026-07-27T10:39:32,leasing,BMW,X3,5,0,0.0
2026-07-27T10:39:32,leasing,CITROEN,BERLINGO,6,0,0.0
2026-07-27T10:39:32,leasing,CITROEN,C3,5,0,0.0
2026-07-27T10:39:32,leasing,CITROEN,C3 AIRCROSS,6,0,0.0
2026-07-27T10:39:32,leasing,CITROEN,C4,5,0,0.0
2026-07-27T10:39:32,leasing,CITROEN,C5 AIRCROSS,13,0,0.0
2026-07-27T10:39:32,leasing,CITROEN,C5 X,4,0,0.0
2026-07-27T10:39:32,leasing,CITROEN,GRAND C4 SPACETOURER,1,0,0.0
2026-07-27T10:39:32,leasing,CITROEN,JUMPY,5,0,0.0
2026-07-27T10:39:32,leasing,CUPRA,FORMENTOR,1,0,0.0
2026-07-27T10:39:32,leasing,DACIA,SANDERO,1,0,0.0
2026-07-27T10:39:32,leasing,DS,DS3,1,0,0.0
2026-07-27T10:39:32,leasing,DS,DS3 CROSSBACK,2,1,0.5
2026-07-27T10:39:32,leasing,DS,DS4,1,0,0.0
2026-07-27T10:39:32,leasing,DS,DS7,2,0,0.0
2026-07-27T10:39:32,leasing,FIAT,500,1,0,0.0
2026-07-27T10:39:32,leasing,FORD,KUGA,8,0,0.0
2026-07-27T10:39:32,leasing,FORD,PUMA,1,0,0.0
2026-07-27T10:39:32,leasing,HYUNDAI,I30,1,0,0.0
2026-07-27T10:39:32,leasing,HYUNDAI,IONIQ,1,1,1.0
2026-07-27T10:39:32,leasing,HYUNDAI,SANTA FE,1,0,0.0
2026-07-27T10:39:32,leasing,HYUNDAI,TUCSON,8,0,0.0
2026-07-27T10:39:32,leasing,JEEP,AVENGER,2,2,1.0
2026-07-27T10:39:32,leasing,KIA,CEED,4,0,0.0
2026-07-27T10:39:32,leasing,KIA,NIRO,2,0,0.0
2026-07-27T10:39:32,leasing,KIA,NIRO EV,9,9,1.0
2026-07-27T10:39:32,leasing,KIA,PICANTO,1,0,0.0
2026-07-27T10:39:32,leasing,KIA,PROCEED,1,0,0.0
2026-07-27T10:39:32,leasing,KIA,RIO,1,0,0.0
2026-07-27T10:39:32,leasing,KIA,SORENTO,1,0,0.0
2026-07-27T10:39:32,leasing,KIA,SPORTAGE,11,0,0.0
2026-07-27T10:39:32,leasing,KIA,STONIC,12,0,0.0
2026-07-27T10:39:32,leasing,KIA,XCEED,1,0,0.0
2026-07-27T10:39:32,leasing,MERCEDES-BENZ,CLASSE A,3,0,0.0
2026-07-27T10:39:32,leasing,MERCEDES-BENZ,CLASSE CLA,3,0,0.0
2026-07-27T10:39:32,leasing,MERCEDES-BENZ,EQA,1,1,1.0
2026-07-27T10:39:32,leasing,MG,MG5,1,1,1.0
2026-07-27T10:39:32,leasing,NISSAN,LEAF,1,1,1.0
2026-07-27T10:39:32,leasing,NISSAN,QASHQAI,7,0,0.0
2026-07-27T10:39:32,leasing,NISSAN,X-TRAIL,1,0,0.0
2026-07-27T10:39:32,leasing,OPEL,ASTRA,1,0,0.0
2026-07-27T10:39:32,leasing,OPEL,CORSA,3,0,0.0
2026-07-27T10:39:32,leasing,OPEL,CROSSLAND,2,0,0.0
2026-07-27T10:39:32,leasing,OPEL,GRANDLAND,1,0,0.0
2026-07-27T10:39:32,leasing,PEUGEOT,2008,25,0,0.0
2026-07-27T10:39:32,leasing,PEUGEOT,208,6,0,0.0
2026-07-27T10:39:32,leasing,PEUGEOT,3008,31,0,0.0
2026-07-27T10:39:32,leasing,PEUGEOT,308,9,0,0.0
2026-07-27T10:39:32,leasing,PEUGEOT,308 SW,2,0,0.0
2026-07-27T10:39:32,leasing,PEUGEOT,408,1,0,0.0
2026-07-27T10:39:32,leasing,PEUGEOT,5008,15,0,0.0
2026-07-27T10:39:32,leasing,PEUGEOT,E-2008,11,11,1.0
2026-07-27T10:39:32,leasing,PEUGEOT,E-208,6,6,1.0
2026-07-27T10:39:32,leasing,PEUGEOT,EXPERT,2,0,0.0
2026-07-27T10:39:32,leasing,PEUGEOT,PARTNER,8,0,0.0
2026-07-27T10:39:32,leasing,RENAULT,ARKANA,14,0,0.0
2026-07-27T10:39:32,leasing,RENAULT,AUSTRAL,5,0,0.0
2026-07-27T10:39:32,leasing,RENAULT,CAPTUR,17,0,0.0
2026-07-27T10:39:32,leasing,RENAULT,CLIO,31,0,0.0
2026-07-27T10:39:32,leasing,RENAULT,ESPACE,1,0,0.0
2026-07-27T10:39:32,leasing,RENAULT,EXPRESS,20,0,0.0
2026-07-27T10:39:32,leasing,RENAULT,KANGOO,3,0,0.0
2026-07-27T10:39:32,leasing,RENAULT,MASTER,1,0,0.0
2026-07-27T10:39:32,leasing,RENAULT,MEGANE,12,0,0.0
2026-07-27T10:39:32,leasing,RENAULT,MEGANE E-TECH,1,1,1.0
2026-07-27T10:39:32,leasing,RENAULT,SCENIC,6,0,0.0
2026-07-27T10:39:32,leasing,RENAULT,TRAFIC,6,0,0.0
2026-07-27T10:39:32,leasing,RENAULT,ZOE,1,1,1.0
2026-07-27T10:39:32,leasing,SKODA,ENYAQ,1,1,1.0
2026-07-27T10:39:32,leasing,SKODA,FABIA,5,0,0.0
2026-07-27T10:39:32,leasing,SKODA,KAMIQ,5,0,0.0
2026-07-27T10:39:32,leasing,SKODA,KODIAQ,2,0,0.0
2026-07-27T10:39:32,leasing,SUZUKI,SWIFT,1,0,0.0
2026-07-27T10:39:32,leasing,TESLA,MODEL 3,5,5,1.0
2026-07-27T10:39:32,leasing,TESLA,MODEL Y,4,4,1.0
2026-07-27T10:39:32,leasing,TOYOTA,AYGO X,3,0,0.0
2026-07-27T10:39:32,leasing,TOYOTA,C-HR,4,0,0.0
2026-07-27T10:39:32,leasing,TOYOTA,COROLLA,3,0,0.0
2026-07-27T10:39:32,leasing,TOYOTA,COROLLA TS,9,0,0.0
2026-07-27T10:39:32,leasing,TOYOTA,PROACE CITY,1,0,0.0
2026-07-27T10:39:32,leasing,TOYOTA,RAV4 HSD,2,0,0.0
2026-07-27T10:39:32,leasing,TOYOTA,RAV4 PLUG IN,4,0,0.0
2026-07-27T10:39:32,leasing,TOYOTA,YARIS,1,0,0.0
2026-07-27T10:39:32,leasing,TOYOTA,YARIS HYBRID,2,0,0.0
2026-07-27T10:39:32,leasing,VOLKSWAGEN,GOLF,10,0,0.0
2026-07-27T10:39:32,leasing,VOLKSWAGEN,ID.3,2,2,1.0
2026-07-27T10:39:32,leasing,VOLKSWAGEN,POLO,5,0,0.0
2026-07-27T10:39:32,leasing,VOLKSWAGEN,T-ROC,7,0,0.0
2026-07-27T10:39:32,leasing,VOLKSWAGEN,TIGUAN,2,0,0.0
2026-07-27T10:39:32,leasing,VOLKSWAGEN,TOURAN,2,0,0.0
2026-07-27T10:39:32,leasing,VOLKSWAGEN,TRANSPORTER,1,0,0.0
2026-07-27T10:39:32,leasing,VOLVO,XC60,1,0,0.0
2026-07-27T10:39:32,cash,AUDI,A3 SPORTBACK,5,0,0.0
2026-07-27T10:39:32,cash,BMW,IX1,1,1,1.0
2026-07-27T10:39:32,cash,BMW,IX3,1,1,1.0
2026-07-27T10:39:32,cash,BMW,SERIE 1,9,0,0.0
2026-07-27T10:39:32,cash,BMW,SERIE 2 ACTIVE TOURE,2,0,0.0
2026-07-27T10:39:32,cash,BMW,SERIE 2 GRAN TOURER,1,0,0.0
2026-07-27T10:39:32,cash,BMW,SERIE 3,2,0,0.0
2026-07-27T10:39:32,cash,BMW,X1,11,0,0.0
2026-07-27T10:39:32,cash,BMW,X2,1,0,0.0
2026-07-27T10:39:32,cash,BMW,X3,5,0,0.0
2026-07-27T10:39:32,cash,BMW,X5,1,0,0.0
2026-07-27T10:39:32,cash,CITROEN,BERLINGO,7,0,0.0
2026-07-27T10:39:32,cash,CITROEN,C3,6,0,0.0
2026-07-27T10:39:32,cash,CITROEN,C3 AIRCROSS,6,0,0.0
2026-07-27T10:39:32,cash,CITROEN,C4,5,0,0.0
2026-07-27T10:39:32,cash,CITROEN,C5 AIRCROSS,13,0,0.0
2026-07-27T10:39:32,cash,CITROEN,C5 X,4,0,0.0
2026-07-27T10:39:32,cash,CITROEN,E-C4,1,1,1.0
2026-07-27T10:39:32,cash,CITROEN,GRAND C4 SPACETOURER,1,0,0.0
2026-07-27T10:39:32,cash,CITROEN,JUMPY,5,0,0.0
2026-07-27T10:39:32,cash,CUPRA,FORMENTOR,1,0,0.0
2026-07-27T10:39:32,cash,DACIA,SANDERO,1,0,0.0
2026-07-27T10:39:32,cash,DS,DS3,1,0,0.0
2026-07-27T10:39:32,cash,DS,DS3 CROSSBACK,2,1,0.5
2026-07-27T10:39:32,cash,DS,DS4,1,0,0.0
2026-07-27T10:39:32,cash,DS,DS7,2,0,0.0
2026-07-27T10:39:32,cash,FIAT,500,1,0,0.0
2026-07-27T10:39:32,cash,FORD,KUGA,9,0,0.0
2026-07-27T10:39:32,cash,FORD,PUMA,1,0,0.0
2026-07-27T10:39:32,cash,FORD,TRANSIT CUSTOM,1,0,0.0
2026-07-27T10:39:32,cash,HYUNDAI,I30,1,0,0.0
2026-07-27T10:39:32,cash,HYUNDAI,IONIQ,1,1,1.0
2026-07-27T10:39:32,cash,HYUNDAI,SANTA FE,1,0,0.0
2026-07-27T10:39:32,cash,HYUNDAI,TUCSON,8,0,0.0
2026-07-27T10:39:32,cash,JEEP,AVENGER,2,2,1.0
2026-07-27T10:39:32,cash,KIA,CEED,4,0,0.0
2026-07-27T10:39:32,cash,KIA,NIRO,2,0,0.0
2026-07-27T10:39:32,cash,KIA,NIRO EV,9,9,1.0
2026-07-27T10:39:32,cash,KIA,PICANTO,1,0,0.0
2026-07-27T10:39:32,cash,KIA,PROCEED,1,0,0.0
2026-07-27T10:39:32,cash,KIA,RIO,1,0,0.0
2026-07-27T10:39:32,cash,KIA,SORENTO,1,0,0.0
2026-07-27T10:39:32,cash,KIA,SPORTAGE,11,0,0.0
2026-07-27T10:39:32,cash,KIA,STONIC,12,0,0.0
2026-07-27T10:39:32,cash,KIA,XCEED,1,0,0.0
2026-07-27T10:39:32,cash,MERCEDES-BENZ,CLASSE A,5,0,0.0
2026-07-27T10:39:32,cash,MERCEDES-BENZ,CLASSE CLA,3,0,0.0
2026-07-27T10:39:32,cash,MERCEDES-BENZ,EQA,1,1,1.0
2026-07-27T10:39:32,cash,MERCEDES-BENZ,GLB,1,0,0.0
2026-07-27T10:39:32,cash,MG,MG5,1,1,1.0
2026-07-27T10:39:32,cash,NISSAN,LEAF,1,1,1.0
2026-07-27T10:39:32,cash,NISSAN,QASHQAI,8,0,0.0
2026-07-27T10:39:32,cash,NISSAN,X-TRAIL,1,0,0.0
2026-07-27T10:39:32,cash,OPEL,ASTRA,1,0,0.0
2026-07-27T10:39:32,cash,OPEL,CORSA,3,0,0.0
2026-07-27T10:39:32,cash,OPEL,CROSSLAND,2,0,0.0
2026-07-27T10:39:32,cash,OPEL,GRANDLAND,1,0,0.0
2026-07-27T10:39:32,cash,OPEL,GRANDLAND X,1,0,0.0
2026-07-27T10:39:32,cash,PEUGEOT,108,1,0,0.0
2026-07-27T10:39:32,cash,PEUGEOT,2008,26,0,0.0
2026-07-27T10:39:32,cash,PEUGEOT,208,7,0,0.0
2026-07-27T10:39:32,cash,PEUGEOT,3008,37,0,0.0
2026-07-27T10:39:32,cash,PEUGEOT,308,9,0,0.0
2026-07-27T10:39:32,cash,PEUGEOT,308 SW,2,0,0.0
2026-07-27T10:39:32,cash,PEUGEOT,408,1,0,0.0
2026-07-27T10:39:32,cash,PEUGEOT,5008,15,0,0.0
2026-07-27T10:39:32,cash,PEUGEOT,E-2008,12,12,1.0
2026-07-27T10:39:32,cash,PEUGEOT,E-208,7,7,1.0
2026-07-27T10:39:32,cash,PEUGEOT,E-308,1,1,1.0
2026-07-27T10:39:32,cash,PEUGEOT,EXPERT,2,0,0.0
2026-07-27T10:39:32,cash,PEUGEOT,PARTNER,8,0,0.0
2026-07-27T10:39:32,cash,RENAULT,ARKANA,14,0,0.0
2026-07-27T10:39:32,cash,RENAULT,AUSTRAL,5,0,0.0
2026-07-27T10:39:32,cash,RENAULT,CAPTUR,18,0,0.0
2026-07-27T10:39:32,cash,RENAULT,CLIO,36,0,0.0
2026-07-27T10:39:32,cash,RENAULT,ESPACE,1,0,0.0
2026-07-27T10:39:32,cash,RENAULT,EXPRESS,20,0,0.0
2026-07-27T10:39:32,cash,RENAULT,KADJAR,1,0,0.0
2026-07-27T10:39:32,cash,RENAULT,KANGOO,3,0,0.0
2026-07-27T10:39:32,cash,RENAULT,MASTER,1,0,0.0
2026-07-27T10:39:32,cash,RENAULT,MEGANE,15,0,0.0
2026-07-27T10:39:32,cash,RENAULT,MEGANE E-TECH,1,1,1.0
2026-07-27T10:39:32,cash,RENAULT,SCENIC,6,0,0.0
2026-07-27T10:39:32,cash,RENAULT,SYMBIOZ,1,0,0.0
2026-07-27T10:39:32,cash,RENAULT,TRAFIC,6,0,0.0
2026-07-27T10:39:32,cash,RENAULT,TWINGO,1,0,0.0
2026-07-27T10:39:32,cash,RENAULT,ZOE,1,1,1.0
2026-07-27T10:39:32,cash,SKODA,ENYAQ,1,1,1.0
2026-07-27T10:39:32,cash,SKODA,FABIA,5,0,0.0
2026-07-27T10:39:32,cash,SKODA,KAMIQ,5,0,0.0
2026-07-27T10:39:32,cash,SKODA,KODIAQ,2,0,0.0
2026-07-27T10:39:32,cash,SMART,1,1,1,1.0
2026-07-27T10:39:32,cash,SUZUKI,SWIFT,1,0,0.0
2026-07-27T10:39:32,cash,TESLA,MODEL 3,6,6,1.0
2026-07-27T10:39:32,cash,TESLA,MODEL Y,4,4,1.0
2026-07-27T10:39:32,cash,TOYOTA,AYGO X,3,0,0.0
2026-07-27T10:39:32,cash,TOYOTA,C-HR,5,0,0.0
2026-07-27T10:39:32,cash,TOYOTA,COROLLA,3,0,0.0
2026-07-27T10:39:32,cash,TOYOTA,COROLLA TS,9,0,0.0
2026-07-27T10:39:32,cash,TOYOTA,PROACE CITY,1,0,0.0
2026-07-27T10:39:32,cash,TOYOTA,RAV4 HSD,3,0,0.0
2026-07-27T10:39:32,cash,TOYOTA,RAV4 PLUG IN,4,0,0.0
2026-07-27T10:39:32,cash,TOYOTA,YARIS,1,0,0.0
2026-07-27T10:39:32,cash,TOYOTA,YARIS HYBRID,2,0,0.0
2026-07-27T10:39:32,cash,VOLKSWAGEN,GOLF,10,0,0.0
2026-07-27T10:39:32,cash,VOLKSWAGEN,ID.3,2,2,1.0
2026-07-27T10:39:32,cash,VOLKSWAGEN,POLO,5,0,0.0
2026-07-27T10:39:32,cash,VOLKSWAGEN,T-ROC,8,0,0.0
2026-07-27T10:39:32,cash,VOLKSWAGEN,TIGUAN,2,0,0.0
2026-07-27T10:39:32,cash,VOLKSWAGEN,TIGUAN ALLSPACE,2,0,0.0
2026-07-27T10:39:32,cash,VOLKSWAGEN,TOURAN,2,0,0.0
2026-07-27T10:39:32,cash,VOLKSWAGEN,TRANSPORTER,1,0,0.0
2026-07-27T10:39:32,cash,VOLVO,XC60,1,0,0.0
2026-07-28T09:34:14,leasing,AUDI,A3 SPORTBACK,4,0,0.0
2026-07-28T09:34:14,leasing,BMW,IX1,1,1,1.0
2026-07-28T09:34:14,leasing,BMW,IX3,1,1,1.0
2026-07-28T09:34:14,leasing,BMW,SERIE 1,9,0,0.0
2026-07-28T09:34:14,leasing,BMW,SERIE 2 ACTIVE TOURE,1,0,0.0
2026-07-28T09:34:14,leasing,BMW,SERIE 2 GRAN TOURER,1,0,0.0
2026-07-28T09:34:14,leasing,BMW,SERIE 3,2,0,0.0
2026-07-28T09:34:14,leasing,BMW,X1,10,0,0.0
2026-07-28T09:34:14,leasing,BMW,X2,1,0,0.0
2026-07-28T09:34:14,leasing,BMW,X3,5,0,0.0
2026-07-28T09:34:14,leasing,CITROEN,BERLINGO,5,0,0.0
2026-07-28T09:34:14,leasing,CITROEN,C3,6,0,0.0
2026-07-28T09:34:14,leasing,CITROEN,C3 AIRCROSS,6,0,0.0
2026-07-28T09:34:14,leasing,CITROEN,C4,4,0,0.0
2026-07-28T09:34:14,leasing,CITROEN,C5 AIRCROSS,13,0,0.0
2026-07-28T09:34:14,leasing,CITROEN,C5 X,4,0,0.0
2026-07-28T09:34:14,leasing,CITROEN,GRAND C4 SPACETOURER,1,0,0.0
2026-07-28T09:34:14,leasing,CITROEN,JUMPY,5,0,0.0
2026-07-28T09:34:14,leasing,CUPRA,FORMENTOR,1,0,0.0
2026-07-28T09:34:14,leasing,DACIA,SANDERO,1,0,0.0
2026-07-28T09:34:14,leasing,DS,DS3,1,0,0.0
2026-07-28T09:34:14,leasing,DS,DS3 CROSSBACK,2,1,0.5
2026-07-28T09:34:14,leasing,DS,DS4,1,0,0.0
2026-07-28T09:34:14,leasing,DS,DS7,2,0,0.0
2026-07-28T09:34:14,leasing,FIAT,500,1,0,0.0
2026-07-28T09:34:14,leasing,FORD,KUGA,8,0,0.0
2026-07-28T09:34:14,leasing,FORD,PUMA,1,0,0.0
2026-07-28T09:34:14,leasing,HYUNDAI,I30,1,0,0.0
2026-07-28T09:34:14,leasing,HYUNDAI,IONIQ,1,1,1.0
2026-07-28T09:34:14,leasing,HYUNDAI,SANTA FE,1,0,0.0
2026-07-28T09:34:14,leasing,HYUNDAI,TUCSON,7,0,0.0
2026-07-28T09:34:14,leasing,JEEP,AVENGER,2,2,1.0
2026-07-28T09:34:14,leasing,KIA,CEED,4,0,0.0
2026-07-28T09:34:14,leasing,KIA,NIRO,2,0,0.0
2026-07-28T09:34:14,leasing,KIA,NIRO EV,8,8,1.0
2026-07-28T09:34:14,leasing,KIA,PICANTO,1,0,0.0
2026-07-28T09:34:14,leasing,KIA,PROCEED,1,0,0.0
2026-07-28T09:34:14,leasing,KIA,RIO,1,0,0.0
2026-07-28T09:34:14,leasing,KIA,SORENTO,1,0,0.0
2026-07-28T09:34:14,leasing,KIA,SPORTAGE,10,0,0.0
2026-07-28T09:34:14,leasing,KIA,STONIC,12,0,0.0
2026-07-28T09:34:14,leasing,KIA,XCEED,1,0,0.0
2026-07-28T09:34:14,leasing,MERCEDES-BENZ,CLASSE A,2,0,0.0
2026-07-28T09:34:14,leasing,MERCEDES-BENZ,CLASSE CLA,3,0,0.0
2026-07-28T09:34:14,leasing,MG,MG5,1,1,1.0
2026-07-28T09:34:14,leasing,MINI,MINI,1,0,0.0
2026-07-28T09:34:14,leasing,NISSAN,LEAF,1,1,1.0
2026-07-28T09:34:14,leasing,NISSAN,QASHQAI,7,0,0.0
2026-07-28T09:34:14,leasing,NISSAN,X-TRAIL,1,0,0.0
2026-07-28T09:34:14,leasing,OPEL,ASTRA,1,0,0.0
2026-07-28T09:34:14,leasing,OPEL,CORSA,3,0,0.0
2026-07-28T09:34:14,leasing,OPEL,CROSSLAND,2,0,0.0
2026-07-28T09:34:14,leasing,OPEL,GRANDLAND,1,0,0.0
2026-07-28T09:34:14,leasing,PEUGEOT,2008,24,0,0.0
2026-07-28T09:34:14,leasing,PEUGEOT,208,7,0,0.0
2026-07-28T09:34:14,leasing,PEUGEOT,3008,32,0,0.0
2026-07-28T09:34:14,leasing,PEUGEOT,308,9,0,0.0
2026-07-28T09:34:14,leasing,PEUGEOT,308 SW,2,0,0.0
2026-07-28T09:34:14,leasing,PEUGEOT,408,1,0,0.0
2026-07-28T09:34:14,leasing,PEUGEOT,5008,14,0,0.0
2026-07-28T09:34:14,leasing,PEUGEOT,E-2008,13,13,1.0
2026-07-28T09:34:14,leasing,PEUGEOT,E-208,6,6,1.0
2026-07-28T09:34:14,leasing,PEUGEOT,EXPERT,2,0,0.0
2026-07-28T09:34:14,leasing,PEUGEOT,PARTNER,8,0,0.0
2026-07-28T09:34:14,leasing,RENAULT,ARKANA,14,0,0.0
2026-07-28T09:34:14,leasing,RENAULT,AUSTRAL,4,0,0.0
2026-07-28T09:34:14,leasing,RENAULT,CAPTUR,16,0,0.0
2026-07-28T09:34:14,leasing,RENAULT,CLIO,29,0,0.0
2026-07-28T09:34:14,leasing,RENAULT,ESPACE,1,0,0.0
2026-07-28T09:34:14,leasing,RENAULT,EXPRESS,19,0,0.0
2026-07-28T09:34:14,leasing,RENAULT,KANGOO,3,0,0.0
2026-07-28T09:34:14,leasing,RENAULT,MASTER,1,0,0.0
2026-07-28T09:34:14,leasing,RENAULT,MEGANE,12,0,0.0
2026-07-28T09:34:14,leasing,RENAULT,SCENIC,6,0,0.0
2026-07-28T09:34:14,leasing,RENAULT,TRAFIC,6,0,0.0
2026-07-28T09:34:14,leasing,RENAULT,ZOE,1,1,1.0
2026-07-28T09:34:14,leasing,SEAT,ARONA,1,0,0.0
2026-07-28T09:34:14,leasing,SKODA,ENYAQ,1,1,1.0
2026-07-28T09:34:14,leasing,SKODA,FABIA,6,0,0.0
2026-07-28T09:34:14,leasing,SKODA,KAMIQ,5,0,0.0
2026-07-28T09:34:14,leasing,SKODA,KODIAQ,2,0,0.0
2026-07-28T09:34:14,leasing,SUZUKI,SWIFT,1,0,0.0
2026-07-28T09:34:14,leasing,TESLA,MODEL 3,5,5,1.0
2026-07-28T09:34:14,leasing,TESLA,MODEL Y,5,5,1.0
2026-07-28T09:34:14,leasing,TOYOTA,AYGO X,3,0,0.0
2026-07-28T09:34:14,leasing,TOYOTA,C-HR,5,0,0.0
2026-07-28T09:34:14,leasing,TOYOTA,COROLLA,3,0,0.0
2026-07-28T09:34:14,leasing,TOYOTA,COROLLA TS,10,0,0.0
2026-07-28T09:34:14,leasing,TOYOTA,PROACE CITY,1,0,0.0
2026-07-28T09:34:14,leasing,TOYOTA,RAV4 HSD,2,0,0.0
2026-07-28T09:34:14,leasing,TOYOTA,RAV4 PLUG IN,4,0,0.0
2026-07-28T09:34:14,leasing,TOYOTA,YARIS,1,0,0.0
2026-07-28T09:34:14,leasing,TOYOTA,YARIS HYBRID,2,0,0.0
2026-07-28T09:34:14,leasing,VOLKSWAGEN,GOLF,9,0,0.0
2026-07-28T09:34:14,leasing,VOLKSWAGEN,ID.3,2,2,1.0
2026-07-28T09:34:14,leasing,VOLKSWAGEN,POLO,6,0,0.0
2026-07-28T09:34:14,leasing,VOLKSWAGEN,T-ROC,6,0,0.0
2026-07-28T09:34:14,leasing,VOLKSWAGEN,TIGUAN,2,0,0.0
2026-07-28T09:34:14,leasing,VOLKSWAGEN,TIGUAN ALLSPACE,1,0,0.0
2026-07-28T09:34:14,leasing,VOLKSWAGEN,TOURAN,1,0,0.0
2026-07-28T09:34:14,leasing,VOLKSWAGEN,TRANSPORTER,1,0,0.0
2026-07-28T09:34:14,leasing,VOLVO,XC60,1,0,0.0
2026-07-28T09:34:14,cash,AUDI,A3 SPORTBACK,4,0,0.0
2026-07-28T09:34:14,cash,BMW,IX1,1,1,1.0
2026-07-28T09:34:14,cash,BMW,IX3,1,1,1.0
2026-07-28T09:34:14,cash,BMW,SERIE 1,9,0,0.0
2026-07-28T09:34:14,cash,BMW,SERIE 2 ACTIVE TOURE,2,0,0.0
2026-07-28T09:34:14,cash,BMW,SERIE 2 GRAN TOURER,1,0,0.0
2026-07-28T09:34:14,cash,BMW,SERIE 3,2,0,0.0
2026-07-28T09:34:14,cash,BMW,X1,11,0,0.0
2026-07-28T09:34:14,cash,BMW,X2,1,0,0.0
2026-07-28T09:34:14,cash,BMW,X3,5,0,0.0
2026-07-28T09:34:14,cash,BMW,X5,1,0,0.0
2026-07-28T09:34:14,cash,CITROEN,BERLINGO,6,0,0.0
2026-07-28T09:34:14,cash,CITROEN,C3,7,0,0.0
2026-07-28T09:34:14,cash,CITROEN,C3 AIRCROSS,6,0,0.0
2026-07-28T09:34:14,cash,CITROEN,C4,4,0,0.0
2026-07-28T09:34:14,cash,CITROEN,C5 AIRCROSS,13,0,0.0
2026-07-28T09:34:14,cash,CITROEN,C5 X,4,0,0.0
2026-07-28T09:34:14,cash,CITROEN,E-C4,1,1,1.0
2026-07-28T09:34:14,cash,CITROEN,GRAND C4 SPACETOURER,1,0,0.0
2026-07-28T09:34:14,cash,CITROEN,JUMPY,5,0,0.0
2026-07-28T09:34:14,cash,CUPRA,FORMENTOR,1,0,0.0
2026-07-28T09:34:14,cash,DACIA,SANDERO,1,0,0.0
2026-07-28T09:34:14,cash,DS,DS3,1,0,0.0
2026-07-28T09:34:14,cash,DS,DS3 CROSSBACK,2,1,0.5
2026-07-28T09:34:14,cash,DS,DS4,1,0,0.0
2026-07-28T09:34:14,cash,DS,DS7,2,0,0.0
2026-07-28T09:34:14,cash,FIAT,500,1,0,0.0
2026-07-28T09:34:14,cash,FORD,KUGA,9,0,0.0
2026-07-28T09:34:14,cash,FORD,PUMA,1,0,0.0
2026-07-28T09:34:14,cash,FORD,TRANSIT CUSTOM,1,0,0.0
2026-07-28T09:34:14,cash,HYUNDAI,I30,1,0,0.0
2026-07-28T09:34:14,cash,HYUNDAI,IONIQ,1,1,1.0
2026-07-28T09:34:14,cash,HYUNDAI,SANTA FE,1,0,0.0
2026-07-28T09:34:14,cash,HYUNDAI,TUCSON,7,0,0.0
2026-07-28T09:34:14,cash,JEEP,AVENGER,2,2,1.0
2026-07-28T09:34:14,cash,KIA,CEED,4,0,0.0
2026-07-28T09:34:14,cash,KIA,NIRO,2,0,0.0
2026-07-28T09:34:14,cash,KIA,NIRO EV,8,8,1.0
2026-07-28T09:34:14,cash,KIA,PICANTO,1,0,0.0
2026-07-28T09:34:14,cash,KIA,PROCEED,1,0,0.0
2026-07-28T09:34:14,cash,KIA,RIO,1,0,0.0
2026-07-28T09:34:14,cash,KIA,SORENTO,1,0,0.0
2026-07-28T09:34:14,cash,KIA,SPORTAGE,10,0,0.0
2026-07-28T09:34:14,cash,KIA,STONIC,12,0,0.0
2026-07-28T09:34:14,cash,KIA,XCEED,1,0,0.0
2026-07-28T09:34:14,cash,MERCEDES-BENZ,CLASSE A,4,0,0.0
2026-07-28T09:34:14,cash,MERCEDES-BENZ,CLASSE CLA,3,0,0.0
2026-07-28T09:34:14,cash,MERCEDES-BENZ,EQA,1,1,1.0
2026-07-28T09:34:14,cash,MERCEDES-BENZ,GLB,1,0,0.0
2026-07-28T09:34:14,cash,MG,MG5,1,1,1.0
2026-07-28T09:34:14,cash,MINI,MINI,1,0,0.0
2026-07-28T09:34:14,cash,NISSAN,LEAF,1,1,1.0
2026-07-28T09:34:14,cash,NISSAN,QASHQAI,8,0,0.0
2026-07-28T09:34:14,cash,NISSAN,X-TRAIL,1,0,0.0
2026-07-28T09:34:14,cash,OPEL,ASTRA,1,0,0.0
2026-07-28T09:34:14,cash,OPEL,CORSA,3,0,0.0
2026-07-28T09:34:14,cash,OPEL,CROSSLAND,2,0,0.0
2026-07-28T09:34:14,cash,OPEL,GRANDLAND,1,0,0.0
2026-07-28T09:34:14,cash,OPEL,GRANDLAND X,1,0,0.0
2026-07-28T09:34:14,cash,PEUGEOT,108,1,0,0.0
2026-07-28T09:34:14,cash,PEUGEOT,2008,25,0,0.0
2026-07-28T09:34:14,cash,PEUGEOT,208,8,0,0.0
2026-07-28T09:34:14,cash,PEUGEOT,3008,38,0,0.0
2026-07-28T09:34:14,cash,PEUGEOT,308,9,0,0.0
2026-07-28T09:34:14,cash,PEUGEOT,308 SW,2,0,0.0
2026-07-28T09:34:14,cash,PEUGEOT,408,1,0,0.0
2026-07-28T09:34:14,cash,PEUGEOT,5008,14,0,0.0
2026-07-28T09:34:14,cash,PEUGEOT,E-2008,13,13,1.0
2026-07-28T09:34:14,cash,PEUGEOT,E-208,7,7,1.0
2026-07-28T09:34:14,cash,PEUGEOT,E-308,1,1,1.0
2026-07-28T09:34:14,cash,PEUGEOT,EXPERT,2,0,0.0
2026-07-28T09:34:14,cash,PEUGEOT,PARTNER,8,0,0.0
2026-07-28T09:34:14,cash,RENAULT,ARKANA,14,0,0.0
2026-07-28T09:34:14,cash,RENAULT,AUSTRAL,4,0,0.0
2026-07-28T09:34:14,cash,RENAULT,CAPTUR,17,0,0.0
2026-07-28T09:34:14,cash,RENAULT,CLIO,35,0,0.0
2026-07-28T09:34:14,cash,RENAULT,ESPACE,1,0,0.0
2026-07-28T09:34:14,cash,RENAULT,EXPRESS,19,0,0.0
2026-07-28T09:34:14,cash,RENAULT,KADJAR,1,0,0.0
2026-07-28T09:34:14,cash,RENAULT,KANGOO,3,0,0.0
2026-07-28T09:34:14,cash,RENAULT,MASTER,1,0,0.0
2026-07-28T09:34:14,cash,RENAULT,MEGANE,15,0,0.0
2026-07-28T09:34:14,cash,RENAULT,SCENIC,6,0,0.0
2026-07-28T09:34:14,cash,RENAULT,SYMBIOZ,1,0,0.0
2026-07-28T09:34:14,cash,RENAULT,TRAFIC,6,0,0.0
2026-07-28T09:34:14,cash,RENAULT,TWINGO,1,0,0.0
2026-07-28T09:34:14,cash,RENAULT,ZOE,1,1,1.0
2026-07-28T09:34:14,cash,SEAT,ARONA,1,0,0.0
2026-07-28T09:34:14,cash,SKODA,ENYAQ,1,1,1.0
2026-07-28T09:34:14,cash,SKODA,FABIA,6,0,0.0
2026-07-28T09:34:14,cash,SKODA,KAMIQ,5,0,0.0
2026-07-28T09:34:14,cash,SKODA,KODIAQ,2,0,0.0
2026-07-28T09:34:14,cash,SMART,1,1,1,1.0
2026-07-28T09:34:14,cash,SUZUKI,SWIFT,1,0,0.0
2026-07-28T09:34:14,cash,TESLA,MODEL 3,6,6,1.0
2026-07-28T09:34:14,cash,TESLA,MODEL Y,5,5,1.0
2026-07-28T09:34:14,cash,TOYOTA,AYGO X,3,0,0.0
2026-07-28T09:34:14,cash,TOYOTA,C-HR,6,0,0.0
2026-07-28T09:34:14,cash,TOYOTA,COROLLA,3,0,0.0
2026-07-28T09:34:14,cash,TOYOTA,COROLLA TS,10,0,0.0
2026-07-28T09:34:14,cash,TOYOTA,PROACE CITY,1,0,0.0
2026-07-28T09:34:14,cash,TOYOTA,RAV4 HSD,3,0,0.0
2026-07-28T09:34:14,cash,TOYOTA,RAV4 PLUG IN,4,0,0.0
2026-07-28T09:34:14,cash,TOYOTA,YARIS,1,0,0.0
2026-07-28T09:34:14,cash,TOYOTA,YARIS HYBRID,2,0,0.0
2026-07-28T09:34:14,cash,VOLKSWAGEN,GOLF,9,0,0.0
2026-07-28T09:34:14,cash,VOLKSWAGEN,ID.3,2,2,1.0
2026-07-28T09:34:14,cash,VOLKSWAGEN,POLO,6,0,0.0
2026-07-28T09:34:14,cash,VOLKSWAGEN,T-ROC,7,0,0.0
2026-07-28T09:34:14,cash,VOLKSWAGEN,TIGUAN,2,0,0.0
2026-07-28T09:34:14,cash,VOLKSWAGEN,TIGUAN ALLSPACE,3,0,0.0
2026-07-28T09:34:14,cash,VOLKSWAGEN,TOURAN,1,0,0.0
2026-07-28T09:34:14,cash,VOLKSWAGEN,TRANSPORTER,1,0,0.0
2026-07-28T09:34:14,cash,VOLVO,XC60,1,0,0.0
2026-07-29T09:35:21,leasing,AUDI,A3 SPORTBACK,5,0,0.0
2026-07-29T09:35:21,leasing,AUDI,Q5,1,0,0.0
2026-07-29T09:35:21,leasing,BMW,IX1,2,2,1.0
2026-07-29T09:35:21,leasing,BMW,IX3,1,1,1.0
2026-07-29T09:35:21,leasing,BMW,SERIE 1,9,0,0.0
2026-07-29T09:35:21,leasing,BMW,SERIE 2 ACTIVE TOURE,1,0,0.0
2026-07-29T09:35:21,leasing,BMW,SERIE 2 GRAN TOURER,1,0,0.0
2026-07-29T09:35:21,leasing,BMW,SERIE 3,2,0,0.0
2026-07-29T09:35:21,leasing,BMW,X1,9,0,0.0
2026-07-29T09:35:21,leasing,BMW,X2,1,0,0.0
2026-07-29T09:35:21,leasing,BMW,X3,3,0,0.0
2026-07-29T09:35:21,leasing,CITROEN,BERLINGO,5,0,0.0
2026-07-29T09:35:21,leasing,CITROEN,C3,5,0,0.0
2026-07-29T09:35:21,leasing,CITROEN,C3 AIRCROSS,6,0,0.0
2026-07-29T09:35:21,leasing,CITROEN,C4,4,0,0.0
2026-07-29T09:35:21,leasing,CITROEN,C5 AIRCROSS,13,0,0.0
2026-07-29T09:35:21,leasing,CITROEN,C5 X,4,0,0.0
2026-07-29T09:35:21,leasing,CITROEN,GRAND C4 SPACETOURER,1,0,0.0
2026-07-29T09:35:21,leasing,CITROEN,JUMPY,5,0,0.0
2026-07-29T09:35:21,leasing,DACIA,SANDERO,1,0,0.0
2026-07-29T09:35:21,leasing,DS,DS3,1,0,0.0
2026-07-29T09:35:21,leasing,DS,DS3 CROSSBACK,2,1,0.5
2026-07-29T09:35:21,leasing,DS,DS4,1,0,0.0
2026-07-29T09:35:21,leasing,DS,DS7,2,0,0.0
2026-07-29T09:35:21,leasing,FIAT,500,1,0,0.0
2026-07-29T09:35:21,leasing,FORD,KUGA,8,0,0.0
2026-07-29T09:35:21,leasing,FORD,PUMA,1,0,0.0
2026-07-29T09:35:21,leasing,HYUNDAI,I30,1,0,0.0
2026-07-29T09:35:21,leasing,HYUNDAI,IONIQ,1,1,1.0
2026-07-29T09:35:21,leasing,HYUNDAI,SANTA FE,1,0,0.0
2026-07-29T09:35:21,leasing,HYUNDAI,TUCSON,7,0,0.0
2026-07-29T09:35:21,leasing,JEEP,AVENGER,2,2,1.0
2026-07-29T09:35:21,leasing,KIA,CEED,4,0,0.0
2026-07-29T09:35:21,leasing,KIA,NIRO,2,0,0.0
2026-07-29T09:35:21,leasing,KIA,NIRO EV,7,7,1.0
2026-07-29T09:35:21,leasing,KIA,PICANTO,1,0,0.0
2026-07-29T09:35:21,leasing,KIA,PROCEED,1,0,0.0
2026-07-29T09:35:21,leasing,KIA,RIO,2,0,0.0
2026-07-29T09:35:21,leasing,KIA,SORENTO,1,0,0.0
2026-07-29T09:35:21,leasing,KIA,SPORTAGE,9,0,0.0
2026-07-29T09:35:21,leasing,KIA,STONIC,12,0,0.0
2026-07-29T09:35:21,leasing,KIA,XCEED,1,0,0.0
2026-07-29T09:35:21,leasing,MERCEDES-BENZ,CLASSE A,2,0,0.0
2026-07-29T09:35:21,leasing,MERCEDES-BENZ,CLASSE CLA,3,0,0.0
2026-07-29T09:35:21,leasing,MG,MG5,1,1,1.0
2026-07-29T09:35:21,leasing,MINI,MINI,1,0,0.0
2026-07-29T09:35:21,leasing,NISSAN,LEAF,1,1,1.0
2026-07-29T09:35:21,leasing,NISSAN,QASHQAI,8,0,0.0
2026-07-29T09:35:21,leasing,NISSAN,X-TRAIL,1,0,0.0
2026-07-29T09:35:21,leasing,OPEL,ASTRA,1,0,0.0
2026-07-29T09:35:21,leasing,OPEL,CORSA,3,0,0.0
2026-07-29T09:35:21,leasing,OPEL,CROSSLAND,2,0,0.0
2026-07-29T09:35:21,leasing,OPEL,GRANDLAND,1,0,0.0
2026-07-29T09:35:21,leasing,PEUGEOT,2008,24,0,0.0
2026-07-29T09:35:21,leasing,PEUGEOT,208,6,0,0.0
2026-07-29T09:35:21,leasing,PEUGEOT,3008,31,0,0.0
2026-07-29T09:35:21,leasing,PEUGEOT,308,9,0,0.0
2026-07-29T09:35:21,leasing,PEUGEOT,308 SW,2,0,0.0
2026-07-29T09:35:21,leasing,PEUGEOT,408,1,0,0.0
2026-07-29T09:35:21,leasing,PEUGEOT,5008,13,0,0.0
2026-07-29T09:35:21,leasing,PEUGEOT,E-2008,13,13,1.0
2026-07-29T09:35:21,leasing,PEUGEOT,E-208,5,5,1.0
2026-07-29T09:35:21,leasing,PEUGEOT,EXPERT,3,0,0.0
2026-07-29T09:35:21,leasing,PEUGEOT,PARTNER,8,0,0.0
2026-07-29T09:35:21,leasing,RENAULT,ARKANA,14,0,0.0
2026-07-29T09:35:21,leasing,RENAULT,AUSTRAL,5,0,0.0
2026-07-29T09:35:21,leasing,RENAULT,CAPTUR,16,0,0.0
2026-07-29T09:35:21,leasing,RENAULT,CLIO,30,0,0.0
2026-07-29T09:35:21,leasing,RENAULT,ESPACE,1,0,0.0
2026-07-29T09:35:21,leasing,RENAULT,EXPRESS,19,0,0.0
2026-07-29T09:35:21,leasing,RENAULT,KANGOO,3,0,0.0
2026-07-29T09:35:21,leasing,RENAULT,MASTER,1,0,0.0
2026-07-29T09:35:21,leasing,RENAULT,MEGANE,12,0,0.0
2026-07-29T09:35:21,leasing,RENAULT,SCENIC,6,0,0.0
2026-07-29T09:35:21,leasing,RENAULT,TRAFIC,6,0,0.0
2026-07-29T09:35:21,leasing,RENAULT,ZOE,1,1,1.0
2026-07-29T09:35:21,leasing,SEAT,ARONA,1,0,0.0
2026-07-29T09:35:21,leasing,SKODA,FABIA,6,0,0.0
2026-07-29T09:35:21,leasing,SKODA,KAMIQ,5,0,0.0
2026-07-29T09:35:21,leasing,SKODA,KODIAQ,2,0,0.0
2026-07-29T09:35:21,leasing,SUZUKI,SWIFT,1,0,0.0
2026-07-29T09:35:21,leasing,TESLA,MODEL 3,5,5,1.0
2026-07-29T09:35:21,leasing,TESLA,MODEL Y,5,5,1.0
2026-07-29T09:35:21,leasing,TOYOTA,AYGO X,3,0,0.0
2026-07-29T09:35:21,leasing,TOYOTA,C-HR,5,0,0.0
2026-07-29T09:35:21,leasing,TOYOTA,COROLLA,3,0,0.0
2026-07-29T09:35:21,leasing,TOYOTA,COROLLA TS,10,0,0.0
2026-07-29T09:35:21,leasing,TOYOTA,PROACE CITY,1,0,0.0
2026-07-29T09:35:21,leasing,TOYOTA,RAV4 HSD,2,0,0.0
2026-07-29T09:35:21,leasing,TOYOTA,RAV4 PLUG IN,3,0,0.0
2026-07-29T09:35:21,leasing,TOYOTA,YARIS,1,0,0.0
2026-07-29T09:35:21,leasing,TOYOTA,YARIS HYBRID,2,0,0.0
2026-07-29T09:35:21,leasing,VOLKSWAGEN,GOLF,9,0,0.0
2026-07-29T09:35:21,leasing,VOLKSWAGEN,ID.3,2,2,1.0
2026-07-29T09:35:21,leasing,VOLKSWAGEN,POLO,4,0,0.0
2026-07-29T09:35:21,leasing,VOLKSWAGEN,T-ROC,6,0,0.0
2026-07-29T09:35:21,leasing,VOLKSWAGEN,TIGUAN,2,0,0.0
2026-07-29T09:35:21,leasing,VOLKSWAGEN,TIGUAN ALLSPACE,1,0,0.0
2026-07-29T09:35:21,leasing,VOLKSWAGEN,TOURAN,1,0,0.0
2026-07-29T09:35:21,leasing,VOLKSWAGEN,TRANSPORTER,1,0,0.0
2026-07-29T09:35:21,cash,AUDI,A3 SPORTBACK,5,0,0.0
2026-07-29T09:35:21,cash,AUDI,Q5,1,0,0.0
2026-07-29T09:35:21,cash,BMW,IX1,2,2,1.0
2026-07-29T09:35:21,cash,BMW,IX3,1,1,1.0
2026-07-29T09:35:21,cash,BMW,SERIE 1,9,0,0.0
2026-07-29T09:35:21,cash,BMW,SERIE 2 ACTIVE TOURE,2,0,0.0
2026-07-29T09:35:21,cash,BMW,SERIE 2 GRAN TOURER,1,0,0.0
2026-07-29T09:35:21,cash,BMW,SERIE 3,2,0,0.0
2026-07-29T09:35:21,cash,BMW,X1,10,0,0.0
2026-07-29T09:35:21,cash,BMW,X2,1,0,0.0
2026-07-29T09:35:21,cash,BMW,X3,3,0,0.0
2026-07-29T09:35:21,cash,BMW,X5,2,0,0.0
2026-07-29T09:35:21,cash,CITROEN,BERLINGO,6,0,0.0
2026-07-29T09:35:21,cash,CITROEN,C3,6,0,0.0
2026-07-29T09:35:21,cash,CITROEN,C3 AIRCROSS,6,0,0.0
2026-07-29T09:35:21,cash,CITROEN,C4,4,0,0.0
2026-07-29T09:35:21,cash,CITROEN,C5 AIRCROSS,13,0,0.0
2026-07-29T09:35:21,cash,CITROEN,C5 X,4,0,0.0
2026-07-29T09:35:21,cash,CITROEN,E-C4,1,1,1.0
2026-07-29T09:35:21,cash,CITROEN,GRAND C4 SPACETOURER,1,0,0.0
2026-07-29T09:35:21,cash,CITROEN,JUMPY,5,0,0.0
2026-07-29T09:35:21,cash,DACIA,SANDERO,1,0,0.0
2026-07-29T09:35:21,cash,DS,DS3,1,0,0.0
2026-07-29T09:35:21,cash,DS,DS3 CROSSBACK,2,1,0.5
2026-07-29T09:35:21,cash,DS,DS4,1,0,0.0
2026-07-29T09:35:21,cash,DS,DS7,2,0,0.0
2026-07-29T09:35:21,cash,FIAT,500,1,0,0.0
2026-07-29T09:35:21,cash,FORD,KUGA,9,0,0.0
2026-07-29T09:35:21,cash,FORD,PUMA,1,0,0.0
2026-07-29T09:35:21,cash,FORD,TRANSIT CUSTOM,1,0,0.0
2026-07-29T09:35:21,cash,HYUNDAI,I30,1,0,0.0
2026-07-29T09:35:21,cash,HYUNDAI,IONIQ,1,1,1.0
2026-07-29T09:35:21,cash,HYUNDAI,SANTA FE,1,0,0.0
2026-07-29T09:35:21,cash,HYUNDAI,TUCSON,7,0,0.0
2026-07-29T09:35:21,cash,JEEP,AVENGER,2,2,1.0
2026-07-29T09:35:21,cash,KIA,CEED,4,0,0.0
2026-07-29T09:35:21,cash,KIA,NIRO,2,0,0.0
2026-07-29T09:35:21,cash,KIA,NIRO EV,7,7,1.0
2026-07-29T09:35:21,cash,KIA,PICANTO,1,0,0.0
2026-07-29T09:35:21,cash,KIA,PROCEED,1,0,0.0
2026-07-29T09:35:21,cash,KIA,RIO,2,0,0.0
2026-07-29T09:35:21,cash,KIA,SORENTO,1,0,0.0
2026-07-29T09:35:21,cash,KIA,SPORTAGE,9,0,0.0
2026-07-29T09:35:21,cash,KIA,STONIC,12,0,0.0
2026-07-29T09:35:21,cash,KIA,XCEED,1,0,0.0
2026-07-29T09:35:21,cash,MERCEDES-BENZ,CLASSE A,4,0,0.0
2026-07-29T09:35:21,cash,MERCEDES-BENZ,CLASSE CLA,3,0,0.0
2026-07-29T09:35:21,cash,MERCEDES-BENZ,EQA,1,1,1.0
2026-07-29T09:35:21,cash,MERCEDES-BENZ,GLB,1,0,0.0
2026-07-29T09:35:21,cash,MG,MG5,1,1,1.0
2026-07-29T09:35:21,cash,MINI,MINI,1,0,0.0
2026-07-29T09:35:21,cash,NISSAN,LEAF,1,1,1.0
2026-07-29T09:35:21,cash,NISSAN,QASHQAI,9,0,0.0
2026-07-29T09:35:21,cash,NISSAN,X-TRAIL,1,0,0.0
2026-07-29T09:35:21,cash,OPEL,ASTRA,1,0,0.0
2026-07-29T09:35:21,cash,OPEL,CORSA,3,0,0.0
2026-07-29T09:35:21,cash,OPEL,CROSSLAND,2,0,0.0
2026-07-29T09:35:21,cash,OPEL,GRANDLAND,1,0,0.0
2026-07-29T09:35:21,cash,OPEL,GRANDLAND X,1,0,0.0
2026-07-29T09:35:21,cash,PEUGEOT,108,1,0,0.0
2026-07-29T09:35:21,cash,PEUGEOT,2008,25,0,0.0
2026-07-29T09:35:21,cash,PEUGEOT,208,7,0,0.0
2026-07-29T09:35:21,cash,PEUGEOT,3008,36,0,0.0
2026-07-29T09:35:21,cash,PEUGEOT,308,10,0,0.0
2026-07-29T09:35:21,cash,PEUGEOT,308 SW,2,0,0.0
2026-07-29T09:35:21,cash,PEUGEOT,408,1,0,0.0
2026-07-29T09:35:21,cash,PEUGEOT,5008,13,0,0.0
2026-07-29T09:35:21,cash,PEUGEOT,E-2008,14,14,1.0
2026-07-29T09:35:21,cash,PEUGEOT,E-208,6,6,1.0
2026-07-29T09:35:21,cash,PEUGEOT,E-308,2,2,1.0
2026-07-29T09:35:21,cash,PEUGEOT,EXPERT,3,0,0.0
2026-07-29T09:35:21,cash,PEUGEOT,PARTNER,8,0,0.0
2026-07-29T09:35:21,cash,RENAULT,ARKANA,14,0,0.0
2026-07-29T09:35:21,cash,RENAULT,AUSTRAL,5,0,0.0
2026-07-29T09:35:21,cash,RENAULT,CAPTUR,17,0,0.0
2026-07-29T09:35:21,cash,RENAULT,CLIO,35,0,0.0
2026-07-29T09:35:21,cash,RENAULT,ESPACE,1,0,0.0
2026-07-29T09:35:21,cash,RENAULT,EXPRESS,19,0,0.0
2026-07-29T09:35:21,cash,RENAULT,KADJAR,1,0,0.0
2026-07-29T09:35:21,cash,RENAULT,KANGOO,4,0,0.0
2026-07-29T09:35:21,cash,RENAULT,MASTER,1,0,0.0
2026-07-29T09:35:21,cash,RENAULT,MEGANE,15,0,0.0
2026-07-29T09:35:21,cash,RENAULT,SCENIC,6,0,0.0
2026-07-29T09:35:21,cash,RENAULT,SYMBIOZ,1,0,0.0
2026-07-29T09:35:21,cash,RENAULT,TRAFIC,6,0,0.0
2026-07-29T09:35:21,cash,RENAULT,TWINGO,1,0,0.0
2026-07-29T09:35:21,cash,RENAULT,ZOE,1,1,1.0
2026-07-29T09:35:21,cash,SEAT,ARONA,1,0,0.0
2026-07-29T09:35:21,cash,SKODA,FABIA,6,0,0.0
2026-07-29T09:35:21,cash,SKODA,KAMIQ,5,0,0.0
2026-07-29T09:35:21,cash,SKODA,KODIAQ,2,0,0.0
2026-07-29T09:35:21,cash,SMART,1,1,1,1.0
2026-07-29T09:35:21,cash,SUZUKI,SWIFT,1,0,0.0
2026-07-29T09:35:21,cash,TESLA,MODEL 3,6,6,1.0
2026-07-29T09:35:21,cash,TESLA,MODEL Y,5,5,1.0
2026-07-29T09:35:21,cash,TOYOTA,AYGO X,3,0,0.0
2026-07-29T09:35:21,cash,TOYOTA,C-HR,6,0,0.0
2026-07-29T09:35:21,cash,TOYOTA,COROLLA,3,0,0.0
2026-07-29T09:35:21,cash,TOYOTA,COROLLA TS,10,0,0.0
2026-07-29T09:35:21,cash,TOYOTA,PROACE CITY,1,0,0.0
2026-07-29T09:35:21,cash,TOYOTA,RAV4 HSD,3,0,0.0
2026-07-29T09:35:21,cash,TOYOTA,RAV4 PLUG IN,3,0,0.0
2026-07-29T09:35:21,cash,TOYOTA,YARIS,1,0,0.0
2026-07-29T09:35:21,cash,TOYOTA,YARIS HYBRID,2,0,0.0
2026-07-29T09:35:21,cash,VOLKSWAGEN,GOLF,9,0,0.0
2026-07-29T09:35:21,cash,VOLKSWAGEN,ID.3,2,2,1.0
2026-07-29T09:35:21,cash,VOLKSWAGEN,POLO,4,0,0.0
2026-07-29T09:35:21,cash,VOLKSWAGEN,T-ROC,7,0,0.0
2026-07-29T09:35:21,cash,VOLKSWAGEN,TIGUAN,2,0,0.0
2026-07-29T09:35:21,cash,VOLKSWAGEN,TIGUAN ALLSPACE,3,0,0.0
2026-07-29T09:35:21,cash,VOLKSWAGEN,TOURAN,1,0,0.0
2026-07-29T09:35:21,cash,VOLKSWAGEN,TRANSPORTER,1,0,0.0
2026-07-30T09:28:11,leasing,AUDI,A3 SPORTBACK,5,0,0.0
2026-07-30T09:28:11,leasing,BMW,IX1,2,2,1.0
2026-07-30T09:28:11,leasing,BMW,IX3,1,1,1.0
2026-07-30T09:28:11,leasing,BMW,SERIE 1,8,0,0.0
2026-07-30T09:28:11,leasing,BMW,SERIE 2 ACTIVE TOURE,1,0,0.0
2026-07-30T09:28:11,leasing,BMW,SERIE 2 GRAN TOURER,1,0,0.0
2026-07-30T09:28:11,leasing,BMW,SERIE 3,2,0,0.0
2026-07-30T09:28:11,leasing,BMW,X1,9,0,0.0
2026-07-30T09:28:11,leasing,BMW,X2,1,0,0.0
2026-07-30T09:28:11,leasing,BMW,X3,3,0,0.0
2026-07-30T09:28:11,leasing,CITROEN,BERLINGO,5,0,0.0
2026-07-30T09:28:11,leasing,CITROEN,C3,5,0,0.0
2026-07-30T09:28:11,leasing,CITROEN,C3 AIRCROSS,6,0,0.0
2026-07-30T09:28:11,leasing,CITROEN,C4,4,0,0.0
2026-07-30T09:28:11,leasing,CITROEN,C5 AIRCROSS,13,0,0.0
2026-07-30T09:28:11,leasing,CITROEN,C5 X,4,0,0.0
2026-07-30T09:28:11,leasing,CITROEN,GRAND C4 SPACETOURER,1,0,0.0
2026-07-30T09:28:11,leasing,CITROEN,JUMPY,5,0,0.0
2026-07-30T09:28:11,leasing,DACIA,SANDERO,1,0,0.0
2026-07-30T09:28:11,leasing,DS,DS3,1,0,0.0
2026-07-30T09:28:11,leasing,DS,DS3 CROSSBACK,2,1,0.5
2026-07-30T09:28:11,leasing,DS,DS4,1,0,0.0
2026-07-30T09:28:11,leasing,DS,DS7,2,0,0.0
2026-07-30T09:28:11,leasing,FIAT,500,1,0,0.0
2026-07-30T09:28:11,leasing,FORD,KUGA,7,0,0.0
2026-07-30T09:28:11,leasing,FORD,PUMA,1,0,0.0
2026-07-30T09:28:11,leasing,HYUNDAI,I30,1,0,0.0
2026-07-30T09:28:11,leasing,HYUNDAI,IONIQ,1,1,1.0
2026-07-30T09:28:11,leasing,HYUNDAI,SANTA FE,1,0,0.0
2026-07-30T09:28:11,leasing,HYUNDAI,TUCSON,7,0,0.0
2026-07-30T09:28:11,leasing,JEEP,AVENGER,2,2,1.0
2026-07-30T09:28:11,leasing,KIA,CEED,4,0,0.0
2026-07-30T09:28:11,leasing,KIA,NIRO,1,0,0.0
2026-07-30T09:28:11,leasing,KIA,NIRO EV,8,8,1.0
2026-07-30T09:28:11,leasing,KIA,PICANTO,1,0,0.0
2026-07-30T09:28:11,leasing,KIA,PROCEED,1,0,0.0
2026-07-30T09:28:11,leasing,KIA,RIO,2,0,0.0
2026-07-30T09:28:11,leasing,KIA,SORENTO,1,0,0.0
2026-07-30T09:28:11,leasing,KIA,SPORTAGE,9,0,0.0
2026-07-30T09:28:11,leasing,KIA,STONIC,12,0,0.0
2026-07-30T09:28:11,leasing,KIA,XCEED,1,0,0.0
2026-07-30T09:28:11,leasing,MERCEDES-BENZ,CLASSE A,2,0,0.0
2026-07-30T09:28:11,leasing,MERCEDES-BENZ,CLASSE CLA,1,0,0.0
2026-07-30T09:28:11,leasing,MG,MG5,1,1,1.0
2026-07-30T09:28:11,leasing,NISSAN,LEAF,1,1,1.0
2026-07-30T09:28:11,leasing,NISSAN,QASHQAI,8,0,0.0
2026-07-30T09:28:11,leasing,NISSAN,X-TRAIL,1,0,0.0
2026-07-30T09:28:11,leasing,OPEL,ASTRA,1,0,0.0
2026-07-30T09:28:11,leasing,OPEL,CORSA,3,0,0.0
2026-07-30T09:28:11,leasing,OPEL,CROSSLAND,2,0,0.0
2026-07-30T09:28:11,leasing,OPEL,GRANDLAND,1,0,0.0
2026-07-30T09:28:11,leasing,PEUGEOT,2008,23,0,0.0
2026-07-30T09:28:11,leasing,PEUGEOT,208,6,0,0.0
2026-07-30T09:28:11,leasing,PEUGEOT,3008,31,0,0.0
2026-07-30T09:28:11,leasing,PEUGEOT,308,10,0,0.0
2026-07-30T09:28:11,leasing,PEUGEOT,308 SW,2,0,0.0
2026-07-30T09:28:11,leasing,PEUGEOT,408,1,0,0.0
2026-07-30T09:28:11,leasing,PEUGEOT,5008,13,0,0.0
2026-07-30T09:28:11,leasing,PEUGEOT,E-2008,14,14,1.0
2026-07-30T09:28:11,leasing,PEUGEOT,E-208,4,4,1.0
2026-07-30T09:28:11,leasing,PEUGEOT,EXPERT,3,0,0.0
2026-07-30T09:28:11,leasing,PEUGEOT,PARTNER,8,0,0.0
2026-07-30T09:28:11,leasing,RENAULT,ARKANA,14,0,0.0
2026-07-30T09:28:11,leasing,RENAULT,AUSTRAL,4,0,0.0
2026-07-30T09:28:11,leasing,RENAULT,CAPTUR,16,0,0.0
2026-07-30T09:28:11,leasing,RENAULT,CLIO,28,0,0.0
2026-07-30T09:28:11,leasing,RENAULT,ESPACE,1,0,0.0
2026-07-30T09:28:11,leasing,RENAULT,EXPRESS,19,0,0.0
2026-07-30T09:28:11,leasing,RENAULT,KANGOO,4,0,0.0
2026-07-30T09:28:11,leasing,RENAULT,MASTER,1,0,0.0
2026-07-30T09:28:11,leasing,RENAULT,MEGANE,12,0,0.0
2026-07-30T09:28:11,leasing,RENAULT,SCENIC,6,0,0.0
2026-07-30T09:28:11,leasing,RENAULT,TRAFIC,6,0,0.0
2026-07-30T09:28:11,leasing,RENAULT,ZOE,1,1,1.0
2026-07-30T09:28:11,leasing,SEAT,ARONA,1,0,0.0
2026-07-30T09:28:11,leasing,SKODA,FABIA,6,0,0.0
2026-07-30T09:28:11,leasing,SKODA,KAMIQ,5,0,0.0
2026-07-30T09:28:11,leasing,SKODA,KODIAQ,1,0,0.0
2026-07-30T09:28:11,leasing,SUZUKI,SWIFT,1,0,0.0
2026-07-30T09:28:11,leasing,TESLA,MODEL 3,4,4,1.0
2026-07-30T09:28:11,leasing,TESLA,MODEL Y,5,5,1.0
2026-07-30T09:28:11,leasing,TOYOTA,AYGO X,3,0,0.0
2026-07-30T09:28:11,leasing,TOYOTA,C-HR,5,0,0.0
2026-07-30T09:28:11,leasing,TOYOTA,COROLLA,3,0,0.0
2026-07-30T09:28:11,leasing,TOYOTA,COROLLA TS,10,0,0.0
2026-07-30T09:28:11,leasing,TOYOTA,PROACE CITY,1,0,0.0
2026-07-30T09:28:11,leasing,TOYOTA,RAV4 HSD,2,0,0.0
2026-07-30T09:28:11,leasing,TOYOTA,RAV4 PLUG IN,3,0,0.0
2026-07-30T09:28:11,leasing,TOYOTA,YARIS,1,0,0.0
2026-07-30T09:28:11,leasing,TOYOTA,YARIS HYBRID,2,0,0.0
2026-07-30T09:28:11,leasing,VOLKSWAGEN,GOLF,7,0,0.0
2026-07-30T09:28:11,leasing,VOLKSWAGEN,ID.3,2,2,1.0
2026-07-30T09:28:11,leasing,VOLKSWAGEN,POLO,4,0,0.0
2026-07-30T09:28:11,leasing,VOLKSWAGEN,T-ROC,6,0,0.0
2026-07-30T09:28:11,leasing,VOLKSWAGEN,TIGUAN,2,0,0.0
2026-07-30T09:28:11,leasing,VOLKSWAGEN,TIGUAN ALLSPACE,1,0,0.0
2026-07-30T09:28:11,leasing,VOLKSWAGEN,TOURAN,1,0,0.0
2026-07-30T09:28:11,leasing,VOLKSWAGEN,TRANSPORTER,1,0,0.0
2026-07-30T09:28:11,cash,AUDI,A3 SPORTBACK,5,0,0.0
2026-07-30T09:28:11,cash,BMW,IX1,2,2,1.0
2026-07-30T09:28:11,cash,BMW,IX3,1,1,1.0
2026-07-30T09:28:11,cash,BMW,SERIE 1,8,0,0.0
2026-07-30T09:28:11,cash,BMW,SERIE 2 ACTIVE TOURE,2,0,0.0
2026-07-30T09:28:11,cash,BMW,SERIE 2 GRAN TOURER,1,0,0.0
2026-07-30T09:28:11,cash,BMW,SERIE 3,2,0,0.0
2026-07-30T09:28:11,cash,BMW,X1,11,0,0.0
2026-07-30T09:28:11,cash,BMW,X2,1,0,0.0
2026-07-30T09:28:11,cash,BMW,X3,3,0,0.0
2026-07-30T09:28:11,cash,BMW,X5,1,0,0.0
2026-07-30T09:28:11,cash,CITROEN,BERLINGO,6,0,0.0
2026-07-30T09:28:11,cash,CITROEN,C3,6,0,0.0
2026-07-30T09:28:11,cash,CITROEN,C3 AIRCROSS,6,0,0.0
2026-07-30T09:28:11,cash,CITROEN,C4,4,0,0.0
2026-07-30T09:28:11,cash,CITROEN,C5 AIRCROSS,13,0,0.0
2026-07-30T09:28:11,cash,CITROEN,C5 X,4,0,0.0
2026-07-30T09:28:11,cash,CITROEN,E-C4,1,1,1.0
2026-07-30T09:28:11,cash,CITROEN,GRAND C4 SPACETOURER,1,0,0.0
2026-07-30T09:28:11,cash,CITROEN,JUMPY,5,0,0.0
2026-07-30T09:28:11,cash,DACIA,SANDERO,1,0,0.0
2026-07-30T09:28:11,cash,DS,DS3,1,0,0.0
2026-07-30T09:28:11,cash,DS,DS3 CROSSBACK,2,1,0.5
2026-07-30T09:28:11,cash,DS,DS4,1,0,0.0
2026-07-30T09:28:11,cash,DS,DS7,2,0,0.0
2026-07-30T09:28:11,cash,FIAT,500,1,0,0.0
2026-07-30T09:28:11,cash,FORD,KUGA,8,0,0.0
2026-07-30T09:28:11,cash,FORD,PUMA,1,0,0.0
2026-07-30T09:28:11,cash,FORD,TRANSIT CUSTOM,1,0,0.0
2026-07-30T09:28:11,cash,HYUNDAI,I30,1,0,0.0
2026-07-30T09:28:11,cash,HYUNDAI,IONIQ,1,1,1.0
2026-07-30T09:28:11,cash,HYUNDAI,SANTA FE,1,0,0.0
2026-07-30T09:28:11,cash,HYUNDAI,TUCSON,7,0,0.0
2026-07-30T09:28:11,cash,JEEP,AVENGER,2,2,1.0
2026-07-30T09:28:11,cash,KIA,CEED,4,0,0.0
2026-07-30T09:28:11,cash,KIA,NIRO,1,0,0.0
2026-07-30T09:28:11,cash,KIA,NIRO EV,9,9,1.0
2026-07-30T09:28:11,cash,KIA,PICANTO,1,0,0.0
2026-07-30T09:28:11,cash,KIA,PROCEED,1,0,0.0
2026-07-30T09:28:11,cash,KIA,RIO,2,0,0.0
2026-07-30T09:28:11,cash,KIA,SORENTO,1,0,0.0
2026-07-30T09:28:11,cash,KIA,SPORTAGE,9,0,0.0
2026-07-30T09:28:11,cash,KIA,STONIC,12,0,0.0
2026-07-30T09:28:11,cash,KIA,XCEED,1,0,0.0
2026-07-30T09:28:11,cash,MERCEDES-BENZ,CLASSE A,4,0,0.0
2026-07-30T09:28:11,cash,MERCEDES-BENZ,CLASSE CLA,1,0,0.0
2026-07-30T09:28:11,cash,MERCEDES-BENZ,EQA,1,1,1.0
2026-07-30T09:28:11,cash,MERCEDES-BENZ,GLB,1,0,0.0
2026-07-30T09:28:11,cash,MG,MG5,1,1,1.0
2026-07-30T09:28:11,cash,NISSAN,LEAF,1,1,1.0
2026-07-30T09:28:11,cash,NISSAN,QASHQAI,9,0,0.0
2026-07-30T09:28:11,cash,NISSAN,X-TRAIL,1,0,0.0
2026-07-30T09:28:11,cash,OPEL,ASTRA,1,0,0.0
2026-07-30T09:28:11,cash,OPEL,CORSA,3,0,0.0
2026-07-30T09:28:11,cash,OPEL,CROSSLAND,2,0,0.0
2026-07-30T09:28:11,cash,OPEL,GRANDLAND,1,0,0.0
2026-07-30T09:28:11,cash,OPEL,GRANDLAND X,1,0,0.0
2026-07-30T09:28:11,cash,PEUGEOT,108,1,0,0.0
2026-07-30T09:28:11,cash,PEUGEOT,2008,24,0,0.0
2026-07-30T09:28:11,cash,PEUGEOT,208,7,0,0.0
2026-07-30T09:28:11,cash,PEUGEOT,3008,36,0,0.0
2026-07-30T09:28:11,cash,PEUGEOT,308,10,0,0.0
2026-07-30T09:28:11,cash,PEUGEOT,308 SW,2,0,0.0
2026-07-30T09:28:11,cash,PEUGEOT,408,1,0,0.0
2026-07-30T09:28:11,cash,PEUGEOT,5008,13,0,0.0
2026-07-30T09:28:11,cash,PEUGEOT,E-2008,14,14,1.0
2026-07-30T09:28:11,cash,PEUGEOT,E-208,5,5,1.0
2026-07-30T09:28:11,cash,PEUGEOT,E-308,2,2,1.0
2026-07-30T09:28:11,cash,PEUGEOT,EXPERT,3,0,0.0
2026-07-30T09:28:11,cash,PEUGEOT,PARTNER,8,0,0.0
2026-07-30T09:28:11,cash,RENAULT,ARKANA,14,0,0.0
2026-07-30T09:28:11,cash,RENAULT,AUSTRAL,4,0,0.0
2026-07-30T09:28:11,cash,RENAULT,CAPTUR,17,0,0.0
2026-07-30T09:28:11,cash,RENAULT,CLIO,33,0,0.0
2026-07-30T09:28:11,cash,RENAULT,ESPACE,1,0,0.0
2026-07-30T09:28:11,cash,RENAULT,EXPRESS,20,0,0.0
2026-07-30T09:28:11,cash,RENAULT,KADJAR,1,0,0.0
2026-07-30T09:28:11,cash,RENAULT,KANGOO,4,0,0.0
2026-07-30T09:28:11,cash,RENAULT,MASTER,1,0,0.0
2026-07-30T09:28:11,cash,RENAULT,MEGANE,15,0,0.0
2026-07-30T09:28:11,cash,RENAULT,SCENIC,6,0,0.0
2026-07-30T09:28:11,cash,RENAULT,SYMBIOZ,1,0,0.0
2026-07-30T09:28:11,cash,RENAULT,TRAFIC,6,0,0.0
2026-07-30T09:28:11,cash,RENAULT,TWINGO,1,0,0.0
2026-07-30T09:28:11,cash,RENAULT,ZOE,1,1,1.0
2026-07-30T09:28:11,cash,SEAT,ARONA,1,0,0.0
2026-07-30T09:28:11,cash,SKODA,FABIA,6,0,0.0
2026-07-30T09:28:11,cash,SKODA,KAMIQ,5,0,0.0
2026-07-30T09:28:11,cash,SKODA,KODIAQ,1,0,0.0
2026-07-30T09:28:11,cash,SMART,1,1,1,1.0
2026-07-30T09:28:11,cash,SUZUKI,SWIFT,1,0,0.0
2026-07-30T09:28:11,cash,TESLA,MODEL 3,6,6,1.0
2026-07-30T09:28:11,cash,TESLA,MODEL Y,5,5,1.0
2026-07-30T09:28:11,cash,TOYOTA,AYGO X,3,0,0.0
2026-07-30T09:28:11,cash,TOYOTA,C-HR,6,0,0.0
2026-07-30T09:28:11,cash,TOYOTA,COROLLA,3,0,0.0
2026-07-30T09:28:11,cash,TOYOTA,COROLLA TS,10,0,0.0
2026-07-30T09:28:11,cash,TOYOTA,PROACE CITY,1,0,0.0
2026-07-30T09:28:11,cash,TOYOTA,RAV4 HSD,3,0,0.0
2026-07-30T09:28:11,cash,TOYOTA,RAV4 PLUG IN,4,0,0.0
2026-07-30T09:28:11,cash,TOYOTA,YARIS,1,0,0.0
2026-07-30T09:28:11,cash,TOYOTA,YARIS HYBRID,2,0,0.0
2026-07-30T09:28:11,cash,VOLKSWAGEN,GOLF,7,0,0.0
2026-07-30T09:28:11,cash,VOLKSWAGEN,ID.3,2,2,1.0
2026-07-30T09:28:11,cash,VOLKSWAGEN,POLO,4,0,0.0
2026-07-30T09:28:11,cash,VOLKSWAGEN,T-ROC,7,0,0.0
2026-07-30T09:28:11,cash,VOLKSWAGEN,TIGUAN,2,0,0.0
2026-07-30T09:28:11,cash,VOLKSWAGEN,TIGUAN ALLSPACE,3,0,0.0
2026-07-30T09:28:11,cash,VOLKSWAGEN,TOURAN,1,0,0.0
2026-07-30T09:28:11,cash,VOLKSWAGEN,TRANSPORTER,1,0,0.0
2026-07-31T09:41:10,leasing,AUDI,A1 SPORTBACK,1,0,0.0
2026-07-31T09:41:10,leasing,AUDI,A3 SPORTBACK,5,0,0.0
2026-07-31T09:41:10,leasing,BMW,IX1,2,2,1.0
2026-07-31T09:41:10,leasing,BMW,IX3,1,1,1.0
2026-07-31T09:41:10,leasing,BMW,SERIE 1,8,0,0.0
2026-07-31T09:41:10,leasing,BMW,SERIE 2 ACTIVE TOURE,1,0,0.0
2026-07-31T09:41:10,leasing,BMW,SERIE 2 GRAN TOURER,1,0,0.0
2026-07-31T09:41:10,leasing,BMW,SERIE 3,1,0,0.0
2026-07-31T09:41:10,leasing,BMW,X1,11,0,0.0
2026-07-31T09:41:10,leasing,BMW,X2,1,0,0.0
2026-07-31T09:41:10,leasing,BMW,X3,4,0,0.0
2026-07-31T09:41:10,leasing,CITROEN,BERLINGO,5,0,0.0
2026-07-31T09:41:10,leasing,CITROEN,C3,5,0,0.0
2026-07-31T09:41:10,leasing,CITROEN,C3 AIRCROSS,7,0,0.0
2026-07-31T09:41:10,leasing,CITROEN,C4,4,0,0.0
2026-07-31T09:41:10,leasing,CITROEN,C5 AIRCROSS,13,0,0.0
2026-07-31T09:41:10,leasing,CITROEN,C5 X,4,0,0.0
2026-07-31T09:41:10,leasing,CITROEN,GRAND C4 SPACETOURER,1,0,0.0
2026-07-31T09:41:10,leasing,CITROEN,JUMPY,5,0,0.0
2026-07-31T09:41:10,leasing,CUPRA,FORMENTOR,1,0,0.0
2026-07-31T09:41:10,leasing,DACIA,SANDERO,1,0,0.0
2026-07-31T09:41:10,leasing,DS,DS3,1,0,0.0
2026-07-31T09:41:10,leasing,DS,DS3 CROSSBACK,2,1,0.5
2026-07-31T09:41:10,leasing,DS,DS4,1,0,0.0
2026-07-31T09:41:10,leasing,DS,DS7,2,0,0.0
2026-07-31T09:41:10,leasing,FIAT,500,1,0,0.0
2026-07-31T09:41:10,leasing,FORD,KUGA,7,0,0.0
2026-07-31T09:41:10,leasing,FORD,PUMA,1,0,0.0
2026-07-31T09:41:10,leasing,HYUNDAI,I30,1,0,0.0
2026-07-31T09:41:10,leasing,HYUNDAI,IONIQ,1,1,1.0
2026-07-31T09:41:10,leasing,HYUNDAI,SANTA FE,1,0,0.0
2026-07-31T09:41:10,leasing,HYUNDAI,TUCSON,8,0,0.0
2026-07-31T09:41:10,leasing,JEEP,AVENGER,2,2,1.0
2026-07-31T09:41:10,leasing,KIA,CEED,4,0,0.0
2026-07-31T09:41:10,leasing,KIA,NIRO,1,0,0.0
2026-07-31T09:41:10,leasing,KIA,NIRO EV,8,8,1.0
2026-07-31T09:41:10,leasing,KIA,PICANTO,1,0,0.0
2026-07-31T09:41:10,leasing,KIA,PROCEED,1,0,0.0
2026-07-31T09:41:10,leasing,KIA,RIO,2,0,0.0
2026-07-31T09:41:10,leasing,KIA,SORENTO,2,0,0.0
2026-07-31T09:41:10,leasing,KIA,SPORTAGE,9,0,0.0
2026-07-31T09:41:10,leasing,KIA,STONIC,12,0,0.0
2026-07-31T09:41:10,leasing,KIA,XCEED,1,0,0.0
2026-07-31T09:41:10,leasing,MERCEDES-BENZ,CLASSE A,2,0,0.0
2026-07-31T09:41:10,leasing,MERCEDES-BENZ,CLASSE CLA,1,0,0.0
2026-07-31T09:41:10,leasing,MERCEDES-BENZ,CLASSE GLA,1,0,0.0
2026-07-31T09:41:10,leasing,MG,MG5,1,1,1.0
2026-07-31T09:41:10,leasing,NISSAN,JUKE,1,0,0.0
2026-07-31T09:41:10,leasing,NISSAN,LEAF,1,1,1.0
2026-07-31T09:41:10,leasing,NISSAN,QASHQAI,8,0,0.0
2026-07-31T09:41:10,leasing,NISSAN,X-TRAIL,1,0,0.0
2026-07-31T09:41:10,leasing,OPEL,ASTRA,1,0,0.0
2026-07-31T09:41:10,leasing,OPEL,CORSA,3,0,0.0
2026-07-31T09:41:10,leasing,OPEL,CROSSLAND,2,0,0.0
2026-07-31T09:41:10,leasing,OPEL,GRANDLAND,1,0,0.0
2026-07-31T09:41:10,leasing,PEUGEOT,2008,25,0,0.0
2026-07-31T09:41:10,leasing,PEUGEOT,208,6,0,0.0
2026-07-31T09:41:10,leasing,PEUGEOT,3008,31,0,0.0
2026-07-31T09:41:10,leasing,PEUGEOT,308,10,0,0.0
2026-07-31T09:41:10,leasing,PEUGEOT,308 SW,2,0,0.0
2026-07-31T09:41:10,leasing,PEUGEOT,408,1,0,0.0
2026-07-31T09:41:10,leasing,PEUGEOT,5008,13,0,0.0
2026-07-31T09:41:10,leasing,PEUGEOT,E-2008,14,14,1.0
2026-07-31T09:41:10,leasing,PEUGEOT,E-208,4,4,1.0
2026-07-31T09:41:10,leasing,PEUGEOT,EXPERT,3,0,0.0
2026-07-31T09:41:10,leasing,PEUGEOT,PARTNER,8,0,0.0
2026-07-31T09:41:10,leasing,RENAULT,ARKANA,14,0,0.0
2026-07-31T09:41:10,leasing,RENAULT,AUSTRAL,6,0,0.0
2026-07-31T09:41:10,leasing,RENAULT,CAPTUR,16,0,0.0
2026-07-31T09:41:10,leasing,RENAULT,CLIO,27,0,0.0
2026-07-31T09:41:10,leasing,RENAULT,ESPACE,1,0,0.0
2026-07-31T09:41:10,leasing,RENAULT,EXPRESS,20,0,0.0
2026-07-31T09:41:10,leasing,RENAULT,KANGOO,4,0,0.0
2026-07-31T09:41:10,leasing,RENAULT,MASTER,1,0,0.0
2026-07-31T09:41:10,leasing,RENAULT,MEGANE,12,0,0.0
2026-07-31T09:41:10,leasing,RENAULT,SCENIC,6,0,0.0
2026-07-31T09:41:10,leasing,RENAULT,TRAFIC,6,0,0.0
2026-07-31T09:41:10,leasing,RENAULT,ZOE,1,1,1.0
2026-07-31T09:41:10,leasing,SEAT,ARONA,1,0,0.0
2026-07-31T09:41:10,leasing,SKODA,FABIA,6,0,0.0
2026-07-31T09:41:10,leasing,SKODA,KAMIQ,5,0,0.0
2026-07-31T09:41:10,leasing,SKODA,KODIAQ,1,0,0.0
2026-07-31T09:41:10,leasing,SUZUKI,SWIFT,1,0,0.0
2026-07-31T09:41:10,leasing,TESLA,MODEL 3,4,4,1.0
2026-07-31T09:41:10,leasing,TESLA,MODEL Y,4,4,1.0
2026-07-31T09:41:10,leasing,TOYOTA,AYGO X,3,0,0.0
2026-07-31T09:41:10,leasing,TOYOTA,C-HR,4,0,0.0
2026-07-31T09:41:10,leasing,TOYOTA,COROLLA,4,0,0.0
2026-07-31T09:41:10,leasing,TOYOTA,COROLLA TS,11,0,0.0
2026-07-31T09:41:10,leasing,TOYOTA,PROACE CITY,1,0,0.0
2026-07-31T09:41:10,leasing,TOYOTA,RAV4 HSD,2,0,0.0
2026-07-31T09:41:10,leasing,TOYOTA,RAV4 PLUG IN,4,0,0.0
2026-07-31T09:41:10,leasing,TOYOTA,YARIS,1,0,0.0
2026-07-31T09:41:10,leasing,TOYOTA,YARIS HYBRID,2,0,0.0
2026-07-31T09:41:10,leasing,VOLKSWAGEN,GOLF,6,0,0.0
2026-07-31T09:41:10,leasing,VOLKSWAGEN,ID.3,2,2,1.0
2026-07-31T09:41:10,leasing,VOLKSWAGEN,POLO,4,0,0.0
2026-07-31T09:41:10,leasing,VOLKSWAGEN,T-ROC,7,0,0.0
2026-07-31T09:41:10,leasing,VOLKSWAGEN,TIGUAN,4,0,0.0
2026-07-31T09:41:10,leasing,VOLKSWAGEN,TIGUAN ALLSPACE,1,0,0.0
2026-07-31T09:41:10,leasing,VOLKSWAGEN,TOURAN,2,0,0.0
2026-07-31T09:41:10,leasing,VOLKSWAGEN,TRANSPORTER,1,0,0.0
2026-07-31T09:41:10,cash,AUDI,A1 SPORTBACK,1,0,0.0
2026-07-31T09:41:10,cash,AUDI,A3 SPORTBACK,5,0,0.0
2026-07-31T09:41:10,cash,BMW,IX1,2,2,1.0
2026-07-31T09:41:10,cash,BMW,IX3,1,1,1.0
2026-07-31T09:41:10,cash,BMW,SERIE 1,8,0,0.0
2026-07-31T09:41:10,cash,BMW,SERIE 2 ACTIVE TOURE,2,0,0.0
2026-07-31T09:41:10,cash,BMW,SERIE 2 GRAN TOURER,1,0,0.0
2026-07-31T09:41:10,cash,BMW,SERIE 3,1,0,0.0
2026-07-31T09:41:10,cash,BMW,X1,12,0,0.0
2026-07-31T09:41:10,cash,BMW,X2,1,0,0.0
2026-07-31T09:41:10,cash,BMW,X3,4,0,0.0
2026-07-31T09:41:10,cash,BMW,X5,1,0,0.0
2026-07-31T09:41:10,cash,CITROEN,BERLINGO,6,0,0.0
2026-07-31T09:41:10,cash,CITROEN,C3,6,0,0.0
2026-07-31T09:41:10,cash,CITROEN,C3 AIRCROSS,7,0,0.0
2026-07-31T09:41:10,cash,CITROEN,C4,4,0,0.0
2026-07-31T09:41:10,cash,CITROEN,C5 AIRCROSS,13,0,0.0
2026-07-31T09:41:10,cash,CITROEN,C5 X,4,0,0.0
2026-07-31T09:41:10,cash,CITROEN,E-C4,1,1,1.0
2026-07-31T09:41:10,cash,CITROEN,GRAND C4 SPACETOURER,1,0,0.0
2026-07-31T09:41:10,cash,CITROEN,JUMPY,5,0,0.0
2026-07-31T09:41:10,cash,CUPRA,FORMENTOR,1,0,0.0
2026-07-31T09:41:10,cash,DACIA,SANDERO,1,0,0.0
2026-07-31T09:41:10,cash,DS,DS3,1,0,0.0
2026-07-31T09:41:10,cash,DS,DS3 CROSSBACK,2,1,0.5
2026-07-31T09:41:10,cash,DS,DS4,1,0,0.0
2026-07-31T09:41:10,cash,DS,DS7,2,0,0.0
2026-07-31T09:41:10,cash,FIAT,500,1,0,0.0
2026-07-31T09:41:10,cash,FORD,KUGA,8,0,0.0
2026-07-31T09:41:10,cash,FORD,PUMA,1,0,0.0
2026-07-31T09:41:10,cash,FORD,TRANSIT CUSTOM,1,0,0.0
2026-07-31T09:41:10,cash,HYUNDAI,I30,1,0,0.0
2026-07-31T09:41:10,cash,HYUNDAI,IONIQ,1,1,1.0
2026-07-31T09:41:10,cash,HYUNDAI,SANTA FE,1,0,0.0
2026-07-31T09:41:10,cash,HYUNDAI,TUCSON,8,0,0.0
2026-07-31T09:41:10,cash,JEEP,AVENGER,2,2,1.0
2026-07-31T09:41:10,cash,KIA,CEED,4,0,0.0
2026-07-31T09:41:10,cash,KIA,NIRO,1,0,0.0
2026-07-31T09:41:10,cash,KIA,NIRO EV,8,8,1.0
2026-07-31T09:41:10,cash,KIA,PICANTO,1,0,0.0
2026-07-31T09:41:10,cash,KIA,PROCEED,1,0,0.0
2026-07-31T09:41:10,cash,KIA,RIO,2,0,0.0
2026-07-31T09:41:10,cash,KIA,SORENTO,2,0,0.0
2026-07-31T09:41:10,cash,KIA,SPORTAGE,9,0,0.0
2026-07-31T09:41:10,cash,KIA,STONIC,12,0,0.0
2026-07-31T09:41:10,cash,KIA,XCEED,1,0,0.0
2026-07-31T09:41:10,cash,MERCEDES-BENZ,CLASSE A,4,0,0.0
2026-07-31T09:41:10,cash,MERCEDES-BENZ,CLASSE CLA,1,0,0.0
2026-07-31T09:41:10,cash,MERCEDES-BENZ,CLASSE GLA,1,0,0.0
2026-07-31T09:41:10,cash,MERCEDES-BENZ,EQA,1,1,1.0
2026-07-31T09:41:10,cash,MERCEDES-BENZ,GLB,1,0,0.0
2026-07-31T09:41:10,cash,MG,MG5,1,1,1.0
2026-07-31T09:41:10,cash,NISSAN,JUKE,1,0,0.0
2026-07-31T09:41:10,cash,NISSAN,LEAF,1,1,1.0
2026-07-31T09:41:10,cash,NISSAN,QASHQAI,9,0,0.0
2026-07-31T09:41:10,cash,NISSAN,X-TRAIL,1,0,0.0
2026-07-31T09:41:10,cash,OPEL,ASTRA,1,0,0.0
2026-07-31T09:41:10,cash,OPEL,CORSA,3,0,0.0
2026-07-31T09:41:10,cash,OPEL,CROSSLAND,2,0,0.0
2026-07-31T09:41:10,cash,OPEL,GRANDLAND,1,0,0.0
2026-07-31T09:41:10,cash,OPEL,GRANDLAND X,1,0,0.0
2026-07-31T09:41:10,cash,PEUGEOT,108,1,0,0.0
2026-07-31T09:41:10,cash,PEUGEOT,2008,26,0,0.0
2026-07-31T09:41:10,cash,PEUGEOT,208,7,0,0.0
2026-07-31T09:41:10,cash,PEUGEOT,3008,36,0,0.0
2026-07-31T09:41:10,cash,PEUGEOT,308,10,0,0.0
2026-07-31T09:41:10,cash,PEUGEOT,308 SW,2,0,0.0
2026-07-31T09:41:10,cash,PEUGEOT,408,1,0,0.0
2026-07-31T09:41:10,cash,PEUGEOT,5008,13,0,0.0
2026-07-31T09:41:10,cash,PEUGEOT,E-2008,14,14,1.0
2026-07-31T09:41:10,cash,PEUGEOT,E-208,5,5,1.0
2026-07-31T09:41:10,cash,PEUGEOT,E-308,2,2,1.0
2026-07-31T09:41:10,cash,PEUGEOT,EXPERT,3,0,0.0
2026-07-31T09:41:10,cash,PEUGEOT,PARTNER,9,0,0.0
2026-07-31T09:41:10,cash,RENAULT,ARKANA,14,0,0.0
2026-07-31T09:41:10,cash,RENAULT,AUSTRAL,6,0,0.0
2026-07-31T09:41:10,cash,RENAULT,CAPTUR,17,0,0.0
2026-07-31T09:41:10,cash,RENAULT,CLIO,32,0,0.0
2026-07-31T09:41:10,cash,RENAULT,ESPACE,1,0,0.0
2026-07-31T09:41:10,cash,RENAULT,EXPRESS,20,0,0.0
2026-07-31T09:41:10,cash,RENAULT,KADJAR,1,0,0.0
2026-07-31T09:41:10,cash,RENAULT,KANGOO,4,0,0.0
2026-07-31T09:41:10,cash,RENAULT,MASTER,1,0,0.0
2026-07-31T09:41:10,cash,RENAULT,MEGANE,15,0,0.0
2026-07-31T09:41:10,cash,RENAULT,SCENIC,6,0,0.0
2026-07-31T09:41:10,cash,RENAULT,SYMBIOZ,1,0,0.0
2026-07-31T09:41:10,cash,RENAULT,TRAFIC,6,0,0.0
2026-07-31T09:41:10,cash,RENAULT,TWINGO,1,0,0.0
2026-07-31T09:41:10,cash,RENAULT,ZOE,1,1,1.0
2026-07-31T09:41:10,cash,SEAT,ARONA,1,0,0.0
2026-07-31T09:41:10,cash,SKODA,FABIA,6,0,0.0
2026-07-31T09:41:10,cash,SKODA,KAMIQ,5,0,0.0
2026-07-31T09:41:10,cash,SKODA,KAROQ,1,0,0.0
2026-07-31T09:41:10,cash,SKODA,KODIAQ,1,0,0.0
2026-07-31T09:41:10,cash,SMART,1,1,1,1.0
2026-07-31T09:41:10,cash,SUZUKI,SWIFT,1,0,0.0
2026-07-31T09:41:10,cash,TESLA,MODEL 3,6,6,1.0
2026-07-31T09:41:10,cash,TESLA,MODEL Y,4,4,1.0
2026-07-31T09:41:10,cash,TOYOTA,AYGO X,3,0,0.0
2026-07-31T09:41:10,cash,TOYOTA,C-HR,5,0,0.0
2026-07-31T09:41:10,cash,TOYOTA,COROLLA,4,0,0.0
2026-07-31T09:41:10,cash,TOYOTA,COROLLA TS,11,0,0.0
2026-07-31T09:41:10,cash,TOYOTA,PROACE CITY,1,0,0.0
2026-07-31T09:41:10,cash,TOYOTA,RAV4 HSD,3,0,0.0
2026-07-31T09:41:10,cash,TOYOTA,RAV4 PLUG IN,4,0,0.0
2026-07-31T09:41:10,cash,TOYOTA,YARIS,1,0,0.0
2026-07-31T09:41:10,cash,TOYOTA,YARIS HYBRID,2,0,0.0
2026-07-31T09:41:10,cash,VOLKSWAGEN,GOLF,6,0,0.0
2026-07-31T09:41:10,cash,VOLKSWAGEN,ID.3,2,2,1.0
2026-07-31T09:41:10,cash,VOLKSWAGEN,POLO,4,0,0.0
2026-07-31T09:41:10,cash,VOLKSWAGEN,T-ROC,8,0,0.0
2026-07-31T09:41:10,cash,VOLKSWAGEN,TIGUAN,4,0,0.0
2026-07-31T09:41:10,cash,VOLKSWAGEN,TIGUAN ALLSPACE,3,0,0.0
2026-07-31T09:41:10,cash,VOLKSWAGEN,TOURAN,2,0,0.0
2026-07-31T09:41:10,cash,VOLKSWAGEN,TRANSPORTER,1,0,0.0
2026-08-01T09:03:08,leasing,AUDI,A1 SPORTBACK,1,0,0.0
2026-08-01T09:03:08,leasing,AUDI,A3 SPORTBACK,5,0,0.0
2026-08-01T09:03:08,leasing,AUDI,Q3 SPORTBACK,1,0,0.0
2026-08-01T09:03:08,leasing,AUDI,Q4 E-TRON SPORTBACK,1,1,1.0
2026-08-01T09:03:08,leasing,BMW,IX1,2,2,1.0
2026-08-01T09:03:08,leasing,BMW,IX3,1,1,1.0
2026-08-01T09:03:08,leasing,BMW,SERIE 1,8,0,0.0
2026-08-01T09:03:08,leasing,BMW,SERIE 2 ACTIVE TOURE,1,0,0.0
2026-08-01T09:03:08,leasing,BMW,SERIE 2 GRAN TOURER,1,0,0.0
2026-08-01T09:03:08,leasing,BMW,X1,11,0,0.0
2026-08-01T09:03:08,leasing,BMW,X2,1,0,0.0
2026-08-01T09:03:08,leasing,BMW,X3,3,0,0.0
2026-08-01T09:03:08,leasing,CITROEN,BERLINGO,5,0,0.0
2026-08-01T09:03:08,leasing,CITROEN,C3,5,0,0.0
2026-08-01T09:03:08,leasing,CITROEN,C3 AIRCROSS,7,0,0.0
2026-08-01T09:03:08,leasing,CITROEN,C4,4,0,0.0
2026-08-01T09:03:08,leasing,CITROEN,C5 AIRCROSS,14,0,0.0
2026-08-01T09:03:08,leasing,CITROEN,C5 X,4,0,0.0
2026-08-01T09:03:08,leasing,CITROEN,GRAND C4 SPACETOURER,1,0,0.0
2026-08-01T09:03:08,leasing,CITROEN,JUMPY,5,0,0.0
2026-08-01T09:03:08,leasing,CUPRA,FORMENTOR,1,0,0.0
2026-08-01T09:03:08,leasing,DACIA,SANDERO,1,0,0.0
2026-08-01T09:03:08,leasing,DS,DS3,1,0,0.0
2026-08-01T09:03:08,leasing,DS,DS3 CROSSBACK,2,1,0.5
2026-08-01T09:03:08,leasing,DS,DS4,1,0,0.0
2026-08-01T09:03:08,leasing,DS,DS7,2,0,0.0
2026-08-01T09:03:08,leasing,FIAT,500,1,0,0.0
2026-08-01T09:03:08,leasing,FORD,KUGA,7,0,0.0
2026-08-01T09:03:08,leasing,FORD,PUMA,1,0,0.0
2026-08-01T09:03:08,leasing,HYUNDAI,I30,1,0,0.0
2026-08-01T09:03:08,leasing,HYUNDAI,IONIQ,1,1,1.0
2026-08-01T09:03:08,leasing,HYUNDAI,SANTA FE,1,0,0.0
2026-08-01T09:03:08,leasing,HYUNDAI,TUCSON,8,0,0.0
2026-08-01T09:03:08,leasing,JEEP,AVENGER,2,2,1.0
2026-08-01T09:03:08,leasing,KIA,CEED,4,0,0.0
2026-08-01T09:03:08,leasing,KIA,NIRO,1,0,0.0
2026-08-01T09:03:08,leasing,KIA,NIRO EV,8,8,1.0
2026-08-01T09:03:08,leasing,KIA,PICANTO,1,0,0.0
2026-08-01T09:03:08,leasing,KIA,PROCEED,1,0,0.0
2026-08-01T09:03:08,leasing,KIA,RIO,2,0,0.0
2026-08-01T09:03:08,leasing,KIA,SORENTO,2,0,0.0
2026-08-01T09:03:08,leasing,KIA,SPORTAGE,9,0,0.0
2026-08-01T09:03:08,leasing,KIA,STONIC,11,0,0.0
2026-08-01T09:03:08,leasing,KIA,XCEED,1,0,0.0
2026-08-01T09:03:08,leasing,MERCEDES-BENZ,CLASSE A,2,0,0.0
2026-08-01T09:03:08,leasing,MERCEDES-BENZ,CLASSE CLA,1,0,0.0
2026-08-01T09:03:08,leasing,MERCEDES-BENZ,CLASSE GLA,1,0,0.0
2026-08-01T09:03:08,leasing,MG,MG5,1,1,1.0
2026-08-01T09:03:08,leasing,NISSAN,JUKE,1,0,0.0
2026-08-01T09:03:08,leasing,NISSAN,LEAF,1,1,1.0
2026-08-01T09:03:08,leasing,NISSAN,QASHQAI,8,0,0.0
2026-08-01T09:03:08,leasing,NISSAN,X-TRAIL,1,0,0.0
2026-08-01T09:03:08,leasing,OPEL,ASTRA,1,0,0.0
2026-08-01T09:03:08,leasing,OPEL,CORSA,3,0,0.0
2026-08-01T09:03:08,leasing,OPEL,CROSSLAND,2,0,0.0
2026-08-01T09:03:08,leasing,OPEL,GRANDLAND,1,0,0.0
2026-08-01T09:03:08,leasing,PEUGEOT,2008,25,0,0.0
2026-08-01T09:03:08,leasing,PEUGEOT,208,7,0,0.0
2026-08-01T09:03:08,leasing,PEUGEOT,3008,31,0,0.0
2026-08-01T09:03:08,leasing,PEUGEOT,308,10,0,0.0
2026-08-01T09:03:08,leasing,PEUGEOT,308 SW,2,0,0.0
2026-08-01T09:03:08,leasing,PEUGEOT,408,1,0,0.0
2026-08-01T09:03:08,leasing,PEUGEOT,5008,13,0,0.0
2026-08-01T09:03:08,leasing,PEUGEOT,E-2008,14,14,1.0
2026-08-01T09:03:08,leasing,PEUGEOT,E-208,4,4,1.0
2026-08-01T09:03:08,leasing,PEUGEOT,EXPERT,3,0,0.0
2026-08-01T09:03:08,leasing,PEUGEOT,PARTNER,8,0,0.0
2026-08-01T09:03:08,leasing,RENAULT,ARKANA,14,0,0.0
2026-08-01T09:03:08,leasing,RENAULT,AUSTRAL,3,0,0.0
2026-08-01T09:03:08,leasing,RENAULT,CAPTUR,17,0,0.0
2026-08-01T09:03:08,leasing,RENAULT,CLIO,27,0,0.0
2026-08-01T09:03:08,leasing,RENAULT,ESPACE,1,0,0.0
2026-08-01T09:03:08,leasing,RENAULT,EXPRESS,20,0,0.0
2026-08-01T09:03:08,leasing,RENAULT,KANGOO,4,0,0.0
2026-08-01T09:03:08,leasing,RENAULT,MASTER,1,0,0.0
2026-08-01T09:03:08,leasing,RENAULT,MEGANE,13,0,0.0
2026-08-01T09:03:08,leasing,RENAULT,SCENIC,6,0,0.0
2026-08-01T09:03:08,leasing,RENAULT,TRAFIC,6,0,0.0
2026-08-01T09:03:08,leasing,RENAULT,ZOE,1,1,1.0
2026-08-01T09:03:08,leasing,SEAT,ARONA,1,0,0.0
2026-08-01T09:03:08,leasing,SKODA,FABIA,6,0,0.0
2026-08-01T09:03:08,leasing,SKODA,KAMIQ,5,0,0.0
2026-08-01T09:03:08,leasing,SKODA,KODIAQ,1,0,0.0
2026-08-01T09:03:08,leasing,SUZUKI,SWIFT,1,0,0.0
2026-08-01T09:03:08,leasing,TESLA,MODEL 3,3,3,1.0
2026-08-01T09:03:08,leasing,TESLA,MODEL Y,6,6,1.0
2026-08-01T09:03:08,leasing,TOYOTA,AYGO X,3,0,0.0
2026-08-01T09:03:08,leasing,TOYOTA,C-HR,4,0,0.0
2026-08-01T09:03:08,leasing,TOYOTA,COROLLA,4,0,0.0
2026-08-01T09:03:08,leasing,TOYOTA,COROLLA TS,11,0,0.0
2026-08-01T09:03:08,leasing,TOYOTA,PROACE CITY,1,0,0.0
2026-08-01T09:03:08,leasing,TOYOTA,RAV4 HSD,2,0,0.0
2026-08-01T09:03:08,leasing,TOYOTA,RAV4 PLUG IN,4,0,0.0
2026-08-01T09:03:08,leasing,TOYOTA,YARIS,1,0,0.0
2026-08-01T09:03:08,leasing,TOYOTA,YARIS HYBRID,2,0,0.0
2026-08-01T09:03:08,leasing,VOLKSWAGEN,GOLF,7,0,0.0
2026-08-01T09:03:08,leasing,VOLKSWAGEN,ID.3,2,2,1.0
2026-08-01T09:03:08,leasing,VOLKSWAGEN,POLO,4,0,0.0
2026-08-01T09:03:08,leasing,VOLKSWAGEN,T-ROC,7,0,0.0
2026-08-01T09:03:08,leasing,VOLKSWAGEN,TAIGO,1,0,0.0
2026-08-01T09:03:08,leasing,VOLKSWAGEN,TIGUAN,5,0,0.0
2026-08-01T09:03:08,leasing,VOLKSWAGEN,TIGUAN ALLSPACE,1,0,0.0
2026-08-01T09:03:08,leasing,VOLKSWAGEN,TOURAN,2,0,0.0
2026-08-01T09:03:08,leasing,VOLKSWAGEN,TRANSPORTER,1,0,0.0
2026-08-01T09:03:08,cash,AUDI,A1 SPORTBACK,1,0,0.0
2026-08-01T09:03:08,cash,AUDI,A3 SPORTBACK,5,0,0.0
2026-08-01T09:03:08,cash,AUDI,Q3 SPORTBACK,1,0,0.0
2026-08-01T09:03:08,cash,AUDI,Q4 E-TRON SPORTBACK,1,1,1.0
2026-08-01T09:03:08,cash,BMW,IX1,2,2,1.0
2026-08-01T09:03:08,cash,BMW,IX3,1,1,1.0
2026-08-01T09:03:08,cash,BMW,SERIE 1,8,0,0.0
2026-08-01T09:03:08,cash,BMW,SERIE 2 ACTIVE TOURE,2,0,0.0
2026-08-01T09:03:08,cash,BMW,SERIE 2 GRAN TOURER,1,0,0.0
2026-08-01T09:03:08,cash,BMW,X1,12,0,0.0
2026-08-01T09:03:08,cash,BMW,X2,1,0,0.0
2026-08-01T09:03:08,cash,BMW,X3,3,0,0.0
2026-08-01T09:03:08,cash,BMW,X5,1,0,0.0
2026-08-01T09:03:08,cash,CITROEN,BERLINGO,6,0,0.0
2026-08-01T09:03:08,cash,CITROEN,C3,6,0,0.0
2026-08-01T09:03:08,cash,CITROEN,C3 AIRCROSS,7,0,0.0
2026-08-01T09:03:08,cash,CITROEN,C4,4,0,0.0
2026-08-01T09:03:08,cash,CITROEN,C5 AIRCROSS,14,0,0.0
2026-08-01T09:03:08,cash,CITROEN,C5 X,4,0,0.0
2026-08-01T09:03:08,cash,CITROEN,E-C4,1,1,1.0
2026-08-01T09:03:08,cash,CITROEN,GRAND C4 SPACETOURER,1,0,0.0
2026-08-01T09:03:08,cash,CITROEN,JUMPY,5,0,0.0
2026-08-01T09:03:08,cash,CUPRA,FORMENTOR,1,0,0.0
2026-08-01T09:03:08,cash,DACIA,SANDERO,1,0,0.0
2026-08-01T09:03:08,cash,DS,DS3,1,0,0.0
2026-08-01T09:03:08,cash,DS,DS3 CROSSBACK,2,1,0.5
2026-08-01T09:03:08,cash,DS,DS4,1,0,0.0
2026-08-01T09:03:08,cash,DS,DS7,2,0,0.0
2026-08-01T09:03:08,cash,FIAT,500,1,0,0.0
2026-08-01T09:03:08,cash,FORD,KUGA,8,0,0.0
2026-08-01T09:03:08,cash,FORD,PUMA,1,0,0.0
2026-08-01T09:03:08,cash,FORD,TRANSIT CUSTOM,1,0,0.0
2026-08-01T09:03:08,cash,HYUNDAI,I30,1,0,0.0
2026-08-01T09:03:08,cash,HYUNDAI,IONIQ,1,1,1.0
2026-08-01T09:03:08,cash,HYUNDAI,SANTA FE,1,0,0.0
2026-08-01T09:03:08,cash,HYUNDAI,TUCSON,8,0,0.0
2026-08-01T09:03:08,cash,JEEP,AVENGER,2,2,1.0
2026-08-01T09:03:08,cash,KIA,CEED,4,0,0.0
2026-08-01T09:03:08,cash,KIA,NIRO,1,0,0.0
2026-08-01T09:03:08,cash,KIA,NIRO EV,8,8,1.0
2026-08-01T09:03:08,cash,KIA,PICANTO,1,0,0.0
2026-08-01T09:03:08,cash,KIA,PROCEED,1,0,0.0
2026-08-01T09:03:08,cash,KIA,RIO,2,0,0.0
2026-08-01T09:03:08,cash,KIA,SORENTO,2,0,0.0
2026-08-01T09:03:08,cash,KIA,SPORTAGE,9,0,0.0
2026-08-01T09:03:08,cash,KIA,STONIC,11,0,0.0
2026-08-01T09:03:08,cash,KIA,XCEED,1,0,0.0
2026-08-01T09:03:08,cash,MERCEDES-BENZ,CLASSE A,4,0,0.0
2026-08-01T09:03:08,cash,MERCEDES-BENZ,CLASSE CLA,1,0,0.0
2026-08-01T09:03:08,cash,MERCEDES-BENZ,CLASSE GLA,1,0,0.0
2026-08-01T09:03:08,cash,MERCEDES-BENZ,EQA,1,1,1.0
2026-08-01T09:03:08,cash,MERCEDES-BENZ,GLB,1,0,0.0
2026-08-01T09:03:08,cash,MG,MG5,1,1,1.0
2026-08-01T09:03:08,cash,NISSAN,JUKE,1,0,0.0
2026-08-01T09:03:08,cash,NISSAN,LEAF,1,1,1.0
2026-08-01T09:03:08,cash,NISSAN,QASHQAI,9,0,0.0
2026-08-01T09:03:08,cash,NISSAN,X-TRAIL,1,0,0.0
2026-08-01T09:03:08,cash,OPEL,ASTRA,1,0,0.0
2026-08-01T09:03:08,cash,OPEL,CORSA,3,0,0.0
2026-08-01T09:03:08,cash,OPEL,CROSSLAND,2,0,0.0
2026-08-01T09:03:08,cash,OPEL,GRANDLAND,1,0,0.0
2026-08-01T09:03:08,cash,OPEL,GRANDLAND X,1,0,0.0
2026-08-01T09:03:08,cash,PEUGEOT,108,1,0,0.0
2026-08-01T09:03:08,cash,PEUGEOT,2008,26,0,0.0
2026-08-01T09:03:08,cash,PEUGEOT,208,8,0,0.0
2026-08-01T09:03:08,cash,PEUGEOT,3008,36,0,0.0
2026-08-01T09:03:08,cash,PEUGEOT,308,10,0,0.0
2026-08-01T09:03:08,cash,PEUGEOT,308 SW,2,0,0.0
2026-08-01T09:03:08,cash,PEUGEOT,408,1,0,0.0
2026-08-01T09:03:08,cash,PEUGEOT,5008,13,0,0.0
2026-08-01T09:03:08,cash,PEUGEOT,E-2008,14,14,1.0
2026-08-01T09:03:08,cash,PEUGEOT,E-208,5,5,1.0
2026-08-01T09:03:08,cash,PEUGEOT,E-308,2,2,1.0
2026-08-01T09:03:08,cash,PEUGEOT,EXPERT,3,0,0.0
2026-08-01T09:03:08,cash,PEUGEOT,PARTNER,9,0,0.0
2026-08-01T09:03:08,cash,RENAULT,ARKANA,14,0,0.0
2026-08-01T09:03:08,cash,RENAULT,AUSTRAL,3,0,0.0
2026-08-01T09:03:08,cash,RENAULT,CAPTUR,18,0,0.0
2026-08-01T09:03:08,cash,RENAULT,CLIO,31,0,0.0
2026-08-01T09:03:08,cash,RENAULT,ESPACE,1,0,0.0
2026-08-01T09:03:08,cash,RENAULT,EXPRESS,20,0,0.0
2026-08-01T09:03:08,cash,RENAULT,KADJAR,1,0,0.0
2026-08-01T09:03:08,cash,RENAULT,KANGOO,4,0,0.0
2026-08-01T09:03:08,cash,RENAULT,MASTER,1,0,0.0
2026-08-01T09:03:08,cash,RENAULT,MEGANE,16,0,0.0
2026-08-01T09:03:08,cash,RENAULT,MEGANE E-TECH,5,1,0.2
2026-08-01T09:03:08,cash,RENAULT,SCENIC,6,0,0.0
2026-08-01T09:03:08,cash,RENAULT,SYMBIOZ,1,0,0.0
2026-08-01T09:03:08,cash,RENAULT,TRAFIC,6,0,0.0
2026-08-01T09:03:08,cash,RENAULT,TWINGO,1,0,0.0
2026-08-01T09:03:08,cash,RENAULT,ZOE,1,1,1.0
2026-08-01T09:03:08,cash,SEAT,ARONA,1,0,0.0
2026-08-01T09:03:08,cash,SKODA,FABIA,6,0,0.0
2026-08-01T09:03:08,cash,SKODA,KAMIQ,5,0,0.0
2026-08-01T09:03:08,cash,SKODA,KAROQ,1,0,0.0
2026-08-01T09:03:08,cash,SKODA,KODIAQ,1,0,0.0
2026-08-01T09:03:08,cash,SMART,1,1,1,1.0
2026-08-01T09:03:08,cash,SUZUKI,SWIFT,1,0,0.0
2026-08-01T09:03:08,cash,TESLA,MODEL 3,5,5,1.0
2026-08-01T09:03:08,cash,TESLA,MODEL Y,7,7,1.0
2026-08-01T09:03:08,cash,TOYOTA,AYGO X,3,0,0.0
2026-08-01T09:03:08,cash,TOYOTA,C-HR,5,0,0.0
2026-08-01T09:03:08,cash,TOYOTA,COROLLA,4,0,0.0
2026-08-01T09:03:08,cash,TOYOTA,COROLLA TS,11,0,0.0
2026-08-01T09:03:08,cash,TOYOTA,PROACE CITY,1,0,0.0
2026-08-01T09:03:08,cash,TOYOTA,RAV4 HSD,3,0,0.0
2026-08-01T09:03:08,cash,TOYOTA,RAV4 PLUG IN,4,0,0.0
2026-08-01T09:03:08,cash,TOYOTA,YARIS,1,0,0.0
2026-08-01T09:03:08,cash,TOYOTA,YARIS HYBRID,2,0,0.0
2026-08-01T09:03:08,cash,VOLKSWAGEN,GOLF,7,0,0.0
2026-08-01T09:03:08,cash,VOLKSWAGEN,ID.3,2,2,1.0
2026-08-01T09:03:08,cash,VOLKSWAGEN,POLO,5,0,0.0
2026-08-01T09:03:08,cash,VOLKSWAGEN,T-ROC,8,0,0.0
2026-08-01T09:03:08,cash,VOLKSWAGEN,TAIGO,1,0,0.0
2026-08-01T09:03:08,cash,VOLKSWAGEN,TIGUAN,5,0,0.0
2026-08-01T09:03:08,cash,VOLKSWAGEN,TIGUAN ALLSPACE,3,0,0.0
2026-08-01T09:03:08,cash,VOLKSWAGEN,TOURAN,2,0,0.0
2026-08-01T09:03:08,cash,VOLKSWAGEN,TRANSPORTER,1,0,0.0
2026-08-02T09:07:10,leasing,AUDI,A1 SPORTBACK,1,0,0.0
2026-08-02T09:07:10,leasing,AUDI,A3 SPORTBACK,5,0,0.0
2026-08-02T09:07:10,leasing,AUDI,Q4 E-TRON SPORTBACK,1,1,1.0
2026-08-02T09:07:10,leasing,BMW,IX1,2,2,1.0
2026-08-02T09:07:10,leasing,BMW,IX3,1,1,1.0
2026-08-02T09:07:10,leasing,BMW,SERIE 1,8,0,0.0
2026-08-02T09:07:10,leasing,BMW,SERIE 2 ACTIVE TOURE,1,0,0.0
2026-08-02T09:07:10,leasing,BMW,SERIE 2 GRAN TOURER,1,0,0.0
2026-08-02T09:07:10,leasing,BMW,X1,11,0,0.0
2026-08-02T09:07:10,leasing,BMW,X2,1,0,0.0
2026-08-02T09:07:10,leasing,BMW,X3,3,0,0.0
2026-08-02T09:07:10,leasing,CITROEN,BERLINGO,5,0,0.0
2026-08-02T09:07:10,leasing,CITROEN,C3,5,0,0.0
2026-08-02T09:07:10,leasing,CITROEN,C3 AIRCROSS,7,0,0.0
2026-08-02T09:07:10,leasing,CITROEN,C4,4,0,0.0
2026-08-02T09:07:10,leasing,CITROEN,C5 AIRCROSS,14,0,0.0
2026-08-02T09:07:10,leasing,CITROEN,C5 X,4,0,0.0
2026-08-02T09:07:10,leasing,CITROEN,GRAND C4 SPACETOURER,1,0,0.0
2026-08-02T09:07:10,leasing,CITROEN,JUMPY,5,0,0.0
2026-08-02T09:07:10,leasing,CUPRA,FORMENTOR,2,0,0.0
2026-08-02T09:07:10,leasing,DACIA,SANDERO,1,0,0.0
2026-08-02T09:07:10,leasing,DS,DS3,1,0,0.0
2026-08-02T09:07:10,leasing,DS,DS3 CROSSBACK,2,1,0.5
2026-08-02T09:07:10,leasing,DS,DS4,1,0,0.0
2026-08-02T09:07:10,leasing,DS,DS7,2,0,0.0
2026-08-02T09:07:10,leasing,FIAT,500,1,0,0.0
2026-08-02T09:07:10,leasing,FORD,KUGA,8,0,0.0
2026-08-02T09:07:10,leasing,FORD,PUMA,1,0,0.0
2026-08-02T09:07:10,leasing,HYUNDAI,I30,1,0,0.0
2026-08-02T09:07:10,leasing,HYUNDAI,IONIQ,1,1,1.0
2026-08-02T09:07:10,leasing,HYUNDAI,SANTA FE,1,0,0.0
2026-08-02T09:07:10,leasing,HYUNDAI,TUCSON,8,0,0.0
2026-08-02T09:07:10,leasing,JEEP,AVENGER,2,2,1.0
2026-08-02T09:07:10,leasing,KIA,CEED,4,0,0.0
2026-08-02T09:07:10,leasing,KIA,NIRO,1,0,0.0
2026-08-02T09:07:10,leasing,KIA,NIRO EV,7,7,1.0
2026-08-02T09:07:10,leasing,KIA,PICANTO,1,0,0.0
2026-08-02T09:07:10,leasing,KIA,PROCEED,1,0,0.0
2026-08-02T09:07:10,leasing,KIA,RIO,2,0,0.0
2026-08-02T09:07:10,leasing,KIA,SORENTO,2,0,0.0
2026-08-02T09:07:10,leasing,KIA,SPORTAGE,10,0,0.0
2026-08-02T09:07:10,leasing,KIA,STONIC,11,0,0.0
2026-08-02T09:07:10,leasing,KIA,XCEED,1,0,0.0
2026-08-02T09:07:10,leasing,MERCEDES-BENZ,CLA COUPE,1,0,0.0
2026-08-02T09:07:10,leasing,MERCEDES-BENZ,CLASSE A,2,0,0.0
2026-08-02T09:07:10,leasing,MERCEDES-BENZ,CLASSE CLA,1,0,0.0
2026-08-02T09:07:10,leasing,MERCEDES-BENZ,CLASSE GLA,1,0,0.0
2026-08-02T09:07:10,leasing,MG,MG5,1,1,1.0
2026-08-02T09:07:10,leasing,NISSAN,JUKE,1,0,0.0
2026-08-02T09:07:10,leasing,NISSAN,LEAF,1,1,1.0
2026-08-02T09:07:10,leasing,NISSAN,QASHQAI,9,0,0.0
2026-08-02T09:07:10,leasing,NISSAN,X-TRAIL,1,0,0.0
2026-08-02T09:07:10,leasing,OPEL,ASTRA,1,0,0.0
2026-08-02T09:07:10,leasing,OPEL,CORSA,3,0,0.0
2026-08-02T09:07:10,leasing,OPEL,CROSSLAND,2,0,0.0
2026-08-02T09:07:10,leasing,OPEL,GRANDLAND,1,0,0.0
2026-08-02T09:07:10,leasing,PEUGEOT,2008,25,0,0.0
2026-08-02T09:07:10,leasing,PEUGEOT,208,7,0,0.0
2026-08-02T09:07:10,leasing,PEUGEOT,3008,32,0,0.0
2026-08-02T09:07:10,leasing,PEUGEOT,308,10,0,0.0
2026-08-02T09:07:10,leasing,PEUGEOT,308 SW,2,0,0.0
2026-08-02T09:07:10,leasing,PEUGEOT,408,1,0,0.0
2026-08-02T09:07:10,leasing,PEUGEOT,5008,13,0,0.0
2026-08-02T09:07:10,leasing,PEUGEOT,E-2008,14,14,1.0
2026-08-02T09:07:10,leasing,PEUGEOT,E-208,4,4,1.0
2026-08-02T09:07:10,leasing,PEUGEOT,EXPERT,3,0,0.0
2026-08-02T09:07:10,leasing,PEUGEOT,PARTNER,8,0,0.0
2026-08-02T09:07:10,leasing,RENAULT,ARKANA,14,0,0.0
2026-08-02T09:07:10,leasing,RENAULT,AUSTRAL,4,0,0.0
2026-08-02T09:07:10,leasing,RENAULT,CAPTUR,15,0,0.0
2026-08-02T09:07:10,leasing,RENAULT,CLIO,25,0,0.0
2026-08-02T09:07:10,leasing,RENAULT,ESPACE,1,0,0.0
2026-08-02T09:07:10,leasing,RENAULT,EXPRESS,20,0,0.0
2026-08-02T09:07:10,leasing,RENAULT,KANGOO,4,0,0.0
2026-08-02T09:07:10,leasing,RENAULT,MASTER,1,0,0.0
2026-08-02T09:07:10,leasing,RENAULT,MEGANE,13,0,0.0
2026-08-02T09:07:10,leasing,RENAULT,SCENIC,6,0,0.0
2026-08-02T09:07:10,leasing,RENAULT,TRAFIC,6,0,0.0
2026-08-02T09:07:10,leasing,RENAULT,ZOE,1,1,1.0
2026-08-02T09:07:10,leasing,SEAT,ARONA,1,0,0.0
2026-08-02T09:07:10,leasing,SKODA,FABIA,6,0,0.0
2026-08-02T09:07:10,leasing,SKODA,KAMIQ,5,0,0.0
2026-08-02T09:07:10,leasing,SKODA,KODIAQ,2,0,0.0
2026-08-02T09:07:10,leasing,SUZUKI,SWIFT,1,0,0.0
2026-08-02T09:07:10,leasing,TESLA,MODEL 3,3,3,1.0
2026-08-02T09:07:10,leasing,TESLA,MODEL Y,8,8,1.0
2026-08-02T09:07:10,leasing,TOYOTA,AYGO X,3,0,0.0
2026-08-02T09:07:10,leasing,TOYOTA,C-HR,4,0,0.0
2026-08-02T09:07:10,leasing,TOYOTA,COROLLA,4,0,0.0
2026-08-02T09:07:10,leasing,TOYOTA,COROLLA TS,11,0,0.0
2026-08-02T09:07:10,leasing,TOYOTA,PROACE CITY,1,0,0.0
2026-08-02T09:07:10,leasing,TOYOTA,RAV4 HSD,2,0,0.0
2026-08-02T09:07:10,leasing,TOYOTA,RAV4 PLUG IN,4,0,0.0
2026-08-02T09:07:10,leasing,TOYOTA,YARIS,1,0,0.0
2026-08-02T09:07:10,leasing,TOYOTA,YARIS HYBRID,2,0,0.0
2026-08-02T09:07:10,leasing,VOLKSWAGEN,GOLF,8,0,0.0
2026-08-02T09:07:10,leasing,VOLKSWAGEN,ID.3,2,2,1.0
2026-08-02T09:07:10,leasing,VOLKSWAGEN,POLO,4,0,0.0
2026-08-02T09:07:10,leasing,VOLKSWAGEN,T-ROC,6,0,0.0
2026-08-02T09:07:10,leasing,VOLKSWAGEN,TAIGO,2,0,0.0
2026-08-02T09:07:10,leasing,VOLKSWAGEN,TIGUAN,5,0,0.0
2026-08-02T09:07:10,leasing,VOLKSWAGEN,TIGUAN ALLSPACE,1,0,0.0
2026-08-02T09:07:10,leasing,VOLKSWAGEN,TOURAN,2,0,0.0
2026-08-02T09:07:10,leasing,VOLKSWAGEN,TRANSPORTER,1,0,0.0
2026-08-02T09:07:10,cash,AUDI,A1 SPORTBACK,1,0,0.0
2026-08-02T09:07:10,cash,AUDI,A3 SPORTBACK,5,0,0.0
2026-08-02T09:07:10,cash,AUDI,Q4 E-TRON SPORTBACK,1,1,1.0
2026-08-02T09:07:10,cash,BMW,IX1,2,2,1.0
2026-08-02T09:07:10,cash,BMW,IX3,1,1,1.0
2026-08-02T09:07:10,cash,BMW,SERIE 1,8,0,0.0
2026-08-02T09:07:10,cash,BMW,SERIE 2 ACTIVE TOURE,2,0,0.0
2026-08-02T09:07:10,cash,BMW,SERIE 2 GRAN TOURER,1,0,0.0
2026-08-02T09:07:10,cash,BMW,X1,12,0,0.0
2026-08-02T09:07:10,cash,BMW,X2,1,0,0.0
2026-08-02T09:07:10,cash,BMW,X3,3,0,0.0
2026-08-02T09:07:10,cash,BMW,X5,1,0,0.0
2026-08-02T09:07:10,cash,CITROEN,BERLINGO,6,0,0.0
2026-08-02T09:07:10,cash,CITROEN,C3,6,0,0.0
2026-08-02T09:07:10,cash,CITROEN,C3 AIRCROSS,7,0,0.0
2026-08-02T09:07:10,cash,CITROEN,C4,4,0,0.0
2026-08-02T09:07:10,cash,CITROEN,C5 AIRCROSS,14,0,0.0
2026-08-02T09:07:10,cash,CITROEN,C5 X,4,0,0.0
2026-08-02T09:07:10,cash,CITROEN,E-C4,1,1,1.0
2026-08-02T09:07:10,cash,CITROEN,GRAND C4 SPACETOURER,1,0,0.0
2026-08-02T09:07:10,cash,CITROEN,JUMPY,5,0,0.0
2026-08-02T09:07:10,cash,CUPRA,FORMENTOR,2,0,0.0
2026-08-02T09:07:10,cash,DACIA,SANDERO,1,0,0.0
2026-08-02T09:07:10,cash,DS,DS3,1,0,0.0
2026-08-02T09:07:10,cash,DS,DS3 CROSSBACK,2,1,0.5
2026-08-02T09:07:10,cash,DS,DS4,1,0,0.0
2026-08-02T09:07:10,cash,DS,DS7,2,0,0.0
2026-08-02T09:07:10,cash,FIAT,500,1,0,0.0
2026-08-02T09:07:10,cash,FORD,KUGA,9,0,0.0
2026-08-02T09:07:10,cash,FORD,PUMA,1,0,0.0
2026-08-02T09:07:10,cash,FORD,TRANSIT CUSTOM,1,0,0.0
2026-08-02T09:07:10,cash,HYUNDAI,I30,1,0,0.0
2026-08-02T09:07:10,cash,HYUNDAI,IONIQ,1,1,1.0
2026-08-02T09:07:10,cash,HYUNDAI,SANTA FE,1,0,0.0
2026-08-02T09:07:10,cash,HYUNDAI,TUCSON,8,0,0.0
2026-08-02T09:07:10,cash,JEEP,AVENGER,2,2,1.0
2026-08-02T09:07:10,cash,KIA,CEED,4,0,0.0
2026-08-02T09:07:10,cash,KIA,NIRO,1,0,0.0
2026-08-02T09:07:10,cash,KIA,NIRO EV,7,7,1.0
2026-08-02T09:07:10,cash,KIA,PICANTO,1,0,0.0
2026-08-02T09:07:10,cash,KIA,PROCEED,1,0,0.0
2026-08-02T09:07:10,cash,KIA,RIO,2,0,0.0
2026-08-02T09:07:10,cash,KIA,SORENTO,2,0,0.0
2026-08-02T09:07:10,cash,KIA,SPORTAGE,10,0,0.0
2026-08-02T09:07:10,cash,KIA,STONIC,11,0,0.0
2026-08-02T09:07:10,cash,KIA,XCEED,1,0,0.0
2026-08-02T09:07:10,cash,MERCEDES-BENZ,CLA COUPE,1,0,0.0
2026-08-02T09:07:10,cash,MERCEDES-BENZ,CLASSE A,4,0,0.0
2026-08-02T09:07:10,cash,MERCEDES-BENZ,CLASSE CLA,1,0,0.0
2026-08-02T09:07:10,cash,MERCEDES-BENZ,CLASSE GLA,1,0,0.0
2026-08-02T09:07:10,cash,MERCEDES-BENZ,EQA,1,1,1.0
2026-08-02T09:07:10,cash,MERCEDES-BENZ,GLB,1,0,0.0
2026-08-02T09:07:10,cash,MG,MG5,1,1,1.0
2026-08-02T09:07:10,cash,NISSAN,JUKE,1,0,0.0
2026-08-02T09:07:10,cash,NISSAN,LEAF,1,1,1.0
2026-08-02T09:07:10,cash,NISSAN,QASHQAI,10,0,0.0
2026-08-02T09:07:10,cash,NISSAN,X-TRAIL,1,0,0.0
2026-08-02T09:07:10,cash,OPEL,ASTRA,1,0,0.0
2026-08-02T09:07:10,cash,OPEL,CORSA,3,0,0.0
2026-08-02T09:07:10,cash,OPEL,CROSSLAND,2,0,0.0
2026-08-02T09:07:10,cash,OPEL,GRANDLAND,1,0,0.0
2026-08-02T09:07:10,cash,OPEL,GRANDLAND X,1,0,0.0
2026-08-02T09:07:10,cash,PEUGEOT,108,1,0,0.0
2026-08-02T09:07:10,cash,PEUGEOT,2008,26,0,0.0
2026-08-02T09:07:10,cash,PEUGEOT,208,8,0,0.0
2026-08-02T09:07:10,cash,PEUGEOT,3008,37,0,0.0
2026-08-02T09:07:10,cash,PEUGEOT,308,10,0,0.0
2026-08-02T09:07:10,cash,PEUGEOT,308 SW,2,0,0.0
2026-08-02T09:07:10,cash,PEUGEOT,408,1,0,0.0
2026-08-02T09:07:10,cash,PEUGEOT,5008,13,0,0.0
2026-08-02T09:07:10,cash,PEUGEOT,E-2008,14,14,1.0
2026-08-02T09:07:10,cash,PEUGEOT,E-208,5,5,1.0
2026-08-02T09:07:10,cash,PEUGEOT,E-308,2,2,1.0
2026-08-02T09:07:10,cash,PEUGEOT,EXPERT,3,0,0.0
2026-08-02T09:07:10,cash,PEUGEOT,PARTNER,9,0,0.0
2026-08-02T09:07:10,cash,RENAULT,ARKANA,14,0,0.0
2026-08-02T09:07:10,cash,RENAULT,AUSTRAL,4,0,0.0
2026-08-02T09:07:10,cash,RENAULT,CAPTUR,16,0,0.0
2026-08-02T09:07:10,cash,RENAULT,CLIO,29,0,0.0
2026-08-02T09:07:10,cash,RENAULT,ESPACE,1,0,0.0
2026-08-02T09:07:10,cash,RENAULT,EXPRESS,20,0,0.0
2026-08-02T09:07:10,cash,RENAULT,KADJAR,1,0,0.0
2026-08-02T09:07:10,cash,RENAULT,KANGOO,4,0,0.0
2026-08-02T09:07:10,cash,RENAULT,MASTER,1,0,0.0
2026-08-02T09:07:10,cash,RENAULT,MEGANE,16,0,0.0
2026-08-02T09:07:10,cash,RENAULT,MEGANE E-TECH,1,1,1.0
2026-08-02T09:07:10,cash,RENAULT,SCENIC,6,0,0.0
2026-08-02T09:07:10,cash,RENAULT,SYMBIOZ,1,0,0.0
2026-08-02T09:07:10,cash,RENAULT,TRAFIC,6,0,0.0
2026-08-02T09:07:10,cash,RENAULT,TWINGO,1,0,0.0
2026-08-02T09:07:10,cash,RENAULT,ZOE,1,1,1.0
2026-08-02T09:07:10,cash,SEAT,ARONA,1,0,0.0
2026-08-02T09:07:10,cash,SKODA,FABIA,6,0,0.0
2026-08-02T09:07:10,cash,SKODA,KAMIQ,5,0,0.0
2026-08-02T09:07:10,cash,SKODA,KAROQ,1,0,0.0
2026-08-02T09:07:10,cash,SKODA,KODIAQ,2,0,0.0
2026-08-02T09:07:10,cash,SMART,1,1,1,1.0
2026-08-02T09:07:10,cash,SUZUKI,SWIFT,1,0,0.0
2026-08-02T09:07:10,cash,TESLA,MODEL 3,5,5,1.0
2026-08-02T09:07:10,cash,TESLA,MODEL Y,8,8,1.0
2026-08-02T09:07:10,cash,TOYOTA,AYGO X,3,0,0.0
2026-08-02T09:07:10,cash,TOYOTA,C-HR,5,0,0.0
2026-08-02T09:07:10,cash,TOYOTA,COROLLA,4,0,0.0
2026-08-02T09:07:10,cash,TOYOTA,COROLLA TS,11,0,0.0
2026-08-02T09:07:10,cash,TOYOTA,PROACE CITY,1,0,0.0
2026-08-02T09:07:10,cash,TOYOTA,RAV4 HSD,3,0,0.0
2026-08-02T09:07:10,cash,TOYOTA,RAV4 PLUG IN,4,0,0.0
2026-08-02T09:07:10,cash,TOYOTA,YARIS,1,0,0.0
2026-08-02T09:07:10,cash,TOYOTA,YARIS HYBRID,2,0,0.0
2026-08-02T09:07:10,cash,VOLKSWAGEN,GOLF,8,0,0.0
2026-08-02T09:07:10,cash,VOLKSWAGEN,ID.3,2,2,1.0
2026-08-02T09:07:10,cash,VOLKSWAGEN,POLO,5,0,0.0
2026-08-02T09:07:10,cash,VOLKSWAGEN,T-ROC,7,0,0.0
2026-08-02T09:07:10,cash,VOLKSWAGEN,TAIGO,2,0,0.0
2026-08-02T09:07:10,cash,VOLKSWAGEN,TIGUAN,5,0,0.0
2026-08-02T09:07:10,cash,VOLKSWAGEN,TIGUAN ALLSPACE,3,0,0.0
2026-08-02T09:07:10,cash,VOLKSWAGEN,TOURAN,2,0,0.0
2026-08-02T09:07:10,cash,VOLKSWAGEN,TRANSPORTER,1,0,0.0
2026-08-03T10:39:25,leasing,AUDI,A1 SPORTBACK,1,0,0.0
2026-08-03T10:39:25,leasing,AUDI,A3 SPORTBACK,4,0,0.0
2026-08-03T10:39:25,leasing,BMW,IX1,1,1,1.0
2026-08-03T10:39:25,leasing,BMW,IX3,1,1,1.0
2026-08-03T10:39:25,leasing,BMW,SERIE 1,8,0,0.0
2026-08-03T10:39:25,leasing,BMW,SERIE 2 ACTIVE TOURE,1,0,0.0
2026-08-03T10:39:25,leasing,BMW,SERIE 2 GRAN TOURER,1,0,0.0
2026-08-03T10:39:25,leasing,BMW,X1,11,0,0.0
2026-08-03T10:39:25,leasing,BMW,X2,1,0,0.0
2026-08-03T10:39:25,leasing,BMW,X3,3,0,0.0
2026-08-03T10:39:25,leasing,CITROEN,BERLINGO,5,0,0.0
2026-08-03T10:39:25,leasing,CITROEN,C3,5,0,0.0
2026-08-03T10:39:25,leasing,CITROEN,C3 AIRCROSS,7,0,0.0
2026-08-03T10:39:25,leasing,CITROEN,C4,4,0,0.0
2026-08-03T10:39:25,leasing,CITROEN,C5 AIRCROSS,15,0,0.0
2026-08-03T10:39:25,leasing,CITROEN,C5 X,4,0,0.0
2026-08-03T10:39:25,leasing,CITROEN,GRAND C4 SPACETOURER,1,0,0.0
2026-08-03T10:39:25,leasing,CITROEN,JUMPY,5,0,0.0
2026-08-03T10:39:25,leasing,CUPRA,FORMENTOR,2,0,0.0
2026-08-03T10:39:25,leasing,DACIA,JOGGER,1,0,0.0
2026-08-03T10:39:25,leasing,DACIA,SANDERO,1,0,0.0
2026-08-03T10:39:25,leasing,DS,DS3,1,0,0.0
2026-08-03T10:39:25,leasing,DS,DS3 CROSSBACK,2,1,0.5
2026-08-03T10:39:25,leasing,DS,DS4,1,0,0.0
2026-08-03T10:39:25,leasing,DS,DS7,2,0,0.0
2026-08-03T10:39:25,leasing,FIAT,500,1,0,0.0
2026-08-03T10:39:25,leasing,FORD,KUGA,8,0,0.0
2026-08-03T10:39:25,leasing,FORD,PUMA,1,0,0.0
2026-08-03T10:39:25,leasing,HYUNDAI,I30,1,0,0.0
2026-08-03T10:39:25,leasing,HYUNDAI,IONIQ,1,1,1.0
2026-08-03T10:39:25,leasing,HYUNDAI,SANTA FE,1,0,0.0
2026-08-03T10:39:25,leasing,HYUNDAI,TUCSON,9,0,0.0
2026-08-03T10:39:25,leasing,JEEP,AVENGER,2,2,1.0
2026-08-03T10:39:25,leasing,KIA,CEED,4,0,0.0
2026-08-03T10:39:25,leasing,KIA,NIRO,1,0,0.0
2026-08-03T10:39:25,leasing,KIA,NIRO EV,7,7,1.0
2026-08-03T10:39:25,leasing,KIA,PICANTO,1,0,0.0
2026-08-03T10:39:25,leasing,KIA,PROCEED,1,0,0.0
2026-08-03T10:39:25,leasing,KIA,RIO,2,0,0.0
2026-08-03T10:39:25,leasing,KIA,SORENTO,2,0,0.0
2026-08-03T10:39:25,leasing,KIA,SPORTAGE,11,0,0.0
2026-08-03T10:39:25,leasing,KIA,STONIC,11,0,0.0
2026-08-03T10:39:25,leasing,KIA,XCEED,1,0,0.0
2026-08-03T10:39:25,leasing,MERCEDES-BENZ,CLA COUPE,1,0,0.0
2026-08-03T10:39:25,leasing,MERCEDES-BENZ,CLASSE A,2,0,0.0
2026-08-03T10:39:25,leasing,MERCEDES-BENZ,CLASSE CLA,1,0,0.0
2026-08-03T10:39:25,leasing,MERCEDES-BENZ,CLASSE GLA,1,0,0.0
2026-08-03T10:39:25,leasing,MG,MG5,1,1,1.0
2026-08-03T10:39:25,leasing,MINI,MINI,1,0,0.0
2026-08-03T10:39:25,leasing,NISSAN,JUKE,1,0,0.0
2026-08-03T10:39:25,leasing,NISSAN,LEAF,1,1,1.0
2026-08-03T10:39:25,leasing,NISSAN,QASHQAI,9,0,0.0
2026-08-03T10:39:25,leasing,NISSAN,X-TRAIL,1,0,0.0
2026-08-03T10:39:25,leasing,OPEL,ASTRA,1,0,0.0
2026-08-03T10:39:25,leasing,OPEL,CORSA,3,0,0.0
2026-08-03T10:39:25,leasing,OPEL,CROSSLAND,2,0,0.0
2026-08-03T10:39:25,leasing,OPEL,GRANDLAND,1,0,0.0
2026-08-03T10:39:25,leasing,PEUGEOT,2008,26,0,0.0
2026-08-03T10:39:25,leasing,PEUGEOT,208,7,0,0.0
2026-08-03T10:39:25,leasing,PEUGEOT,3008,33,0,0.0
2026-08-03T10:39:25,leasing,PEUGEOT,308,10,0,0.0
2026-08-03T10:39:25,leasing,PEUGEOT,308 SW,2,0,0.0
2026-08-03T10:39:25,leasing,PEUGEOT,408,1,0,0.0
2026-08-03T10:39:25,leasing,PEUGEOT,5008,13,0,0.0
2026-08-03T10:39:25,leasing,PEUGEOT,E-2008,13,13,1.0
2026-08-03T10:39:25,leasing,PEUGEOT,E-208,4,4,1.0
2026-08-03T10:39:25,leasing,PEUGEOT,EXPERT,3,0,0.0
2026-08-03T10:39:25,leasing,PEUGEOT,PARTNER,7,0,0.0
2026-08-03T10:39:25,leasing,RENAULT,ARKANA,15,0,0.0
2026-08-03T10:39:25,leasing,RENAULT,AUSTRAL,4,0,0.0
2026-08-03T10:39:25,leasing,RENAULT,CAPTUR,15,0,0.0
2026-08-03T10:39:25,leasing,RENAULT,CLIO,24,0,0.0
2026-08-03T10:39:25,leasing,RENAULT,ESPACE,1,0,0.0
2026-08-03T10:39:25,leasing,RENAULT,EXPRESS,20,0,0.0
2026-08-03T10:39:25,leasing,RENAULT,KANGOO,4,0,0.0
2026-08-03T10:39:25,leasing,RENAULT,MASTER,1,0,0.0
2026-08-03T10:39:25,leasing,RENAULT,MEGANE,13,0,0.0
2026-08-03T10:39:25,leasing,RENAULT,SCENIC,6,0,0.0
2026-08-03T10:39:25,leasing,RENAULT,TRAFIC,6,0,0.0
2026-08-03T10:39:25,leasing,RENAULT,ZOE,1,1,1.0
2026-08-03T10:39:25,leasing,SEAT,ARONA,1,0,0.0
2026-08-03T10:39:25,leasing,SKODA,FABIA,6,0,0.0
2026-08-03T10:39:25,leasing,SKODA,KAMIQ,5,0,0.0
2026-08-03T10:39:25,leasing,SKODA,KODIAQ,2,0,0.0
2026-08-03T10:39:25,leasing,SUZUKI,SWIFT,1,0,0.0
2026-08-03T10:39:25,leasing,TESLA,MODEL 3,3,3,1.0
2026-08-03T10:39:25,leasing,TESLA,MODEL Y,9,9,1.0
2026-08-03T10:39:25,leasing,TOYOTA,AYGO X,3,0,0.0
2026-08-03T10:39:25,leasing,TOYOTA,C-HR,4,0,0.0
2026-08-03T10:39:25,leasing,TOYOTA,COROLLA,3,0,0.0
2026-08-03T10:39:25,leasing,TOYOTA,COROLLA TS,11,0,0.0
2026-08-03T10:39:25,leasing,TOYOTA,PROACE CITY,1,0,0.0
2026-08-03T10:39:25,leasing,TOYOTA,RAV4 HSD,3,0,0.0
2026-08-03T10:39:25,leasing,TOYOTA,RAV4 PLUG IN,4,0,0.0
2026-08-03T10:39:25,leasing,TOYOTA,YARIS,1,0,0.0
2026-08-03T10:39:25,leasing,TOYOTA,YARIS HYBRID,2,0,0.0
2026-08-03T10:39:25,leasing,VOLKSWAGEN,GOLF,8,0,0.0
2026-08-03T10:39:25,leasing,VOLKSWAGEN,ID.3,2,2,1.0
2026-08-03T10:39:25,leasing,VOLKSWAGEN,POLO,5,0,0.0
2026-08-03T10:39:25,leasing,VOLKSWAGEN,T-ROC,6,0,0.0
2026-08-03T10:39:25,leasing,VOLKSWAGEN,TAIGO,2,0,0.0
2026-08-03T10:39:25,leasing,VOLKSWAGEN,TIGUAN,5,0,0.0
2026-08-03T10:39:25,leasing,VOLKSWAGEN,TIGUAN ALLSPACE,1,0,0.0
2026-08-03T10:39:25,leasing,VOLKSWAGEN,TOURAN,2,0,0.0
2026-08-03T10:39:25,leasing,VOLKSWAGEN,TRANSPORTER,1,0,0.0
2026-08-03T10:39:25,cash,AUDI,A1 SPORTBACK,1,0,0.0
2026-08-03T10:39:25,cash,AUDI,A3 SPORTBACK,4,0,0.0
2026-08-03T10:39:25,cash,BMW,IX1,1,1,1.0
2026-08-03T10:39:25,cash,BMW,IX3,1,1,1.0
2026-08-03T10:39:25,cash,BMW,SERIE 1,8,0,0.0
2026-08-03T10:39:25,cash,BMW,SERIE 2 ACTIVE TOURE,2,0,0.0
2026-08-03T10:39:25,cash,BMW,SERIE 2 GRAN TOURER,1,0,0.0
2026-08-03T10:39:25,cash,BMW,X1,12,0,0.0
2026-08-03T10:39:25,cash,BMW,X2,1,0,0.0
2026-08-03T10:39:25,cash,BMW,X3,3,0,0.0
2026-08-03T10:39:25,cash,BMW,X5,1,0,0.0
2026-08-03T10:39:25,cash,CITROEN,BERLINGO,6,0,0.0
2026-08-03T10:39:25,cash,CITROEN,C3,6,0,0.0
2026-08-03T10:39:25,cash,CITROEN,C3 AIRCROSS,7,0,0.0
2026-08-03T10:39:25,cash,CITROEN,C4,4,0,0.0
2026-08-03T10:39:25,cash,CITROEN,C5 AIRCROSS,15,0,0.0
2026-08-03T10:39:25,cash,CITROEN,C5 X,4,0,0.0
2026-08-03T10:39:25,cash,CITROEN,E-C4,1,1,1.0
2026-08-03T10:39:25,cash,CITROEN,GRAND C4 SPACETOURER,1,0,0.0
2026-08-03T10:39:25,cash,CITROEN,JUMPY,5,0,0.0
2026-08-03T10:39:25,cash,CUPRA,FORMENTOR,2,0,0.0
2026-08-03T10:39:25,cash,DACIA,JOGGER,1,0,0.0
2026-08-03T10:39:25,cash,DACIA,SANDERO,1,0,0.0
2026-08-03T10:39:25,cash,DS,DS3,1,0,0.0
2026-08-03T10:39:25,cash,DS,DS3 CROSSBACK,2,1,0.5
2026-08-03T10:39:25,cash,DS,DS4,1,0,0.0
2026-08-03T10:39:25,cash,DS,DS7,2,0,0.0
2026-08-03T10:39:25,cash,FIAT,500,1,0,0.0
2026-08-03T10:39:25,cash,FORD,KUGA,9,0,0.0
2026-08-03T10:39:25,cash,FORD,PUMA,1,0,0.0
2026-08-03T10:39:25,cash,FORD,TRANSIT CUSTOM,1,0,0.0
2026-08-03T10:39:25,cash,HYUNDAI,I30,1,0,0.0
2026-08-03T10:39:25,cash,HYUNDAI,IONIQ,1,1,1.0
2026-08-03T10:39:25,cash,HYUNDAI,SANTA FE,1,0,0.0
2026-08-03T10:39:25,cash,HYUNDAI,TUCSON,9,0,0.0
2026-08-03T10:39:25,cash,JEEP,AVENGER,2,2,1.0
2026-08-03T10:39:25,cash,KIA,CEED,4,0,0.0
2026-08-03T10:39:25,cash,KIA,NIRO,1,0,0.0
2026-08-03T10:39:25,cash,KIA,NIRO EV,7,7,1.0
2026-08-03T10:39:25,cash,KIA,PICANTO,1,0,0.0
2026-08-03T10:39:25,cash,KIA,PROCEED,1,0,0.0
2026-08-03T10:39:25,cash,KIA,RIO,2,0,0.0
2026-08-03T10:39:25,cash,KIA,SORENTO,2,0,0.0
2026-08-03T10:39:25,cash,KIA,SPORTAGE,11,0,0.0
2026-08-03T10:39:25,cash,KIA,STONIC,12,0,0.0
2026-08-03T10:39:25,cash,KIA,XCEED,1,0,0.0
2026-08-03T10:39:25,cash,MERCEDES-BENZ,CLA COUPE,1,0,0.0
2026-08-03T10:39:25,cash,MERCEDES-BENZ,CLASSE A,4,0,0.0
2026-08-03T10:39:25,cash,MERCEDES-BENZ,CLASSE CLA,1,0,0.0
2026-08-03T10:39:25,cash,MERCEDES-BENZ,CLASSE GLA,1,0,0.0
2026-08-03T10:39:25,cash,MERCEDES-BENZ,EQA,1,1,1.0
2026-08-03T10:39:25,cash,MERCEDES-BENZ,GLB,1,0,0.0
2026-08-03T10:39:25,cash,MG,MG5,1,1,1.0
2026-08-03T10:39:25,cash,MINI,MINI,1,0,0.0
2026-08-03T10:39:25,cash,NISSAN,JUKE,1,0,0.0
2026-08-03T10:39:25,cash,NISSAN,LEAF,1,1,1.0
2026-08-03T10:39:25,cash,NISSAN,QASHQAI,10,0,0.0
2026-08-03T10:39:25,cash,NISSAN,X-TRAIL,1,0,0.0
2026-08-03T10:39:25,cash,OPEL,ASTRA,1,0,0.0
2026-08-03T10:39:25,cash,OPEL,CORSA,3,0,0.0
2026-08-03T10:39:25,cash,OPEL,CROSSLAND,2,0,0.0
2026-08-03T10:39:25,cash,OPEL,GRANDLAND,1,0,0.0
2026-08-03T10:39:25,cash,OPEL,GRANDLAND X,1,0,0.0
2026-08-03T10:39:25,cash,PEUGEOT,108,1,0,0.0
2026-08-03T10:39:25,cash,PEUGEOT,2008,27,0,0.0
2026-08-03T10:39:25,cash,PEUGEOT,208,8,0,0.0
2026-08-03T10:39:25,cash,PEUGEOT,3008,38,0,0.0
2026-08-03T10:39:25,cash,PEUGEOT,308,10,0,0.0
2026-08-03T10:39:25,cash,PEUGEOT,308 SW,2,0,0.0
2026-08-03T10:39:25,cash,PEUGEOT,408,1,0,0.0
2026-08-03T10:39:25,cash,PEUGEOT,5008,13,0,0.0
2026-08-03T10:39:25,cash,PEUGEOT,E-2008,13,13,1.0
2026-08-03T10:39:25,cash,PEUGEOT,E-208,5,5,1.0
2026-08-03T10:39:25,cash,PEUGEOT,E-308,2,2,1.0
2026-08-03T10:39:25,cash,PEUGEOT,EXPERT,3,0,0.0
2026-08-03T10:39:25,cash,PEUGEOT,PARTNER,8,0,0.0
2026-08-03T10:39:25,cash,RENAULT,ARKANA,15,0,0.0
2026-08-03T10:39:25,cash,RENAULT,AUSTRAL,5,0,0.0
2026-08-03T10:39:25,cash,RENAULT,CAPTUR,16,0,0.0
2026-08-03T10:39:25,cash,RENAULT,CLIO,28,0,0.0
2026-08-03T10:39:25,cash,RENAULT,ESPACE,1,0,0.0
2026-08-03T10:39:25,cash,RENAULT,EXPRESS,20,0,0.0
2026-08-03T10:39:25,cash,RENAULT,KADJAR,1,0,0.0
2026-08-03T10:39:25,cash,RENAULT,KANGOO,4,0,0.0
2026-08-03T10:39:25,cash,RENAULT,MASTER,1,0,0.0
2026-08-03T10:39:25,cash,RENAULT,MEGANE,16,0,0.0
2026-08-03T10:39:25,cash,RENAULT,MEGANE E-TECH,1,1,1.0
2026-08-03T10:39:25,cash,RENAULT,SCENIC,6,0,0.0
2026-08-03T10:39:25,cash,RENAULT,SYMBIOZ,1,0,0.0
2026-08-03T10:39:25,cash,RENAULT,TRAFIC,6,0,0.0
2026-08-03T10:39:25,cash,RENAULT,TWINGO,1,0,0.0
2026-08-03T10:39:25,cash,RENAULT,ZOE,1,1,1.0
2026-08-03T10:39:25,cash,SEAT,ARONA,1,0,0.0
2026-08-03T10:39:25,cash,SKODA,FABIA,6,0,0.0
2026-08-03T10:39:25,cash,SKODA,KAMIQ,5,0,0.0
2026-08-03T10:39:25,cash,SKODA,KAROQ,1,0,0.0
2026-08-03T10:39:25,cash,SKODA,KODIAQ,2,0,0.0
2026-08-03T10:39:25,cash,SMART,1,1,1,1.0
2026-08-03T10:39:25,cash,SUZUKI,SWIFT,1,0,0.0
2026-08-03T10:39:25,cash,TESLA,MODEL 3,5,5,1.0
2026-08-03T10:39:25,cash,TESLA,MODEL Y,9,9,1.0
2026-08-03T10:39:25,cash,TOYOTA,AYGO X,3,0,0.0
2026-08-03T10:39:25,cash,TOYOTA,C-HR,5,0,0.0
2026-08-03T10:39:25,cash,TOYOTA,COROLLA,3,0,0.0
2026-08-03T10:39:25,cash,TOYOTA,COROLLA TS,11,0,0.0
2026-08-03T10:39:25,cash,TOYOTA,PROACE CITY,1,0,0.0
2026-08-03T10:39:25,cash,TOYOTA,RAV4 HSD,4,0,0.0
2026-08-03T10:39:25,cash,TOYOTA,RAV4 PLUG IN,4,0,0.0
2026-08-03T10:39:25,cash,TOYOTA,YARIS,1,0,0.0
2026-08-03T10:39:25,cash,TOYOTA,YARIS HYBRID,2,0,0.0
2026-08-03T10:39:25,cash,VOLKSWAGEN,GOLF,8,0,0.0
2026-08-03T10:39:25,cash,VOLKSWAGEN,ID.3,2,2,1.0
2026-08-03T10:39:25,cash,VOLKSWAGEN,POLO,8,0,0.0
2026-08-03T10:39:25,cash,VOLKSWAGEN,T-ROC,7,0,0.0
2026-08-03T10:39:25,cash,VOLKSWAGEN,TAIGO,2,0,0.0
2026-08-03T10:39:25,cash,VOLKSWAGEN,TIGUAN,5,0,0.0
2026-08-03T10:39:25,cash,VOLKSWAGEN,TIGUAN ALLSPACE,3,0,0.0
2026-08-03T10:39:25,cash,VOLKSWAGEN,TOURAN,2,0,0.0
2026-08-03T10:39:25,cash,VOLKSWAGEN,TRANSPORTER,1,0,0.0
2026-08-04T09:37:19,leasing,AUDI,A1 SPORTBACK,1,0,0.0
2026-08-04T09:37:19,leasing,AUDI,A3 SPORTBACK,4,0,0.0
2026-08-04T09:37:19,leasing,BMW,IX1,1,1,1.0
2026-08-04T09:37:19,leasing,BMW,IX3,1,1,1.0
2026-08-04T09:37:19,leasing,BMW,SERIE 1,7,0,0.0
2026-08-04T09:37:19,leasing,BMW,SERIE 2 ACTIVE TOURE,1,0,0.0
2026-08-04T09:37:19,leasing,BMW,X1,8,0,0.0
2026-08-04T09:37:19,leasing,BMW,X2,1,0,0.0
2026-08-04T09:37:19,leasing,BMW,X3,2,0,0.0
2026-08-04T09:37:19,leasing,CITROEN,BERLINGO,5,0,0.0
2026-08-04T09:37:19,leasing,CITROEN,C3,4,0,0.0
2026-08-04T09:37:19,leasing,CITROEN,C3 AIRCROSS,7,0,0.0
2026-08-04T09:37:19,leasing,CITROEN,C4,4,0,0.0
2026-08-04T09:37:19,leasing,CITROEN,C5 AIRCROSS,14,0,0.0
2026-08-04T09:37:19,leasing,CITROEN,C5 X,4,0,0.0
2026-08-04T09:37:19,leasing,CITROEN,GRAND C4 SPACETOURER,1,0,0.0
2026-08-04T09:37:19,leasing,CITROEN,JUMPY,5,0,0.0
2026-08-04T09:37:19,leasing,CUPRA,FORMENTOR,3,0,0.0
2026-08-04T09:37:19,leasing,DACIA,JOGGER,1,0,0.0
2026-08-04T09:37:19,leasing,DACIA,SANDERO,1,0,0.0
2026-08-04T09:37:19,leasing,DS,DS3,1,0,0.0
2026-08-04T09:37:19,leasing,DS,DS3 CROSSBACK,2,1,0.5
2026-08-04T09:37:19,leasing,DS,DS4,1,0,0.0
2026-08-04T09:37:19,leasing,DS,DS7,2,0,0.0
2026-08-04T09:37:19,leasing,FIAT,500,1,0,0.0
2026-08-04T09:37:19,leasing,FORD,KUGA,8,0,0.0
2026-08-04T09:37:19,leasing,FORD,PUMA,1,0,0.0
2026-08-04T09:37:19,leasing,HYUNDAI,I30,1,0,0.0
2026-08-04T09:37:19,leasing,HYUNDAI,IONIQ,1,1,1.0
2026-08-04T09:37:19,leasing,HYUNDAI,SANTA FE,1,0,0.0
2026-08-04T09:37:19,leasing,HYUNDAI,TUCSON,8,0,0.0
2026-08-04T09:37:19,leasing,JEEP,AVENGER,2,2,1.0
2026-08-04T09:37:19,leasing,KIA,CEED,4,0,0.0
2026-08-04T09:37:19,leasing,KIA,NIRO,1,0,0.0
2026-08-04T09:37:19,leasing,KIA,NIRO EV,7,7,1.0
2026-08-04T09:37:19,leasing,KIA,PICANTO,1,0,0.0
2026-08-04T09:37:19,leasing,KIA,PROCEED,1,0,0.0
2026-08-04T09:37:19,leasing,KIA,RIO,2,0,0.0
2026-08-04T09:37:19,leasing,KIA,SORENTO,1,0,0.0
2026-08-04T09:37:19,leasing,KIA,SPORTAGE,11,0,0.0
2026-08-04T09:37:19,leasing,KIA,STONIC,8,0,0.0
2026-08-04T09:37:19,leasing,KIA,XCEED,1,0,0.0
2026-08-04T09:37:19,leasing,MERCEDES-BENZ,CLA COUPE,1,0,0.0
2026-08-04T09:37:19,leasing,MERCEDES-BENZ,CLASSE A,2,0,0.0
2026-08-04T09:37:19,leasing,MERCEDES-BENZ,CLASSE CLA,2,0,0.0
2026-08-04T09:37:19,leasing,MG,MG5,1,1,1.0
2026-08-04T09:37:19,leasing,MINI,MINI,1,0,0.0
2026-08-04T09:37:19,leasing,NISSAN,JUKE,1,0,0.0
2026-08-04T09:37:19,leasing,NISSAN,LEAF,1,1,1.0
2026-08-04T09:37:19,leasing,NISSAN,QASHQAI,9,0,0.0
2026-08-04T09:37:19,leasing,NISSAN,X-TRAIL,1,0,0.0
2026-08-04T09:37:19,leasing,OPEL,ASTRA,1,0,0.0
2026-08-04T09:37:19,leasing,OPEL,CORSA,3,0,0.0
2026-08-04T09:37:19,leasing,OPEL,CROSSLAND,3,0,0.0
2026-08-04T09:37:19,leasing,OPEL,GRANDLAND,1,0,0.0
2026-08-04T09:37:19,leasing,PEUGEOT,2008,26,0,0.0
2026-08-04T09:37:19,leasing,PEUGEOT,208,7,0,0.0
2026-08-04T09:37:19,leasing,PEUGEOT,3008,30,0,0.0
2026-08-04T09:37:19,leasing,PEUGEOT,308,10,0,0.0
2026-08-04T09:37:19,leasing,PEUGEOT,308 SW,2,0,0.0
2026-08-04T09:37:19,leasing,PEUGEOT,408,1,0,0.0
2026-08-04T09:37:19,leasing,PEUGEOT,5008,13,0,0.0
2026-08-04T09:37:19,leasing,PEUGEOT,E-2008,13,13,1.0
2026-08-04T09:37:19,leasing,PEUGEOT,E-208,2,2,1.0
2026-08-04T09:37:19,leasing,PEUGEOT,EXPERT,3,0,0.0
2026-08-04T09:37:19,leasing,PEUGEOT,PARTNER,7,0,0.0
2026-08-04T09:37:19,leasing,RENAULT,ARKANA,15,0,0.0
2026-08-04T09:37:19,leasing,RENAULT,AUSTRAL,6,0,0.0
2026-08-04T09:37:19,leasing,RENAULT,CAPTUR,14,0,0.0
2026-08-04T09:37:19,leasing,RENAULT,CLIO,24,0,0.0
2026-08-04T09:37:19,leasing,RENAULT,ESPACE,1,0,0.0
2026-08-04T09:37:19,leasing,RENAULT,EXPRESS,17,0,0.0
2026-08-04T09:37:19,leasing,RENAULT,KANGOO,4,0,0.0
2026-08-04T09:37:19,leasing,RENAULT,MASTER,1,0,0.0
2026-08-04T09:37:19,leasing,RENAULT,MEGANE,11,0,0.0
2026-08-04T09:37:19,leasing,RENAULT,SCENIC,6,0,0.0
2026-08-04T09:37:19,leasing,RENAULT,TRAFIC,5,0,0.0
2026-08-04T09:37:19,leasing,RENAULT,ZOE,1,1,1.0
2026-08-04T09:37:19,leasing,SEAT,ARONA,1,0,0.0
2026-08-04T09:37:19,leasing,SKODA,ENYAQ,1,1,1.0
2026-08-04T09:37:19,leasing,SKODA,FABIA,6,0,0.0
2026-08-04T09:37:19,leasing,SKODA,KAMIQ,5,0,0.0
2026-08-04T09:37:19,leasing,SKODA,KODIAQ,2,0,0.0
2026-08-04T09:37:19,leasing,SUZUKI,SWIFT,1,0,0.0
2026-08-04T09:37:19,leasing,TESLA,MODEL 3,5,5,1.0
2026-08-04T09:37:19,leasing,TESLA,MODEL Y,9,9,1.0
2026-08-04T09:37:19,leasing,TOYOTA,AYGO X,3,0,0.0
2026-08-04T09:37:19,leasing,TOYOTA,C-HR,4,0,0.0
2026-08-04T09:37:19,leasing,TOYOTA,COROLLA,3,0,0.0
2026-08-04T09:37:19,leasing,TOYOTA,COROLLA TS,11,0,0.0
2026-08-04T09:37:19,leasing,TOYOTA,PROACE CITY,1,0,0.0
2026-08-04T09:37:19,leasing,TOYOTA,RAV4 HSD,3,0,0.0
2026-08-04T09:37:19,leasing,TOYOTA,RAV4 PLUG IN,4,0,0.0
2026-08-04T09:37:19,leasing,TOYOTA,YARIS,1,0,0.0
2026-08-04T09:37:19,leasing,TOYOTA,YARIS HYBRID,2,0,0.0
2026-08-04T09:37:19,leasing,VOLKSWAGEN,GOLF,8,0,0.0
2026-08-04T09:37:19,leasing,VOLKSWAGEN,ID.3,2,2,1.0
2026-08-04T09:37:19,leasing,VOLKSWAGEN,POLO,6,0,0.0
2026-08-04T09:37:19,leasing,VOLKSWAGEN,T-ROC,4,0,0.0
2026-08-04T09:37:19,leasing,VOLKSWAGEN,TAIGO,2,0,0.0
2026-08-04T09:37:19,leasing,VOLKSWAGEN,TIGUAN,5,0,0.0
2026-08-04T09:37:19,leasing,VOLKSWAGEN,TIGUAN ALLSPACE,1,0,0.0
2026-08-04T09:37:19,leasing,VOLKSWAGEN,TOURAN,2,0,0.0
2026-08-04T09:37:19,leasing,VOLKSWAGEN,TRANSPORTER,1,0,0.0
2026-08-04T09:37:19,cash,AUDI,A1 SPORTBACK,1,0,0.0
2026-08-04T09:37:19,cash,AUDI,A3 SPORTBACK,4,0,0.0
2026-08-04T09:37:19,cash,BMW,IX1,1,1,1.0
2026-08-04T09:37:19,cash,BMW,IX3,1,1,1.0
2026-08-04T09:37:19,cash,BMW,SERIE 1,7,0,0.0
2026-08-04T09:37:19,cash,BMW,SERIE 2 ACTIVE TOURE,2,0,0.0
2026-08-04T09:37:19,cash,BMW,X1,9,0,0.0
2026-08-04T09:37:19,cash,BMW,X2,1,0,0.0
2026-08-04T09:37:19,cash,BMW,X3,2,0,0.0
2026-08-04T09:37:19,cash,BMW,X5,1,0,0.0
2026-08-04T09:37:19,cash,CITROEN,BERLINGO,6,0,0.0
2026-08-04T09:37:19,cash,CITROEN,C3,6,0,0.0
2026-08-04T09:37:19,cash,CITROEN,C3 AIRCROSS,7,0,0.0
2026-08-04T09:37:19,cash,CITROEN,C4,4,0,0.0
2026-08-04T09:37:19,cash,CITROEN,C5 AIRCROSS,14,0,0.0
2026-08-04T09:37:19,cash,CITROEN,C5 X,4,0,0.0
2026-08-04T09:37:19,cash,CITROEN,E-C4,1,1,1.0
2026-08-04T09:37:19,cash,CITROEN,GRAND C4 SPACETOURER,1,0,0.0
2026-08-04T09:37:19,cash,CITROEN,JUMPY,5,0,0.0
2026-08-04T09:37:19,cash,CUPRA,FORMENTOR,3,0,0.0
2026-08-04T09:37:19,cash,DACIA,JOGGER,1,0,0.0
2026-08-04T09:37:19,cash,DACIA,SANDERO,1,0,0.0
2026-08-04T09:37:19,cash,DS,DS3,1,0,0.0
2026-08-04T09:37:19,cash,DS,DS3 CROSSBACK,2,1,0.5
2026-08-04T09:37:19,cash,DS,DS4,1,0,0.0
2026-08-04T09:37:19,cash,DS,DS7,2,0,0.0
2026-08-04T09:37:19,cash,FIAT,500,1,0,0.0
2026-08-04T09:37:19,cash,FORD,KUGA,9,0,0.0
2026-08-04T09:37:19,cash,FORD,PUMA,1,0,0.0
2026-08-04T09:37:19,cash,FORD,TRANSIT CUSTOM,1,0,0.0
2026-08-04T09:37:19,cash,HYUNDAI,I30,1,0,0.0
2026-08-04T09:37:19,cash,HYUNDAI,IONIQ,1,1,1.0
2026-08-04T09:37:19,cash,HYUNDAI,SANTA FE,1,0,0.0
2026-08-04T09:37:19,cash,HYUNDAI,TUCSON,8,0,0.0
2026-08-04T09:37:19,cash,JEEP,AVENGER,2,2,1.0
2026-08-04T09:37:19,cash,KIA,CEED,4,0,0.0
2026-08-04T09:37:19,cash,KIA,NIRO,1,0,0.0
2026-08-04T09:37:19,cash,KIA,NIRO EV,7,7,1.0
2026-08-04T09:37:19,cash,KIA,PICANTO,1,0,0.0
2026-08-04T09:37:19,cash,KIA,PROCEED,1,0,0.0
2026-08-04T09:37:19,cash,KIA,RIO,2,0,0.0
2026-08-04T09:37:19,cash,KIA,SORENTO,1,0,0.0
2026-08-04T09:37:19,cash,KIA,SPORTAGE,11,0,0.0
2026-08-04T09:37:19,cash,KIA,STONIC,9,0,0.0
2026-08-04T09:37:19,cash,KIA,XCEED,1,0,0.0
2026-08-04T09:37:19,cash,MERCEDES-BENZ,CLA COUPE,1,0,0.0
2026-08-04T09:37:19,cash,MERCEDES-BENZ,CLASSE A,4,0,0.0
2026-08-04T09:37:19,cash,MERCEDES-BENZ,CLASSE CLA,2,0,0.0
2026-08-04T09:37:19,cash,MERCEDES-BENZ,EQA,1,1,1.0
2026-08-04T09:37:19,cash,MERCEDES-BENZ,GLB,1,0,0.0
2026-08-04T09:37:19,cash,MG,MG5,1,1,1.0
2026-08-04T09:37:19,cash,MINI,MINI,1,0,0.0
2026-08-04T09:37:19,cash,NISSAN,JUKE,1,0,0.0
2026-08-04T09:37:19,cash,NISSAN,LEAF,1,1,1.0
2026-08-04T09:37:19,cash,NISSAN,QASHQAI,9,0,0.0
2026-08-04T09:37:19,cash,NISSAN,X-TRAIL,1,0,0.0
2026-08-04T09:37:19,cash,OPEL,ASTRA,1,0,0.0
2026-08-04T09:37:19,cash,OPEL,CORSA,3,0,0.0
2026-08-04T09:37:19,cash,OPEL,CROSSLAND,3,0,0.0
2026-08-04T09:37:19,cash,OPEL,GRANDLAND,1,0,0.0
2026-08-04T09:37:19,cash,OPEL,GRANDLAND X,1,0,0.0
2026-08-04T09:37:19,cash,PEUGEOT,108,1,0,0.0
2026-08-04T09:37:19,cash,PEUGEOT,2008,27,0,0.0
2026-08-04T09:37:19,cash,PEUGEOT,208,8,0,0.0
2026-08-04T09:37:19,cash,PEUGEOT,3008,34,0,0.0
2026-08-04T09:37:19,cash,PEUGEOT,308,10,0,0.0
2026-08-04T09:37:19,cash,PEUGEOT,308 SW,2,0,0.0
2026-08-04T09:37:19,cash,PEUGEOT,408,1,0,0.0
2026-08-04T09:37:19,cash,PEUGEOT,5008,13,0,0.0
2026-08-04T09:37:19,cash,PEUGEOT,E-2008,13,13,1.0
2026-08-04T09:37:19,cash,PEUGEOT,E-208,3,3,1.0
2026-08-04T09:37:19,cash,PEUGEOT,E-308,2,2,1.0
2026-08-04T09:37:19,cash,PEUGEOT,EXPERT,3,0,0.0
2026-08-04T09:37:19,cash,PEUGEOT,PARTNER,8,0,0.0
2026-08-04T09:37:19,cash,RENAULT,ARKANA,15,0,0.0
2026-08-04T09:37:19,cash,RENAULT,AUSTRAL,6,0,0.0
2026-08-04T09:37:19,cash,RENAULT,CAPTUR,15,0,0.0
2026-08-04T09:37:19,cash,RENAULT,CLIO,28,0,0.0
2026-08-04T09:37:19,cash,RENAULT,ESPACE,1,0,0.0
2026-08-04T09:37:19,cash,RENAULT,EXPRESS,17,0,0.0
2026-08-04T09:37:19,cash,RENAULT,KADJAR,1,0,0.0
2026-08-04T09:37:19,cash,RENAULT,KANGOO,4,0,0.0
2026-08-04T09:37:19,cash,RENAULT,MASTER,1,0,0.0
2026-08-04T09:37:19,cash,RENAULT,MEGANE,12,0,0.0
2026-08-04T09:37:19,cash,RENAULT,MEGANE E-TECH,1,1,1.0
2026-08-04T09:37:19,cash,RENAULT,SCENIC,6,0,0.0
2026-08-04T09:37:19,cash,RENAULT,SYMBIOZ,1,0,0.0
2026-08-04T09:37:19,cash,RENAULT,TRAFIC,5,0,0.0
2026-08-04T09:37:19,cash,RENAULT,TWINGO,1,0,0.0
2026-08-04T09:37:19,cash,RENAULT,ZOE,1,1,1.0
2026-08-04T09:37:19,cash,SEAT,ARONA,1,0,0.0
2026-08-04T09:37:19,cash,SKODA,ENYAQ,1,1,1.0
2026-08-04T09:37:19,cash,SKODA,FABIA,6,0,0.0
2026-08-04T09:37:19,cash,SKODA,KAMIQ,5,0,0.0
2026-08-04T09:37:19,cash,SKODA,KAROQ,1,0,0.0
2026-08-04T09:37:19,cash,SKODA,KODIAQ,2,0,0.0
2026-08-04T09:37:19,cash,SUZUKI,SWIFT,1,0,0.0
2026-08-04T09:37:19,cash,TESLA,MODEL 3,7,7,1.0
2026-08-04T09:37:19,cash,TESLA,MODEL Y,9,9,1.0
2026-08-04T09:37:19,cash,TOYOTA,AYGO X,3,0,0.0
2026-08-04T09:37:19,cash,TOYOTA,C-HR,5,0,0.0
2026-08-04T09:37:19,cash,TOYOTA,COROLLA,3,0,0.0
2026-08-04T09:37:19,cash,TOYOTA,COROLLA TS,11,0,0.0
2026-08-04T09:37:19,cash,TOYOTA,PROACE CITY,1,0,0.0
2026-08-04T09:37:19,cash,TOYOTA,RAV4 HSD,4,0,0.0
2026-08-04T09:37:19,cash,TOYOTA,RAV4 PLUG IN,4,0,0.0
2026-08-04T09:37:19,cash,TOYOTA,YARIS,1,0,0.0
2026-08-04T09:37:19,cash,TOYOTA,YARIS HYBRID,2,0,0.0
2026-08-04T09:37:19,cash,VOLKSWAGEN,GOLF,8,0,0.0
2026-08-04T09:37:19,cash,VOLKSWAGEN,ID.3,2,2,1.0
2026-08-04T09:37:19,cash,VOLKSWAGEN,POLO,7,0,0.0
2026-08-04T09:37:19,cash,VOLKSWAGEN,T-ROC,5,0,0.0
2026-08-04T09:37:19,cash,VOLKSWAGEN,TAIGO,3,0,0.0
2026-08-04T09:37:19,cash,VOLKSWAGEN,TIGUAN,5,0,0.0
2026-08-04T09:37:19,cash,VOLKSWAGEN,TIGUAN ALLSPACE,3,0,0.0
2026-08-04T09:37:19,cash,VOLKSWAGEN,TOURAN,2,0,0.0
2026-08-04T09:37:19,cash,VOLKSWAGEN,TRANSPORTER,1,0,0.0
2026-08-05T09:44:38,leasing,AUDI,A1 SPORTBACK,1,0,0.0
2026-08-05T09:44:38,leasing,AUDI,A3 SPORTBACK,4,0,0.0
2026-08-05T09:44:38,leasing,AUDI,Q4 E-TRON SPORTBACK,1,1,1.0
2026-08-05T09:44:38,leasing,BMW,IX1,1,1,1.0
2026-08-05T09:44:38,leasing,BMW,IX3,1,1,1.0
2026-08-05T09:44:38,leasing,BMW,SERIE 1,7,0,0.0
2026-08-05T09:44:38,leasing,BMW,SERIE 2 ACTIVE TOURE,1,0,0.0
2026-08-05T09:44:38,leasing,BMW,X1,9,0,0.0
2026-08-05T09:44:38,leasing,BMW,X2,1,0,0.0
2026-08-05T09:44:38,leasing,BMW,X3,1,0,0.0
2026-08-05T09:44:38,leasing,CITROEN,BERLINGO,5,0,0.0
2026-08-05T09:44:38,leasing,CITROEN,C3,5,0,0.0
2026-08-05T09:44:38,leasing,CITROEN,C3 AIRCROSS,7,0,0.0
2026-08-05T09:44:38,leasing,CITROEN,C4,4,0,0.0
2026-08-05T09:44:38,leasing,CITROEN,C5 AIRCROSS,14,0,0.0
2026-08-05T09:44:38,leasing,CITROEN,C5 X,4,0,0.0
2026-08-05T09:44:38,leasing,CITROEN,GRAND C4 SPACETOURER,1,0,0.0
2026-08-05T09:44:38,leasing,CITROEN,JUMPY,5,0,0.0
2026-08-05T09:44:38,leasing,CUPRA,FORMENTOR,3,0,0.0
2026-08-05T09:44:38,leasing,DACIA,JOGGER,1,0,0.0
2026-08-05T09:44:38,leasing,DACIA,SANDERO,1,0,0.0
2026-08-05T09:44:38,leasing,DS,DS3,1,0,0.0
2026-08-05T09:44:38,leasing,DS,DS3 CROSSBACK,2,1,0.5
2026-08-05T09:44:38,leasing,DS,DS4,1,0,0.0
2026-08-05T09:44:38,leasing,DS,DS7,2,0,0.0
2026-08-05T09:44:38,leasing,FIAT,500,1,0,0.0
2026-08-05T09:44:38,leasing,FORD,KUGA,6,0,0.0
2026-08-05T09:44:38,leasing,FORD,PUMA,1,0,0.0
2026-08-05T09:44:38,leasing,HYUNDAI,I30,1,0,0.0
2026-08-05T09:44:38,leasing,HYUNDAI,IONIQ,1,1,1.0
2026-08-05T09:44:38,leasing,HYUNDAI,SANTA FE,1,0,0.0
2026-08-05T09:44:38,leasing,HYUNDAI,TUCSON,8,0,0.0
2026-08-05T09:44:38,leasing,JEEP,AVENGER,2,2,1.0
2026-08-05T09:44:38,leasing,KIA,CEED,4,0,0.0
2026-08-05T09:44:38,leasing,KIA,NIRO,1,0,0.0
2026-08-05T09:44:38,leasing,KIA,NIRO EV,8,8,1.0
2026-08-05T09:44:38,leasing,KIA,PICANTO,1,0,0.0
2026-08-05T09:44:38,leasing,KIA,PROCEED,1,0,0.0
2026-08-05T09:44:38,leasing,KIA,RIO,2,0,0.0
2026-08-05T09:44:38,leasing,KIA,SORENTO,1,0,0.0
2026-08-05T09:44:38,leasing,KIA,SPORTAGE,10,0,0.0
2026-08-05T09:44:38,leasing,KIA,STONIC,8,0,0.0
2026-08-05T09:44:38,leasing,KIA,XCEED,1,0,0.0
2026-08-05T09:44:38,leasing,MERCEDES-BENZ,CLA COUPE,1,0,0.0
2026-08-05T09:44:38,leasing,MERCEDES-BENZ,CLASSE A,1,0,0.0
2026-08-05T09:44:38,leasing,MERCEDES-BENZ,CLASSE CLA,2,0,0.0
2026-08-05T09:44:38,leasing,MERCEDES-BENZ,CLASSE GLA,1,0,0.0
2026-08-05T09:44:38,leasing,MG,MG5,1,1,1.0
2026-08-05T09:44:38,leasing,MINI,MINI,1,0,0.0
2026-08-05T09:44:38,leasing,NISSAN,JUKE,1,0,0.0
2026-08-05T09:44:38,leasing,NISSAN,LEAF,1,1,1.0
2026-08-05T09:44:38,leasing,NISSAN,QASHQAI,8,0,0.0
2026-08-05T09:44:38,leasing,NISSAN,X-TRAIL,1,0,0.0
2026-08-05T09:44:38,leasing,OPEL,ASTRA,1,0,0.0
2026-08-05T09:44:38,leasing,OPEL,CORSA,3,0,0.0
2026-08-05T09:44:38,leasing,OPEL,CROSSLAND,3,0,0.0
2026-08-05T09:44:38,leasing,OPEL,GRANDLAND,1,0,0.0
2026-08-05T09:44:38,leasing,PEUGEOT,2008,26,0,0.0
2026-08-05T09:44:38,leasing,PEUGEOT,208,7,0,0.0
2026-08-05T09:44:38,leasing,PEUGEOT,3008,29,0,0.0
2026-08-05T09:44:38,leasing,PEUGEOT,308,9,0,0.0
2026-08-05T09:44:38,leasing,PEUGEOT,308 SW,2,0,0.0
2026-08-05T09:44:38,leasing,PEUGEOT,408,1,0,0.0
2026-08-05T09:44:38,leasing,PEUGEOT,5008,13,0,0.0
2026-08-05T09:44:38,leasing,PEUGEOT,E-2008,12,12,1.0
2026-08-05T09:44:38,leasing,PEUGEOT,E-208,2,2,1.0
2026-08-05T09:44:38,leasing,PEUGEOT,EXPERT,3,0,0.0
2026-08-05T09:44:38,leasing,PEUGEOT,PARTNER,7,0,0.0
2026-08-05T09:44:38,leasing,RENAULT,ARKANA,15,0,0.0
2026-08-05T09:44:38,leasing,RENAULT,AUSTRAL,6,0,0.0
2026-08-05T09:44:38,leasing,RENAULT,CAPTUR,14,0,0.0
2026-08-05T09:44:38,leasing,RENAULT,CLIO,22,0,0.0
2026-08-05T09:44:38,leasing,RENAULT,ESPACE,1,0,0.0
2026-08-05T09:44:38,leasing,RENAULT,EXPRESS,17,0,0.0
2026-08-05T09:44:38,leasing,RENAULT,KANGOO,4,0,0.0
2026-08-05T09:44:38,leasing,RENAULT,MASTER,1,0,0.0
2026-08-05T09:44:38,leasing,RENAULT,MEGANE,10,0,0.0
2026-08-05T09:44:38,leasing,RENAULT,MEGANE E-TECH,1,1,1.0
2026-08-05T09:44:38,leasing,RENAULT,SCENIC,6,0,0.0
2026-08-05T09:44:38,leasing,RENAULT,TRAFIC,5,0,0.0
2026-08-05T09:44:38,leasing,RENAULT,ZOE,1,1,1.0
2026-08-05T09:44:38,leasing,SEAT,ARONA,1,0,0.0
2026-08-05T09:44:38,leasing,SKODA,ENYAQ,2,2,1.0
2026-08-05T09:44:38,leasing,SKODA,FABIA,6,0,0.0
2026-08-05T09:44:38,leasing,SKODA,KAMIQ,5,0,0.0
2026-08-05T09:44:38,leasing,SKODA,KODIAQ,2,0,0.0
2026-08-05T09:44:38,leasing,TESLA,MODEL 3,5,5,1.0
2026-08-05T09:44:38,leasing,TESLA,MODEL Y,10,10,1.0
2026-08-05T09:44:38,leasing,TOYOTA,AYGO X,3,0,0.0
2026-08-05T09:44:38,leasing,TOYOTA,C-HR,3,0,0.0
2026-08-05T09:44:38,leasing,TOYOTA,COROLLA,3,0,0.0
2026-08-05T09:44:38,leasing,TOYOTA,COROLLA TS,11,0,0.0
2026-08-05T09:44:38,leasing,TOYOTA,PROACE CITY,1,0,0.0
2026-08-05T09:44:38,leasing,TOYOTA,RAV4 HSD,3,0,0.0
2026-08-05T09:44:38,leasing,TOYOTA,RAV4 PLUG IN,4,0,0.0
2026-08-05T09:44:38,leasing,TOYOTA,YARIS,1,0,0.0
2026-08-05T09:44:38,leasing,TOYOTA,YARIS HYBRID,3,0,0.0
2026-08-05T09:44:38,leasing,VOLKSWAGEN,GOLF,8,0,0.0
2026-08-05T09:44:38,leasing,VOLKSWAGEN,ID.3,2,2,1.0
2026-08-05T09:44:38,leasing,VOLKSWAGEN,POLO,5,0,0.0
2026-08-05T09:44:38,leasing,VOLKSWAGEN,T-ROC,5,0,0.0
2026-08-05T09:44:38,leasing,VOLKSWAGEN,TAIGO,3,0,0.0
2026-08-05T09:44:38,leasing,VOLKSWAGEN,TIGUAN,5,0,0.0
2026-08-05T09:44:38,leasing,VOLKSWAGEN,TIGUAN ALLSPACE,1,0,0.0
2026-08-05T09:44:38,leasing,VOLKSWAGEN,TOURAN,2,0,0.0
2026-08-05T09:44:38,leasing,VOLKSWAGEN,TRANSPORTER,1,0,0.0
2026-08-05T09:44:38,cash,AUDI,A1 SPORTBACK,1,0,0.0
2026-08-05T09:44:38,cash,AUDI,A3 SPORTBACK,4,0,0.0
2026-08-05T09:44:38,cash,AUDI,Q4 E-TRON SPORTBACK,1,1,1.0
2026-08-05T09:44:38,cash,BMW,IX1,1,1,1.0
2026-08-05T09:44:38,cash,BMW,IX3,1,1,1.0
2026-08-05T09:44:38,cash,BMW,SERIE 1,7,0,0.0
2026-08-05T09:44:38,cash,BMW,SERIE 2 ACTIVE TOURE,2,0,0.0
2026-08-05T09:44:38,cash,BMW,X1,11,0,0.0
2026-08-05T09:44:38,cash,BMW,X2,1,0,0.0
2026-08-05T09:44:38,cash,BMW,X3,1,0,0.0
2026-08-05T09:44:38,cash,BMW,X5,1,0,0.0
2026-08-05T09:44:38,cash,CITROEN,BERLINGO,6,0,0.0
2026-08-05T09:44:38,cash,CITROEN,C3,7,0,0.0
2026-08-05T09:44:38,cash,CITROEN,C3 AIRCROSS,7,0,0.0
2026-08-05T09:44:38,cash,CITROEN,C4,4,0,0.0
2026-08-05T09:44:38,cash,CITROEN,C5 AIRCROSS,14,0,0.0
2026-08-05T09:44:38,cash,CITROEN,C5 X,4,0,0.0
2026-08-05T09:44:38,cash,CITROEN,E-C4,1,1,1.0
2026-08-05T09:44:38,cash,CITROEN,GRAND C4 SPACETOURER,1,0,0.0
2026-08-05T09:44:38,cash,CITROEN,JUMPY,5,0,0.0
2026-08-05T09:44:38,cash,CUPRA,FORMENTOR,3,0,0.0
2026-08-05T09:44:38,cash,DACIA,JOGGER,1,0,0.0
2026-08-05T09:44:38,cash,DACIA,SANDERO,1,0,0.0
2026-08-05T09:44:38,cash,DS,DS3,1,0,0.0
2026-08-05T09:44:38,cash,DS,DS3 CROSSBACK,2,1,0.5
2026-08-05T09:44:38,cash,DS,DS4,1,0,0.0
2026-08-05T09:44:38,cash,DS,DS7,2,0,0.0
2026-08-05T09:44:38,cash,FIAT,500,1,0,0.0
2026-08-05T09:44:38,cash,FORD,KUGA,7,0,0.0
2026-08-05T09:44:38,cash,FORD,PUMA,1,0,0.0
2026-08-05T09:44:38,cash,FORD,TRANSIT CUSTOM,1,0,0.0
2026-08-05T09:44:38,cash,HYUNDAI,I30,1,0,0.0
2026-08-05T09:44:38,cash,HYUNDAI,IONIQ,1,1,1.0
2026-08-05T09:44:38,cash,HYUNDAI,SANTA FE,1,0,0.0
2026-08-05T09:44:38,cash,HYUNDAI,TUCSON,8,0,0.0
2026-08-05T09:44:38,cash,JEEP,AVENGER,2,2,1.0
2026-08-05T09:44:38,cash,KIA,CEED,4,0,0.0
2026-08-05T09:44:38,cash,KIA,NIRO,1,0,0.0
2026-08-05T09:44:38,cash,KIA,NIRO EV,8,8,1.0
2026-08-05T09:44:38,cash,KIA,PICANTO,1,0,0.0
2026-08-05T09:44:38,cash,KIA,PROCEED,1,0,0.0
2026-08-05T09:44:38,cash,KIA,RIO,2,0,0.0
2026-08-05T09:44:38,cash,KIA,SORENTO,1,0,0.0
2026-08-05T09:44:38,cash,KIA,SPORTAGE,10,0,0.0
2026-08-05T09:44:38,cash,KIA,STONIC,9,0,0.0
2026-08-05T09:44:38,cash,KIA,XCEED,1,0,0.0
2026-08-05T09:44:38,cash,LYNK,& CO LC01,1,0,0.0
2026-08-05T09:44:38,cash,MERCEDES-BENZ,CLA COUPE,1,0,0.0
2026-08-05T09:44:38,cash,MERCEDES-BENZ,CLASSE A,3,0,0.0
2026-08-05T09:44:38,cash,MERCEDES-BENZ,CLASSE CLA,2,0,0.0
2026-08-05T09:44:38,cash,MERCEDES-BENZ,CLASSE GLA,1,0,0.0
2026-08-05T09:44:38,cash,MERCEDES-BENZ,EQA,1,1,1.0
2026-08-05T09:44:38,cash,MERCEDES-BENZ,GLB,1,0,0.0
2026-08-05T09:44:38,cash,MG,MG5,1,1,1.0
2026-08-05T09:44:38,cash,MINI,MINI,1,0,0.0
2026-08-05T09:44:38,cash,NISSAN,JUKE,1,0,0.0
2026-08-05T09:44:38,cash,NISSAN,LEAF,1,1,1.0
2026-08-05T09:44:38,cash,NISSAN,QASHQAI,8,0,0.0
2026-08-05T09:44:38,cash,NISSAN,X-TRAIL,1,0,0.0
2026-08-05T09:44:38,cash,OPEL,ASTRA,1,0,0.0
2026-08-05T09:44:38,cash,OPEL,CORSA,3,0,0.0
2026-08-05T09:44:38,cash,OPEL,CROSSLAND,3,0,0.0
2026-08-05T09:44:38,cash,OPEL,GRANDLAND,1,0,0.0
2026-08-05T09:44:38,cash,OPEL,GRANDLAND X,1,0,0.0
2026-08-05T09:44:38,cash,PEUGEOT,108,1,0,0.0
2026-08-05T09:44:38,cash,PEUGEOT,2008,27,0,0.0
2026-08-05T09:44:38,cash,PEUGEOT,208,8,0,0.0
2026-08-05T09:44:38,cash,PEUGEOT,3008,33,0,0.0
2026-08-05T09:44:38,cash,PEUGEOT,308,9,0,0.0
2026-08-05T09:44:38,cash,PEUGEOT,308 SW,2,0,0.0
2026-08-05T09:44:38,cash,PEUGEOT,408,1,0,0.0
2026-08-05T09:44:38,cash,PEUGEOT,5008,13,0,0.0
2026-08-05T09:44:38,cash,PEUGEOT,E-2008,12,12,1.0
2026-08-05T09:44:38,cash,PEUGEOT,E-208,3,3,1.0
2026-08-05T09:44:38,cash,PEUGEOT,E-308,2,2,1.0
2026-08-05T09:44:38,cash,PEUGEOT,EXPERT,3,0,0.0
2026-08-05T09:44:38,cash,PEUGEOT,PARTNER,8,0,0.0
2026-08-05T09:44:38,cash,RENAULT,ARKANA,15,0,0.0
2026-08-05T09:44:38,cash,RENAULT,AUSTRAL,6,0,0.0
2026-08-05T09:44:38,cash,RENAULT,CAPTUR,15,0,0.0
2026-08-05T09:44:38,cash,RENAULT,CLIO,26,0,0.0
2026-08-05T09:44:38,cash,RENAULT,ESPACE,1,0,0.0
2026-08-05T09:44:38,cash,RENAULT,EXPRESS,17,0,0.0
2026-08-05T09:44:38,cash,RENAULT,KADJAR,1,0,0.0
2026-08-05T09:44:38,cash,RENAULT,KANGOO,4,0,0.0
2026-08-05T09:44:38,cash,RENAULT,MASTER,1,0,0.0
2026-08-05T09:44:38,cash,RENAULT,MEGANE,11,0,0.0
2026-08-05T09:44:38,cash,RENAULT,MEGANE E-TECH,1,1,1.0
2026-08-05T09:44:38,cash,RENAULT,SCENIC,6,0,0.0
2026-08-05T09:44:38,cash,RENAULT,SYMBIOZ,1,0,0.0
2026-08-05T09:44:38,cash,RENAULT,TRAFIC,5,0,0.0
2026-08-05T09:44:38,cash,RENAULT,TWINGO,1,0,0.0
2026-08-05T09:44:38,cash,RENAULT,ZOE,1,1,1.0
2026-08-05T09:44:38,cash,SEAT,ARONA,1,0,0.0
2026-08-05T09:44:38,cash,SKODA,ENYAQ,2,2,1.0
2026-08-05T09:44:38,cash,SKODA,FABIA,6,0,0.0
2026-08-05T09:44:38,cash,SKODA,KAMIQ,5,0,0.0
2026-08-05T09:44:38,cash,SKODA,KAROQ,1,0,0.0
2026-08-05T09:44:38,cash,SKODA,KODIAQ,2,0,0.0
2026-08-05T09:44:38,cash,TESLA,MODEL 3,7,7,1.0
2026-08-05T09:44:38,cash,TESLA,MODEL Y,10,10,1.0
2026-08-05T09:44:38,cash,TOYOTA,AYGO X,3,0,0.0
2026-08-05T09:44:38,cash,TOYOTA,C-HR,5,0,0.0
2026-08-05T09:44:38,cash,TOYOTA,COROLLA,3,0,0.0
2026-08-05T09:44:38,cash,TOYOTA,COROLLA TS,11,0,0.0
2026-08-05T09:44:38,cash,TOYOTA,PROACE CITY,1,0,0.0
2026-08-05T09:44:38,cash,TOYOTA,RAV4 HSD,4,0,0.0
2026-08-05T09:44:38,cash,TOYOTA,RAV4 PLUG IN,4,0,0.0
2026-08-05T09:44:38,cash,TOYOTA,YARIS,1,0,0.0
2026-08-05T09:44:38,cash,TOYOTA,YARIS HYBRID,3,0,0.0
2026-08-05T09:44:38,cash,VOLKSWAGEN,GOLF,8,0,0.0
2026-08-05T09:44:38,cash,VOLKSWAGEN,ID.3,2,2,1.0
2026-08-05T09:44:38,cash,VOLKSWAGEN,POLO,6,0,0.0
2026-08-05T09:44:38,cash,VOLKSWAGEN,T-ROC,6,0,0.0
2026-08-05T09:44:38,cash,VOLKSWAGEN,TAIGO,3,0,0.0
2026-08-05T09:44:38,cash,VOLKSWAGEN,TIGUAN,5,0,0.0
2026-08-05T09:44:38,cash,VOLKSWAGEN,TIGUAN ALLSPACE,3,0,0.0
2026-08-05T09:44:38,cash,VOLKSWAGEN,TOURAN,2,0,0.0
2026-08-05T09:44:38,cash,VOLKSWAGEN,TRANSPORTER,1,0,0.0
2026-08-06T09:37:21,leasing,AUDI,A1 SPORTBACK,1,0,0.0
2026-08-06T09:37:21,leasing,AUDI,A3 SPORTBACK,4,0,0.0
2026-08-06T09:37:21,leasing,AUDI,Q3 SPORTBACK,1,0,0.0
2026-08-06T09:37:21,leasing,AUDI,Q4 E-TRON SPORTBACK,1,1,1.0
2026-08-06T09:37:21,leasing,BMW,IX1,1,1,1.0
2026-08-06T09:37:21,leasing,BMW,IX3,1,1,1.0
2026-08-06T09:37:21,leasing,BMW,SERIE 1,7,0,0.0
2026-08-06T09:37:21,leasing,BMW,X1,8,0,0.0
2026-08-06T09:37:21,leasing,BMW,X2,1,0,0.0
2026-08-06T09:37:21,leasing,BMW,X3,1,0,0.0
2026-08-06T09:37:21,leasing,CITROEN,BERLINGO,6,0,0.0
2026-08-06T09:37:21,leasing,CITROEN,C3,5,0,0.0
2026-08-06T09:37:21,leasing,CITROEN,C3 AIRCROSS,7,0,0.0
2026-08-06T09:37:21,leasing,CITROEN,C4,4,0,0.0
2026-08-06T09:37:21,leasing,CITROEN,C5 AIRCROSS,15,0,0.0
2026-08-06T09:37:21,leasing,CITROEN,C5 X,4,0,0.0
2026-08-06T09:37:21,leasing,CITROEN,GRAND C4 SPACETOURER,1,0,0.0
2026-08-06T09:37:21,leasing,CITROEN,JUMPY,5,0,0.0
2026-08-06T09:37:21,leasing,CUPRA,FORMENTOR,3,0,0.0
2026-08-06T09:37:21,leasing,DACIA,JOGGER,1,0,0.0
2026-08-06T09:37:21,leasing,DACIA,SANDERO,1,0,0.0
2026-08-06T09:37:21,leasing,DS,DS3,1,0,0.0
2026-08-06T09:37:21,leasing,DS,DS3 CROSSBACK,2,1,0.5
2026-08-06T09:37:21,leasing,DS,DS4,1,0,0.0
2026-08-06T09:37:21,leasing,DS,DS7,2,0,0.0
2026-08-06T09:37:21,leasing,FIAT,500,1,0,0.0
2026-08-06T09:37:21,leasing,FORD,KUGA,6,0,0.0
2026-08-06T09:37:21,leasing,FORD,PUMA,1,0,0.0
2026-08-06T09:37:21,leasing,HYUNDAI,I30,1,0,0.0
2026-08-06T09:37:21,leasing,HYUNDAI,IONIQ,1,1,1.0
2026-08-06T09:37:21,leasing,HYUNDAI,SANTA FE,1,0,0.0
2026-08-06T09:37:21,leasing,HYUNDAI,TUCSON,8,0,0.0
2026-08-06T09:37:21,leasing,JEEP,AVENGER,2,2,1.0
2026-08-06T09:37:21,leasing,KIA,CEED,4,0,0.0
2026-08-06T09:37:21,leasing,KIA,NIRO,1,0,0.0
2026-08-06T09:37:21,leasing,KIA,NIRO EV,9,9,1.0
2026-08-06T09:37:21,leasing,KIA,PICANTO,1,0,0.0
2026-08-06T09:37:21,leasing,KIA,PROCEED,1,0,0.0
2026-08-06T09:37:21,leasing,KIA,RIO,2,0,0.0
2026-08-06T09:37:21,leasing,KIA,SORENTO,1,0,0.0
2026-08-06T09:37:21,leasing,KIA,SPORTAGE,9,0,0.0
2026-08-06T09:37:21,leasing,KIA,STONIC,8,0,0.0
2026-08-06T09:37:21,leasing,KIA,XCEED,1,0,0.0
2026-08-06T09:37:21,leasing,MERCEDES-BENZ,CLA COUPE,1,0,0.0
2026-08-06T09:37:21,leasing,MERCEDES-BENZ,CLASSE A,1,0,0.0
2026-08-06T09:37:21,leasing,MERCEDES-BENZ,CLASSE CLA,2,0,0.0
2026-08-06T09:37:21,leasing,MERCEDES-BENZ,CLASSE GLA,1,0,0.0
2026-08-06T09:37:21,leasing,MG,MG5,1,1,1.0
2026-08-06T09:37:21,leasing,NISSAN,JUKE,1,0,0.0
2026-08-06T09:37:21,leasing,NISSAN,LEAF,1,1,1.0
2026-08-06T09:37:21,leasing,NISSAN,QASHQAI,9,0,0.0
2026-08-06T09:37:21,leasing,NISSAN,X-TRAIL,1,0,0.0
2026-08-06T09:37:21,leasing,OPEL,ASTRA,1,0,0.0
2026-08-06T09:37:21,leasing,OPEL,CORSA,3,0,0.0
2026-08-06T09:37:21,leasing,OPEL,CROSSLAND,3,0,0.0
2026-08-06T09:37:21,leasing,OPEL,GRANDLAND,1,0,0.0
2026-08-06T09:37:21,leasing,PEUGEOT,2008,26,0,0.0
2026-08-06T09:37:21,leasing,PEUGEOT,208,7,0,0.0
2026-08-06T09:37:21,leasing,PEUGEOT,3008,30,0,0.0
2026-08-06T09:37:21,leasing,PEUGEOT,308,9,0,0.0
2026-08-06T09:37:21,leasing,PEUGEOT,308 SW,2,0,0.0
2026-08-06T09:37:21,leasing,PEUGEOT,408,1,0,0.0
2026-08-06T09:37:21,leasing,PEUGEOT,5008,13,0,0.0
2026-08-06T09:37:21,leasing,PEUGEOT,E-2008,11,11,1.0
2026-08-06T09:37:21,leasing,PEUGEOT,E-208,1,1,1.0
2026-08-06T09:37:21,leasing,PEUGEOT,EXPERT,3,0,0.0
2026-08-06T09:37:21,leasing,PEUGEOT,PARTNER,7,0,0.0
2026-08-06T09:37:21,leasing,RENAULT,ARKANA,15,0,0.0
2026-08-06T09:37:21,leasing,RENAULT,AUSTRAL,5,0,0.0
2026-08-06T09:37:21,leasing,RENAULT,CAPTUR,13,0,0.0
2026-08-06T09:37:21,leasing,RENAULT,CLIO,22,0,0.0
2026-08-06T09:37:21,leasing,RENAULT,ESPACE,1,0,0.0
2026-08-06T09:37:21,leasing,RENAULT,EXPRESS,16,0,0.0
2026-08-06T09:37:21,leasing,RENAULT,KANGOO,5,0,0.0
2026-08-06T09:37:21,leasing,RENAULT,MASTER,1,0,0.0
2026-08-06T09:37:21,leasing,RENAULT,MEGANE,10,0,0.0
2026-08-06T09:37:21,leasing,RENAULT,SCENIC,6,0,0.0
2026-08-06T09:37:21,leasing,RENAULT,TRAFIC,5,0,0.0
2026-08-06T09:37:21,leasing,RENAULT,ZOE,1,1,1.0
2026-08-06T09:37:21,leasing,SEAT,ARONA,1,0,0.0
2026-08-06T09:37:21,leasing,SKODA,ENYAQ,2,2,1.0
2026-08-06T09:37:21,leasing,SKODA,FABIA,5,0,0.0
2026-08-06T09:37:21,leasing,SKODA,KAMIQ,5,0,0.0
2026-08-06T09:37:21,leasing,SKODA,KODIAQ,2,0,0.0
2026-08-06T09:37:21,leasing,TESLA,MODEL 3,4,4,1.0
2026-08-06T09:37:21,leasing,TESLA,MODEL Y,10,10,1.0
2026-08-06T09:37:21,leasing,TOYOTA,AYGO X,3,0,0.0
2026-08-06T09:37:21,leasing,TOYOTA,C-HR,2,0,0.0
2026-08-06T09:37:21,leasing,TOYOTA,COROLLA,4,0,0.0
2026-08-06T09:37:21,leasing,TOYOTA,COROLLA TS,11,0,0.0
2026-08-06T09:37:21,leasing,TOYOTA,PROACE CITY,1,0,0.0
2026-08-06T09:37:21,leasing,TOYOTA,RAV4 HSD,2,0,0.0
2026-08-06T09:37:21,leasing,TOYOTA,RAV4 PLUG IN,3,0,0.0
2026-08-06T09:37:21,leasing,TOYOTA,YARIS,1,0,0.0
2026-08-06T09:37:21,leasing,TOYOTA,YARIS HYBRID,3,0,0.0
2026-08-06T09:37:21,leasing,VOLKSWAGEN,GOLF,8,0,0.0
2026-08-06T09:37:21,leasing,VOLKSWAGEN,ID.3,2,2,1.0
2026-08-06T09:37:21,leasing,VOLKSWAGEN,POLO,5,0,0.0
2026-08-06T09:37:21,leasing,VOLKSWAGEN,T-ROC,3,0,0.0
2026-08-06T09:37:21,leasing,VOLKSWAGEN,TAIGO,2,0,0.0
2026-08-06T09:37:21,leasing,VOLKSWAGEN,TIGUAN,5,0,0.0
2026-08-06T09:37:21,leasing,VOLKSWAGEN,TIGUAN ALLSPACE,2,0,0.0
2026-08-06T09:37:21,leasing,VOLKSWAGEN,TOURAN,2,0,0.0
2026-08-06T09:37:21,leasing,VOLKSWAGEN,TRANSPORTER,1,0,0.0
2026-08-06T09:37:21,cash,AUDI,A1 SPORTBACK,1,0,0.0
2026-08-06T09:37:21,cash,AUDI,A3 SPORTBACK,4,0,0.0
2026-08-06T09:37:21,cash,AUDI,Q3 SPORTBACK,1,0,0.0
2026-08-06T09:37:21,cash,AUDI,Q4 E-TRON SPORTBACK,1,1,1.0
2026-08-06T09:37:21,cash,BMW,IX1,1,1,1.0
2026-08-06T09:37:21,cash,BMW,IX3,1,1,1.0
2026-08-06T09:37:21,cash,BMW,SERIE 1,7,0,0.0
2026-08-06T09:37:21,cash,BMW,SERIE 2 ACTIVE TOURE,1,0,0.0
2026-08-06T09:37:21,cash,BMW,X1,9,0,0.0
2026-08-06T09:37:21,cash,BMW,X2,1,0,0.0
2026-08-06T09:37:21,cash,BMW,X3,1,0,0.0
2026-08-06T09:37:21,cash,BMW,X5,1,0,0.0
2026-08-06T09:37:21,cash,CITROEN,BERLINGO,7,0,0.0
2026-08-06T09:37:21,cash,CITROEN,C3,7,0,0.0
2026-08-06T09:37:21,cash,CITROEN,C3 AIRCROSS,7,0,0.0
2026-08-06T09:37:21,cash,CITROEN,C4,4,0,0.0
2026-08-06T09:37:21,cash,CITROEN,C5 AIRCROSS,15,0,0.0
2026-08-06T09:37:21,cash,CITROEN,C5 X,4,0,0.0
2026-08-06T09:37:21,cash,CITROEN,E-C4,1,1,1.0
2026-08-06T09:37:21,cash,CITROEN,GRAND C4 SPACETOURER,1,0,0.0
2026-08-06T09:37:21,cash,CITROEN,JUMPY,5,0,0.0
2026-08-06T09:37:21,cash,CUPRA,FORMENTOR,3,0,0.0
2026-08-06T09:37:21,cash,DACIA,JOGGER,1,0,0.0
2026-08-06T09:37:21,cash,DACIA,SANDERO,1,0,0.0
2026-08-06T09:37:21,cash,DS,DS3,1,0,0.0
2026-08-06T09:37:21,cash,DS,DS3 CROSSBACK,2,1,0.5
2026-08-06T09:37:21,cash,DS,DS4,1,0,0.0
2026-08-06T09:37:21,cash,DS,DS7,2,0,0.0
2026-08-06T09:37:21,cash,FIAT,500,1,0,0.0
2026-08-06T09:37:21,cash,FORD,KUGA,7,0,0.0
2026-08-06T09:37:21,cash,FORD,PUMA,1,0,0.0
2026-08-06T09:37:21,cash,FORD,TRANSIT CUSTOM,1,0,0.0
2026-08-06T09:37:21,cash,HYUNDAI,I30,1,0,0.0
2026-08-06T09:37:21,cash,HYUNDAI,IONIQ,1,1,1.0
2026-08-06T09:37:21,cash,HYUNDAI,SANTA FE,1,0,0.0
2026-08-06T09:37:21,cash,HYUNDAI,TUCSON,8,0,0.0
2026-08-06T09:37:21,cash,JEEP,AVENGER,2,2,1.0
2026-08-06T09:37:21,cash,KIA,CEED,4,0,0.0
2026-08-06T09:37:21,cash,KIA,EV6,1,1,1.0
2026-08-06T09:37:21,cash,KIA,NIRO,1,0,0.0
2026-08-06T09:37:21,cash,KIA,NIRO EV,10,10,1.0
2026-08-06T09:37:21,cash,KIA,PICANTO,1,0,0.0
2026-08-06T09:37:21,cash,KIA,PROCEED,1,0,0.0
2026-08-06T09:37:21,cash,KIA,RIO,2,0,0.0
2026-08-06T09:37:21,cash,KIA,SORENTO,1,0,0.0
2026-08-06T09:37:21,cash,KIA,SPORTAGE,9,0,0.0
2026-08-06T09:37:21,cash,KIA,STONIC,9,0,0.0
2026-08-06T09:37:21,cash,KIA,XCEED,1,0,0.0
2026-08-06T09:37:21,cash,LYNK,& CO LC01,1,0,0.0
2026-08-06T09:37:21,cash,MERCEDES-BENZ,CLA COUPE,1,0,0.0
2026-08-06T09:37:21,cash,MERCEDES-BENZ,CLASSE A,3,0,0.0
2026-08-06T09:37:21,cash,MERCEDES-BENZ,CLASSE CLA,2,0,0.0
2026-08-06T09:37:21,cash,MERCEDES-BENZ,CLASSE GLA,1,0,0.0
2026-08-06T09:37:21,cash,MERCEDES-BENZ,EQA,1,1,1.0
2026-08-06T09:37:21,cash,MERCEDES-BENZ,GLB,1,0,0.0
2026-08-06T09:37:21,cash,MG,MG5,1,1,1.0
2026-08-06T09:37:21,cash,NISSAN,JUKE,1,0,0.0
2026-08-06T09:37:21,cash,NISSAN,LEAF,1,1,1.0
2026-08-06T09:37:21,cash,NISSAN,QASHQAI,9,0,0.0
2026-08-06T09:37:21,cash,NISSAN,X-TRAIL,1,0,0.0
2026-08-06T09:37:21,cash,OPEL,ASTRA,1,0,0.0
2026-08-06T09:37:21,cash,OPEL,CORSA,3,0,0.0
2026-08-06T09:37:21,cash,OPEL,CROSSLAND,3,0,0.0
2026-08-06T09:37:21,cash,OPEL,GRANDLAND,1,0,0.0
2026-08-06T09:37:21,cash,OPEL,GRANDLAND X,1,0,0.0
2026-08-06T09:37:21,cash,PEUGEOT,108,1,0,0.0
2026-08-06T09:37:21,cash,PEUGEOT,2008,29,0,0.0
2026-08-06T09:37:21,cash,PEUGEOT,208,8,0,0.0
2026-08-06T09:37:21,cash,PEUGEOT,3008,34,0,0.0
2026-08-06T09:37:21,cash,PEUGEOT,308,9,0,0.0
2026-08-06T09:37:21,cash,PEUGEOT,308 SW,2,0,0.0
2026-08-06T09:37:21,cash,PEUGEOT,408,1,0,0.0
2026-08-06T09:37:21,cash,PEUGEOT,5008,13,0,0.0
2026-08-06T09:37:21,cash,PEUGEOT,E-2008,12,12,1.0
2026-08-06T09:37:21,cash,PEUGEOT,E-208,2,2,1.0
2026-08-06T09:37:21,cash,PEUGEOT,E-308,2,2,1.0
2026-08-06T09:37:21,cash,PEUGEOT,EXPERT,3,0,0.0
2026-08-06T09:37:21,cash,PEUGEOT,PARTNER,8,0,0.0
2026-08-06T09:37:21,cash,RENAULT,ARKANA,15,0,0.0
2026-08-06T09:37:21,cash,RENAULT,AUSTRAL,5,0,0.0
2026-08-06T09:37:21,cash,RENAULT,CAPTUR,14,0,0.0
2026-08-06T09:37:21,cash,RENAULT,CLIO,26,0,0.0
2026-08-06T09:37:21,cash,RENAULT,ESPACE,1,0,0.0
2026-08-06T09:37:21,cash,RENAULT,EXPRESS,16,0,0.0
2026-08-06T09:37:21,cash,RENAULT,KADJAR,1,0,0.0
2026-08-06T09:37:21,cash,RENAULT,KANGOO,5,0,0.0
2026-08-06T09:37:21,cash,RENAULT,MASTER,1,0,0.0
2026-08-06T09:37:21,cash,RENAULT,MEGANE,11,0,0.0
2026-08-06T09:37:21,cash,RENAULT,SCENIC,6,0,0.0
2026-08-06T09:37:21,cash,RENAULT,SYMBIOZ,1,0,0.0
2026-08-06T09:37:21,cash,RENAULT,TRAFIC,5,0,0.0
2026-08-06T09:37:21,cash,RENAULT,TWINGO,1,0,0.0
2026-08-06T09:37:21,cash,RENAULT,ZOE,1,1,1.0
2026-08-06T09:37:21,cash,SEAT,ARONA,1,0,0.0
2026-08-06T09:37:21,cash,SKODA,ENYAQ,2,2,1.0
2026-08-06T09:37:21,cash,SKODA,FABIA,5,0,0.0
2026-08-06T09:37:21,cash,SKODA,KAMIQ,5,0,0.0
2026-08-06T09:37:21,cash,SKODA,KAROQ,1,0,0.0
2026-08-06T09:37:21,cash,SKODA,KODIAQ,2,0,0.0
2026-08-06T09:37:21,cash,TESLA,MODEL 3,6,6,1.0
2026-08-06T09:37:21,cash,TESLA,MODEL Y,10,10,1.0
2026-08-06T09:37:21,cash,TOYOTA,AYGO X,3,0,0.0
2026-08-06T09:37:21,cash,TOYOTA,C-HR,3,0,0.0
2026-08-06T09:37:21,cash,TOYOTA,COROLLA,4,0,0.0
2026-08-06T09:37:21,cash,TOYOTA,COROLLA TS,11,0,0.0
2026-08-06T09:37:21,cash,TOYOTA,PROACE CITY,1,0,0.0
2026-08-06T09:37:21,cash,TOYOTA,RAV4 HSD,3,0,0.0
2026-08-06T09:37:21,cash,TOYOTA,RAV4 PLUG IN,3,0,0.0
2026-08-06T09:37:21,cash,TOYOTA,YARIS,1,0,0.0
2026-08-06T09:37:21,cash,TOYOTA,YARIS HYBRID,3,0,0.0
2026-08-06T09:37:21,cash,VOLKSWAGEN,GOLF,8,0,0.0
2026-08-06T09:37:21,cash,VOLKSWAGEN,ID.3,2,2,1.0
2026-08-06T09:37:21,cash,VOLKSWAGEN,POLO,6,0,0.0
2026-08-06T09:37:21,cash,VOLKSWAGEN,T-ROC,4,0,0.0
2026-08-06T09:37:21,cash,VOLKSWAGEN,TAIGO,2,0,0.0
2026-08-06T09:37:21,cash,VOLKSWAGEN,TIGUAN,6,0,0.0
2026-08-06T09:37:21,cash,VOLKSWAGEN,TIGUAN ALLSPACE,3,0,0.0
2026-08-06T09:37:21,cash,VOLKSWAGEN,TOURAN,2,0,0.0
2026-08-06T09:37:21,cash,VOLKSWAGEN,TRANSPORTER,1,0,0.0
2026-08-07T08:11:09,leasing,AUDI,A1 SPORTBACK,1,0,0.0
2026-08-07T08:11:09,leasing,AUDI,A3 SPORTBACK,4,0,0.0
2026-08-07T08:11:09,leasing,BMW,IX1,1,1,1.0
2026-08-07T08:11:09,leasing,BMW,IX3,1,1,1.0
2026-08-07T08:11:09,leasing,BMW,SERIE 1,7,0,0.0
2026-08-07T08:11:09,leasing,BMW,X1,6,0,0.0
2026-08-07T08:11:09,leasing,BMW,X2,1,0,0.0
2026-08-07T08:11:09,leasing,BMW,X3,1,0,0.0
2026-08-07T08:11:09,leasing,CITROEN,BERLINGO,6,0,0.0
2026-08-07T08:11:09,leasing,CITROEN,C3,5,0,0.0
2026-08-07T08:11:09,leasing,CITROEN,C3 AIRCROSS,7,0,0.0
2026-08-07T08:11:09,leasing,CITROEN,C4,4,0,0.0
2026-08-07T08:11:09,leasing,CITROEN,C5 AIRCROSS,15,0,0.0
2026-08-07T08:11:09,leasing,CITROEN,C5 X,4,0,0.0
2026-08-07T08:11:09,leasing,CITROEN,JUMPY,5,0,0.0
2026-08-07T08:11:09,leasing,CUPRA,FORMENTOR,3,0,0.0
2026-08-07T08:11:09,leasing,DACIA,JOGGER,1,0,0.0
2026-08-07T08:11:09,leasing,DACIA,SANDERO,1,0,0.0
2026-08-07T08:11:09,leasing,DS,DS3 CROSSBACK,2,1,0.5
2026-08-07T08:11:09,leasing,DS,DS4,1,0,0.0
2026-08-07T08:11:09,leasing,DS,DS7,2,0,0.0
2026-08-07T08:11:09,leasing,FIAT,500,1,0,0.0
2026-08-07T08:11:09,leasing,FORD,KUGA,7,0,0.0
2026-08-07T08:11:09,leasing,FORD,PUMA,1,0,0.0
2026-08-07T08:11:09,leasing,HYUNDAI,I30,1,0,0.0
2026-08-07T08:11:09,leasing,HYUNDAI,IONIQ,1,1,1.0
2026-08-07T08:11:09,leasing,HYUNDAI,SANTA FE,1,0,0.0
2026-08-07T08:11:09,leasing,HYUNDAI,TUCSON,9,0,0.0
2026-08-07T08:11:09,leasing,JEEP,AVENGER,2,2,1.0
2026-08-07T08:11:09,leasing,KIA,CEED,4,0,0.0
2026-08-07T08:11:09,leasing,KIA,EV6,1,1,1.0
2026-08-07T08:11:09,leasing,KIA,NIRO,1,0,0.0
2026-08-07T08:11:09,leasing,KIA,NIRO EV,9,9,1.0
2026-08-07T08:11:09,leasing,KIA,PICANTO,1,0,0.0
2026-08-07T08:11:09,leasing,KIA,PROCEED,1,0,0.0
2026-08-07T08:11:09,leasing,KIA,RIO,2,0,0.0
2026-08-07T08:11:09,leasing,KIA,SORENTO,1,0,0.0
2026-08-07T08:11:09,leasing,KIA,SPORTAGE,9,0,0.0
2026-08-07T08:11:09,leasing,KIA,STONIC,8,0,0.0
2026-08-07T08:11:09,leasing,KIA,XCEED,1,0,0.0
2026-08-07T08:11:09,leasing,MERCEDES-BENZ,CLA COUPE,2,0,0.0
2026-08-07T08:11:09,leasing,MERCEDES-BENZ,CLASSE A,1,0,0.0
2026-08-07T08:11:09,leasing,MERCEDES-BENZ,CLASSE CLA,2,0,0.0
2026-08-07T08:11:09,leasing,MG,MG5,1,1,1.0
2026-08-07T08:11:09,leasing,NISSAN,JUKE,1,0,0.0
2026-08-07T08:11:09,leasing,NISSAN,LEAF,1,1,1.0
2026-08-07T08:11:09,leasing,NISSAN,QASHQAI,9,0,0.0
2026-08-07T08:11:09,leasing,NISSAN,X-TRAIL,1,0,0.0
2026-08-07T08:11:09,leasing,OPEL,ASTRA,1,0,0.0
2026-08-07T08:11:09,leasing,OPEL,CORSA,3,0,0.0
2026-08-07T08:11:09,leasing,OPEL,CROSSLAND,3,0,0.0
2026-08-07T08:11:09,leasing,OPEL,GRANDLAND,1,0,0.0
2026-08-07T08:11:09,leasing,PEUGEOT,2008,26,0,0.0
2026-08-07T08:11:09,leasing,PEUGEOT,208,7,0,0.0
2026-08-07T08:11:09,leasing,PEUGEOT,3008,29,0,0.0
2026-08-07T08:11:09,leasing,PEUGEOT,308,9,0,0.0
2026-08-07T08:11:09,leasing,PEUGEOT,308 SW,2,0,0.0
2026-08-07T08:11:09,leasing,PEUGEOT,408,1,0,0.0
2026-08-07T08:11:09,leasing,PEUGEOT,5008,14,0,0.0
2026-08-07T08:11:09,leasing,PEUGEOT,E-2008,11,11,1.0
2026-08-07T08:11:09,leasing,PEUGEOT,E-208,2,2,1.0
2026-08-07T08:11:09,leasing,PEUGEOT,EXPERT,3,0,0.0
2026-08-07T08:11:09,leasing,PEUGEOT,PARTNER,7,0,0.0
2026-08-07T08:11:09,leasing,RENAULT,ARKANA,13,0,0.0
2026-08-07T08:11:09,leasing,RENAULT,AUSTRAL,4,0,0.0
2026-08-07T08:11:09,leasing,RENAULT,CAPTUR,13,0,0.0
2026-08-07T08:11:09,leasing,RENAULT,CLIO,23,0,0.0
2026-08-07T08:11:09,leasing,RENAULT,ESPACE,2,0,0.0
2026-08-07T08:11:09,leasing,RENAULT,EXPRESS,16,0,0.0
2026-08-07T08:11:09,leasing,RENAULT,KANGOO,5,0,0.0
2026-08-07T08:11:09,leasing,RENAULT,MASTER,1,0,0.0
2026-08-07T08:11:09,leasing,RENAULT,MEGANE,10,0,0.0
2026-08-07T08:11:09,leasing,RENAULT,SCENIC,6,0,0.0
2026-08-07T08:11:09,leasing,RENAULT,TRAFIC,5,0,0.0
2026-08-07T08:11:09,leasing,RENAULT,ZOE,1,1,1.0
2026-08-07T08:11:09,leasing,SEAT,ARONA,1,0,0.0
2026-08-07T08:11:09,leasing,SKODA,ENYAQ,1,1,1.0
2026-08-07T08:11:09,leasing,SKODA,FABIA,5,0,0.0
2026-08-07T08:11:09,leasing,SKODA,KAMIQ,5,0,0.0
2026-08-07T08:11:09,leasing,SKODA,KODIAQ,2,0,0.0
2026-08-07T08:11:09,leasing,TESLA,MODEL 3,4,4,1.0
2026-08-07T08:11:09,leasing,TESLA,MODEL Y,10,10,1.0
2026-08-07T08:11:09,leasing,TOYOTA,AYGO X,3,0,0.0
2026-08-07T08:11:09,leasing,TOYOTA,C-HR,2,0,0.0
2026-08-07T08:11:09,leasing,TOYOTA,COROLLA,4,0,0.0
2026-08-07T08:11:09,leasing,TOYOTA,COROLLA TS,12,0,0.0
2026-08-07T08:11:09,leasing,TOYOTA,PROACE CITY,1,0,0.0
2026-08-07T08:11:09,leasing,TOYOTA,RAV4 HSD,2,0,0.0
2026-08-07T08:11:09,leasing,TOYOTA,RAV4 PLUG IN,2,0,0.0
2026-08-07T08:11:09,leasing,TOYOTA,YARIS,1,0,0.0
2026-08-07T08:11:09,leasing,TOYOTA,YARIS HYBRID,3,0,0.0
2026-08-07T08:11:09,leasing,VOLKSWAGEN,GOLF,7,0,0.0
2026-08-07T08:11:09,leasing,VOLKSWAGEN,ID.3,2,2,1.0
2026-08-07T08:11:09,leasing,VOLKSWAGEN,POLO,5,0,0.0
2026-08-07T08:11:09,leasing,VOLKSWAGEN,T-ROC,3,0,0.0
2026-08-07T08:11:09,leasing,VOLKSWAGEN,TAIGO,2,0,0.0
2026-08-07T08:11:09,leasing,VOLKSWAGEN,TIGUAN,6,0,0.0
2026-08-07T08:11:09,leasing,VOLKSWAGEN,TIGUAN ALLSPACE,1,0,0.0
2026-08-07T08:11:09,leasing,VOLKSWAGEN,TOURAN,2,0,0.0
2026-08-07T08:11:09,leasing,VOLKSWAGEN,TRANSPORTER,1,0,0.0
2026-08-07T08:11:09,cash,AUDI,A1 SPORTBACK,1,0,0.0
2026-08-07T08:11:09,cash,AUDI,A3 SPORTBACK,4,0,0.0
2026-08-07T08:11:09,cash,BMW,IX1,1,1,1.0
2026-08-07T08:11:09,cash,BMW,IX3,1,1,1.0
2026-08-07T08:11:09,cash,BMW,SERIE 1,7,0,0.0
2026-08-07T08:11:09,cash,BMW,SERIE 2 ACTIVE TOURE,1,0,0.0
2026-08-07T08:11:09,cash,BMW,X1,7,0,0.0
2026-08-07T08:11:09,cash,BMW,X2,1,0,0.0
2026-08-07T08:11:09,cash,BMW,X3,1,0,0.0
2026-08-07T08:11:09,cash,BMW,X5,1,0,0.0
2026-08-07T08:11:09,cash,CITROEN,BERLINGO,7,0,0.0
2026-08-07T08:11:09,cash,CITROEN,C3,8,0,0.0
2026-08-07T08:11:09,cash,CITROEN,C3 AIRCROSS,7,0,0.0
2026-08-07T08:11:09,cash,CITROEN,C4,4,0,0.0
2026-08-07T08:11:09,cash,CITROEN,C5 AIRCROSS,15,0,0.0
2026-08-07T08:11:09,cash,CITROEN,C5 X,4,0,0.0
2026-08-07T08:11:09,cash,CITROEN,E-C4,1,1,1.0
2026-08-07T08:11:09,cash,CITROEN,JUMPY,5,0,0.0
2026-08-07T08:11:09,cash,CUPRA,FORMENTOR,3,0,0.0
2026-08-07T08:11:09,cash,DACIA,JOGGER,1,0,0.0
2026-08-07T08:11:09,cash,DACIA,SANDERO,2,0,0.0
2026-08-07T08:11:09,cash,DS,DS3 CROSSBACK,2,1,0.5
2026-08-07T08:11:09,cash,DS,DS4,1,0,0.0
2026-08-07T08:11:09,cash,DS,DS7,2,0,0.0
2026-08-07T08:11:09,cash,FIAT,500,1,0,0.0
2026-08-07T08:11:09,cash,FORD,KUGA,8,0,0.0
2026-08-07T08:11:09,cash,FORD,PUMA,1,0,0.0
2026-08-07T08:11:09,cash,FORD,TRANSIT CUSTOM,1,0,0.0
2026-08-07T08:11:09,cash,HYUNDAI,I30,1,0,0.0
2026-08-07T08:11:09,cash,HYUNDAI,IONIQ,1,1,1.0
2026-08-07T08:11:09,cash,HYUNDAI,SANTA FE,1,0,0.0
2026-08-07T08:11:09,cash,HYUNDAI,TUCSON,9,0,0.0
2026-08-07T08:11:09,cash,JEEP,AVENGER,2,2,1.0
2026-08-07T08:11:09,cash,KIA,CEED,4,0,0.0
2026-08-07T08:11:09,cash,KIA,EV6,1,1,1.0
2026-08-07T08:11:09,cash,KIA,NIRO,1,0,0.0
2026-08-07T08:11:09,cash,KIA,NIRO EV,9,9,1.0
2026-08-07T08:11:09,cash,KIA,PICANTO,1,0,0.0
2026-08-07T08:11:09,cash,KIA,PROCEED,1,0,0.0
2026-08-07T08:11:09,cash,KIA,RIO,2,0,0.0
2026-08-07T08:11:09,cash,KIA,SORENTO,1,0,0.0
2026-08-07T08:11:09,cash,KIA,SPORTAGE,9,0,0.0
2026-08-07T08:11:09,cash,KIA,STONIC,9,0,0.0
2026-08-07T08:11:09,cash,KIA,XCEED,1,0,0.0
2026-08-07T08:11:09,cash,LYNK,& CO LC01,1,0,0.0
2026-08-07T08:11:09,cash,MERCEDES-BENZ,CLA COUPE,2,0,0.0
2026-08-07T08:11:09,cash,MERCEDES-BENZ,CLASSE A,3,0,0.0
2026-08-07T08:11:09,cash,MERCEDES-BENZ,CLASSE CLA,2,0,0.0
2026-08-07T08:11:09,cash,MERCEDES-BENZ,EQA,1,1,1.0
2026-08-07T08:11:09,cash,MERCEDES-BENZ,GLB,1,0,0.0
2026-08-07T08:11:09,cash,MG,MG5,1,1,1.0
2026-08-07T08:11:09,cash,NISSAN,JUKE,1,0,0.0
2026-08-07T08:11:09,cash,NISSAN,LEAF,1,1,1.0
2026-08-07T08:11:09,cash,NISSAN,QASHQAI,9,0,0.0
2026-08-07T08:11:09,cash,NISSAN,X-TRAIL,1,0,0.0
2026-08-07T08:11:09,cash,OPEL,ASTRA,1,0,0.0
2026-08-07T08:11:09,cash,OPEL,CORSA,3,0,0.0
2026-08-07T08:11:09,cash,OPEL,CROSSLAND,3,0,0.0
2026-08-07T08:11:09,cash,OPEL,GRANDLAND,1,0,0.0
2026-08-07T08:11:09,cash,OPEL,GRANDLAND X,1,0,0.0
2026-08-07T08:11:09,cash,PEUGEOT,108,1,0,0.0
2026-08-07T08:11:09,cash,PEUGEOT,2008,28,0,0.0
2026-08-07T08:11:09,cash,PEUGEOT,208,10,0,0.0
2026-08-07T08:11:09,cash,PEUGEOT,3008,33,0,0.0
2026-08-07T08:11:09,cash,PEUGEOT,308,9,0,0.0
2026-08-07T08:11:09,cash,PEUGEOT,308 SW,2,0,0.0
2026-08-07T08:11:09,cash,PEUGEOT,408,1,0,0.0
2026-08-07T08:11:09,cash,PEUGEOT,5008,14,0,0.0
2026-08-07T08:11:09,cash,PEUGEOT,E-2008,12,12,1.0
2026-08-07T08:11:09,cash,PEUGEOT,E-208,4,4,1.0
2026-08-07T08:11:09,cash,PEUGEOT,E-308,2,2,1.0
2026-08-07T08:11:09,cash,PEUGEOT,EXPERT,3,0,0.0
2026-08-07T08:11:09,cash,PEUGEOT,PARTNER,8,0,0.0
2026-08-07T08:11:09,cash,RENAULT,ARKANA,14,0,0.0
2026-08-07T08:11:09,cash,RENAULT,AUSTRAL,4,0,0.0
2026-08-07T08:11:09,cash,RENAULT,CAPTUR,14,0,0.0
2026-08-07T08:11:09,cash,RENAULT,CLIO,27,0,0.0
2026-08-07T08:11:09,cash,RENAULT,ESPACE,2,0,0.0
2026-08-07T08:11:09,cash,RENAULT,EXPRESS,16,0,0.0
2026-08-07T08:11:09,cash,RENAULT,KADJAR,1,0,0.0
2026-08-07T08:11:09,cash,RENAULT,KANGOO,5,0,0.0
2026-08-07T08:11:09,cash,RENAULT,MASTER,1,0,0.0
2026-08-07T08:11:09,cash,RENAULT,MEGANE,11,0,0.0
2026-08-07T08:11:09,cash,RENAULT,SCENIC,6,0,0.0
2026-08-07T08:11:09,cash,RENAULT,SYMBIOZ,1,0,0.0
2026-08-07T08:11:09,cash,RENAULT,TRAFIC,5,0,0.0
2026-08-07T08:11:09,cash,RENAULT,TWINGO,1,0,0.0
2026-08-07T08:11:09,cash,RENAULT,ZOE,1,1,1.0
2026-08-07T08:11:09,cash,SEAT,ARONA,1,0,0.0
2026-08-07T08:11:09,cash,SKODA,ENYAQ,1,1,1.0
2026-08-07T08:11:09,cash,SKODA,FABIA,5,0,0.0
2026-08-07T08:11:09,cash,SKODA,KAMIQ,5,0,0.0
2026-08-07T08:11:09,cash,SKODA,KAROQ,1,0,0.0
2026-08-07T08:11:09,cash,SKODA,KODIAQ,2,0,0.0
2026-08-07T08:11:09,cash,TESLA,MODEL 3,6,6,1.0
2026-08-07T08:11:09,cash,TESLA,MODEL Y,12,12,1.0
2026-08-07T08:11:09,cash,TOYOTA,AYGO X,4,0,0.0
2026-08-07T08:11:09,cash,TOYOTA,C-HR,3,0,0.0
2026-08-07T08:11:09,cash,TOYOTA,COROLLA,4,0,0.0
2026-08-07T08:11:09,cash,TOYOTA,COROLLA TS,12,0,0.0
2026-08-07T08:11:09,cash,TOYOTA,PROACE CITY,1,0,0.0
2026-08-07T08:11:09,cash,TOYOTA,RAV4 HSD,3,0,0.0
2026-08-07T08:11:09,cash,TOYOTA,RAV4 PLUG IN,2,0,0.0
2026-08-07T08:11:09,cash,TOYOTA,YARIS,1,0,0.0
2026-08-07T08:11:09,cash,TOYOTA,YARIS HYBRID,3,0,0.0
2026-08-07T08:11:09,cash,VOLKSWAGEN,GOLF,7,0,0.0
2026-08-07T08:11:09,cash,VOLKSWAGEN,ID.3,2,2,1.0
2026-08-07T08:11:09,cash,VOLKSWAGEN,POLO,6,0,0.0
2026-08-07T08:11:09,cash,VOLKSWAGEN,T-ROC,4,0,0.0
2026-08-07T08:11:09,cash,VOLKSWAGEN,TAIGO,2,0,0.0
2026-08-07T08:11:09,cash,VOLKSWAGEN,TIGUAN,6,0,0.0
2026-08-07T08:11:09,cash,VOLKSWAGEN,TIGUAN ALLSPACE,2,0,0.0
2026-08-07T08:11:09,cash,VOLKSWAGEN,TOURAN,2,0,0.0
2026-08-07T08:11:09,cash,VOLKSWAGEN,TRANSPORTER,1,0,0.0
2026-08-08T07:45:27,leasing,AUDI,A1 SPORTBACK,1,0,0.0
2026-08-08T07:45:27,leasing,AUDI,A3 SPORTBACK,4,0,0.0
2026-08-08T07:45:27,leasing,BMW,IX3,1,1,1.0
2026-08-08T07:45:27,leasing,BMW,SERIE 1,6,0,0.0
2026-08-08T07:45:27,leasing,BMW,X1,5,0,0.0
2026-08-08T07:45:27,leasing,BMW,X2,1,0,0.0
2026-08-08T07:45:27,leasing,BMW,X3,1,0,0.0
2026-08-08T07:45:27,leasing,CITROEN,BERLINGO,6,0,0.0
2026-08-08T07:45:27,leasing,CITROEN,C3,6,0,0.0
2026-08-08T07:45:27,leasing,CITROEN,C3 AIRCROSS,7,0,0.0
2026-08-08T07:45:27,leasing,CITROEN,C4,4,0,0.0
2026-08-08T07:45:27,leasing,CITROEN,C5 AIRCROSS,15,0,0.0
2026-08-08T07:45:27,leasing,CITROEN,C5 X,4,0,0.0
2026-08-08T07:45:27,leasing,CITROEN,JUMPY,5,0,0.0
2026-08-08T07:45:27,leasing,CUPRA,FORMENTOR,3,0,0.0
2026-08-08T07:45:27,leasing,DACIA,JOGGER,1,0,0.0
2026-08-08T07:45:27,leasing,DACIA,SANDERO,1,0,0.0
2026-08-08T07:45:27,leasing,DS,DS3 CROSSBACK,2,1,0.5
2026-08-08T07:45:27,leasing,DS,DS4,1,0,0.0
2026-08-08T07:45:27,leasing,DS,DS7,2,0,0.0
2026-08-08T07:45:27,leasing,FIAT,500,1,0,0.0
2026-08-08T07:45:27,leasing,FORD,KUGA,7,0,0.0
2026-08-08T07:45:27,leasing,FORD,PUMA,1,0,0.0
2026-08-08T07:45:27,leasing,HYUNDAI,I30,1,0,0.0
2026-08-08T07:45:27,leasing,HYUNDAI,IONIQ,1,1,1.0
2026-08-08T07:45:27,leasing,HYUNDAI,SANTA FE,1,0,0.0
2026-08-08T07:45:27,leasing,HYUNDAI,TUCSON,9,0,0.0
2026-08-08T07:45:27,leasing,JEEP,AVENGER,3,3,1.0
2026-08-08T07:45:27,leasing,KIA,CEED,4,0,0.0
2026-08-08T07:45:27,leasing,KIA,EV6,1,1,1.0
2026-08-08T07:45:27,leasing,KIA,NIRO,1,0,0.0
2026-08-08T07:45:27,leasing,KIA,NIRO EV,9,9,1.0
2026-08-08T07:45:27,leasing,KIA,PICANTO,1,0,0.0
2026-08-08T07:45:27,leasing,KIA,PROCEED,1,0,0.0
2026-08-08T07:45:27,leasing,KIA,RIO,2,0,0.0
2026-08-08T07:45:27,leasing,KIA,SORENTO,1,0,0.0
2026-08-08T07:45:27,leasing,KIA,SPORTAGE,9,0,0.0
2026-08-08T07:45:27,leasing,KIA,STONIC,8,0,0.0
2026-08-08T07:45:27,leasing,KIA,XCEED,1,0,0.0
2026-08-08T07:45:27,leasing,MERCEDES-BENZ,CLA COUPE,1,0,0.0
2026-08-08T07:45:27,leasing,MERCEDES-BENZ,CLASSE A,1,0,0.0
2026-08-08T07:45:27,leasing,MERCEDES-BENZ,CLASSE CLA,2,0,0.0
2026-08-08T07:45:27,leasing,MERCEDES-BENZ,CLASSE GLA,1,0,0.0
2026-08-08T07:45:27,leasing,MG,MG5,1,1,1.0
2026-08-08T07:45:27,leasing,NISSAN,JUKE,1,0,0.0
2026-08-08T07:45:27,leasing,NISSAN,LEAF,1,1,1.0
2026-08-08T07:45:27,leasing,NISSAN,QASHQAI,8,0,0.0
2026-08-08T07:45:27,leasing,NISSAN,X-TRAIL,1,0,0.0
2026-08-08T07:45:27,leasing,OPEL,ASTRA,1,0,0.0
2026-08-08T07:45:27,leasing,OPEL,CORSA,3,0,0.0
2026-08-08T07:45:27,leasing,OPEL,CROSSLAND,3,0,0.0
2026-08-08T07:45:27,leasing,OPEL,GRANDLAND,1,0,0.0
2026-08-08T07:45:27,leasing,PEUGEOT,2008,24,0,0.0
2026-08-08T07:45:27,leasing,PEUGEOT,208,9,0,0.0
2026-08-08T07:45:27,leasing,PEUGEOT,3008,29,0,0.0
2026-08-08T07:45:27,leasing,PEUGEOT,308,9,0,0.0
2026-08-08T07:45:27,leasing,PEUGEOT,308 SW,2,0,0.0
2026-08-08T07:45:27,leasing,PEUGEOT,408,1,0,0.0
2026-08-08T07:45:27,leasing,PEUGEOT,5008,14,0,0.0
2026-08-08T07:45:27,leasing,PEUGEOT,E-2008,13,13,1.0
2026-08-08T07:45:27,leasing,PEUGEOT,E-208,3,3,1.0
2026-08-08T07:45:27,leasing,PEUGEOT,EXPERT,3,0,0.0
2026-08-08T07:45:27,leasing,PEUGEOT,PARTNER,9,0,0.0
2026-08-08T07:45:27,leasing,RENAULT,ARKANA,14,0,0.0
2026-08-08T07:45:27,leasing,RENAULT,AUSTRAL,3,0,0.0
2026-08-08T07:45:27,leasing,RENAULT,CAPTUR,13,0,0.0
2026-08-08T07:45:27,leasing,RENAULT,CLIO,23,0,0.0
2026-08-08T07:45:27,leasing,RENAULT,ESPACE,2,0,0.0
2026-08-08T07:45:27,leasing,RENAULT,EXPRESS,16,0,0.0
2026-08-08T07:45:27,leasing,RENAULT,KANGOO,5,0,0.0
2026-08-08T07:45:27,leasing,RENAULT,MASTER,1,0,0.0
2026-08-08T07:45:27,leasing,RENAULT,MEGANE,12,0,0.0
2026-08-08T07:45:27,leasing,RENAULT,SCENIC,6,0,0.0
2026-08-08T07:45:27,leasing,RENAULT,TRAFIC,5,0,0.0
2026-08-08T07:45:27,leasing,RENAULT,ZOE,1,1,1.0
2026-08-08T07:45:27,leasing,SEAT,ARONA,1,0,0.0
2026-08-08T07:45:27,leasing,SKODA,ENYAQ,1,1,1.0
2026-08-08T07:45:27,leasing,SKODA,FABIA,5,0,0.0
2026-08-08T07:45:27,leasing,SKODA,KAMIQ,5,0,0.0
2026-08-08T07:45:27,leasing,SKODA,KODIAQ,2,0,0.0
2026-08-08T07:45:27,leasing,TESLA,MODEL 3,4,4,1.0
2026-08-08T07:45:27,leasing,TESLA,MODEL Y,12,12,1.0
2026-08-08T07:45:27,leasing,TOYOTA,AYGO X,4,0,0.0
2026-08-08T07:45:27,leasing,TOYOTA,C-HR,3,0,0.0
2026-08-08T07:45:27,leasing,TOYOTA,COROLLA,4,0,0.0
2026-08-08T07:45:27,leasing,TOYOTA,COROLLA TS,12,0,0.0
2026-08-08T07:45:27,leasing,TOYOTA,PROACE CITY,1,0,0.0
2026-08-08T07:45:27,leasing,TOYOTA,RAV4 HSD,2,0,0.0
2026-08-08T07:45:27,leasing,TOYOTA,RAV4 PLUG IN,3,0,0.0
2026-08-08T07:45:27,leasing,TOYOTA,YARIS,1,0,0.0
2026-08-08T07:45:27,leasing,TOYOTA,YARIS HYBRID,3,0,0.0
2026-08-08T07:45:27,leasing,VOLKSWAGEN,GOLF,8,0,0.0
2026-08-08T07:45:27,leasing,VOLKSWAGEN,ID.3,2,2,1.0
2026-08-08T07:45:27,leasing,VOLKSWAGEN,POLO,6,0,0.0
2026-08-08T07:45:27,leasing,VOLKSWAGEN,T-ROC,3,0,0.0
2026-08-08T07:45:27,leasing,VOLKSWAGEN,TAIGO,2,0,0.0
2026-08-08T07:45:27,leasing,VOLKSWAGEN,TIGUAN,4,0,0.0
2026-08-08T07:45:27,leasing,VOLKSWAGEN,TIGUAN ALLSPACE,1,0,0.0
2026-08-08T07:45:27,leasing,VOLKSWAGEN,TOURAN,2,0,0.0
2026-08-08T07:45:27,leasing,VOLKSWAGEN,TRANSPORTER,1,0,0.0
2026-08-08T07:45:27,cash,AUDI,A1 SPORTBACK,1,0,0.0
2026-08-08T07:45:27,cash,AUDI,A3 SPORTBACK,4,0,0.0
2026-08-08T07:45:27,cash,BMW,IX3,1,1,1.0
2026-08-08T07:45:27,cash,BMW,SERIE 1,6,0,0.0
2026-08-08T07:45:27,cash,BMW,SERIE 2 ACTIVE TOURE,1,0,0.0
2026-08-08T07:45:27,cash,BMW,X1,6,0,0.0
2026-08-08T07:45:27,cash,BMW,X2,1,0,0.0
2026-08-08T07:45:27,cash,BMW,X3,1,0,0.0
2026-08-08T07:45:27,cash,BMW,X5,1,0,0.0
2026-08-08T07:45:27,cash,CITROEN,BERLINGO,7,0,0.0
2026-08-08T07:45:27,cash,CITROEN,C3,8,0,0.0
2026-08-08T07:45:27,cash,CITROEN,C3 AIRCROSS,7,0,0.0
2026-08-08T07:45:27,cash,CITROEN,C4,4,0,0.0
2026-08-08T07:45:27,cash,CITROEN,C5 AIRCROSS,15,0,0.0
2026-08-08T07:45:27,cash,CITROEN,C5 X,4,0,0.0
2026-08-08T07:45:27,cash,CITROEN,E-C4,1,1,1.0
2026-08-08T07:45:27,cash,CITROEN,JUMPY,5,0,0.0
2026-08-08T07:45:27,cash,CUPRA,FORMENTOR,3,0,0.0
2026-08-08T07:45:27,cash,DACIA,JOGGER,1,0,0.0
2026-08-08T07:45:27,cash,DACIA,SANDERO,2,0,0.0
2026-08-08T07:45:27,cash,DS,DS3 CROSSBACK,2,1,0.5
2026-08-08T07:45:27,cash,DS,DS4,1,0,0.0
2026-08-08T07:45:27,cash,DS,DS7,2,0,0.0
2026-08-08T07:45:27,cash,FIAT,500,1,0,0.0
2026-08-08T07:45:27,cash,FORD,KUGA,8,0,0.0
2026-08-08T07:45:27,cash,FORD,PUMA,1,0,0.0
2026-08-08T07:45:27,cash,FORD,TRANSIT CUSTOM,1,0,0.0
2026-08-08T07:45:27,cash,HYUNDAI,I30,1,0,0.0
2026-08-08T07:45:27,cash,HYUNDAI,IONIQ,1,1,1.0
2026-08-08T07:45:27,cash,HYUNDAI,SANTA FE,1,0,0.0
2026-08-08T07:45:27,cash,HYUNDAI,TUCSON,9,0,0.0
2026-08-08T07:45:27,cash,JEEP,AVENGER,3,3,1.0
2026-08-08T07:45:27,cash,KIA,CEED,4,0,0.0
2026-08-08T07:45:27,cash,KIA,EV6,1,1,1.0
2026-08-08T07:45:27,cash,KIA,NIRO,1,0,0.0
2026-08-08T07:45:27,cash,KIA,NIRO EV,9,9,1.0
2026-08-08T07:45:27,cash,KIA,PICANTO,1,0,0.0
2026-08-08T07:45:27,cash,KIA,PROCEED,1,0,0.0
2026-08-08T07:45:27,cash,KIA,RIO,2,0,0.0
2026-08-08T07:45:27,cash,KIA,SORENTO,1,0,0.0
2026-08-08T07:45:27,cash,KIA,SPORTAGE,9,0,0.0
2026-08-08T07:45:27,cash,KIA,STONIC,9,0,0.0
2026-08-08T07:45:27,cash,KIA,XCEED,1,0,0.0
2026-08-08T07:45:27,cash,LYNK,& CO LC01,1,0,0.0
2026-08-08T07:45:27,cash,MERCEDES-BENZ,CLA COUPE,1,0,0.0
2026-08-08T07:45:27,cash,MERCEDES-BENZ,CLASSE A,3,0,0.0
2026-08-08T07:45:27,cash,MERCEDES-BENZ,CLASSE CLA,2,0,0.0
2026-08-08T07:45:27,cash,MERCEDES-BENZ,CLASSE GLA,1,0,0.0
2026-08-08T07:45:27,cash,MERCEDES-BENZ,EQA,1,1,1.0
2026-08-08T07:45:27,cash,MERCEDES-BENZ,GLB,1,0,0.0
2026-08-08T07:45:27,cash,MG,MG5,1,1,1.0
2026-08-08T07:45:27,cash,NISSAN,JUKE,1,0,0.0
2026-08-08T07:45:27,cash,NISSAN,LEAF,1,1,1.0
2026-08-08T07:45:27,cash,NISSAN,QASHQAI,8,0,0.0
2026-08-08T07:45:27,cash,NISSAN,X-TRAIL,1,0,0.0
2026-08-08T07:45:27,cash,OPEL,ASTRA,1,0,0.0
2026-08-08T07:45:27,cash,OPEL,CORSA,3,0,0.0
2026-08-08T07:45:27,cash,OPEL,CROSSLAND,3,0,0.0
2026-08-08T07:45:27,cash,OPEL,GRANDLAND,1,0,0.0
2026-08-08T07:45:27,cash,OPEL,GRANDLAND X,1,0,0.0
2026-08-08T07:45:27,cash,PEUGEOT,108,1,0,0.0
2026-08-08T07:45:27,cash,PEUGEOT,2008,26,0,0.0
2026-08-08T07:45:27,cash,PEUGEOT,208,10,0,0.0
2026-08-08T07:45:27,cash,PEUGEOT,3008,33,0,0.0
2026-08-08T07:45:27,cash,PEUGEOT,308,9,0,0.0
2026-08-08T07:45:27,cash,PEUGEOT,308 SW,2,0,0.0
2026-08-08T07:45:27,cash,PEUGEOT,408,1,0,0.0
2026-08-08T07:45:27,cash,PEUGEOT,5008,14,0,0.0
2026-08-08T07:45:27,cash,PEUGEOT,E-2008,13,13,1.0
2026-08-08T07:45:27,cash,PEUGEOT,E-208,4,4,1.0
2026-08-08T07:45:27,cash,PEUGEOT,E-308,2,2,1.0
2026-08-08T07:45:27,cash,PEUGEOT,EXPERT,3,0,0.0
2026-08-08T07:45:27,cash,PEUGEOT,PARTNER,10,0,0.0
2026-08-08T07:45:27,cash,RENAULT,ARKANA,14,0,0.0
2026-08-08T07:45:27,cash,RENAULT,AUSTRAL,3,0,0.0
2026-08-08T07:45:27,cash,RENAULT,CAPTUR,14,0,0.0
2026-08-08T07:45:27,cash,RENAULT,CLIO,26,0,0.0
2026-08-08T07:45:27,cash,RENAULT,ESPACE,2,0,0.0
2026-08-08T07:45:27,cash,RENAULT,EXPRESS,16,0,0.0
2026-08-08T07:45:27,cash,RENAULT,KADJAR,1,0,0.0
2026-08-08T07:45:27,cash,RENAULT,KANGOO,5,0,0.0
2026-08-08T07:45:27,cash,RENAULT,MASTER,1,0,0.0
2026-08-08T07:45:27,cash,RENAULT,MEGANE,13,0,0.0
2026-08-08T07:45:27,cash,RENAULT,SCENIC,6,0,0.0
2026-08-08T07:45:27,cash,RENAULT,SYMBIOZ,1,0,0.0
2026-08-08T07:45:27,cash,RENAULT,TRAFIC,5,0,0.0
2026-08-08T07:45:27,cash,RENAULT,TWINGO,1,0,0.0
2026-08-08T07:45:27,cash,RENAULT,ZOE,1,1,1.0
2026-08-08T07:45:27,cash,SEAT,ARONA,1,0,0.0
2026-08-08T07:45:27,cash,SKODA,ENYAQ,1,1,1.0
2026-08-08T07:45:27,cash,SKODA,FABIA,5,0,0.0
2026-08-08T07:45:27,cash,SKODA,KAMIQ,5,0,0.0
2026-08-08T07:45:27,cash,SKODA,KAROQ,1,0,0.0
2026-08-08T07:45:27,cash,SKODA,KODIAQ,2,0,0.0
2026-08-08T07:45:27,cash,TESLA,MODEL 3,6,6,1.0
2026-08-08T07:45:27,cash,TESLA,MODEL Y,12,12,1.0
2026-08-08T07:45:27,cash,TOYOTA,AYGO X,4,0,0.0
2026-08-08T07:45:27,cash,TOYOTA,C-HR,4,0,0.0
2026-08-08T07:45:27,cash,TOYOTA,COROLLA,4,0,0.0
2026-08-08T07:45:27,cash,TOYOTA,COROLLA TS,12,0,0.0
2026-08-08T07:45:27,cash,TOYOTA,PROACE CITY,1,0,0.0
2026-08-08T07:45:27,cash,TOYOTA,RAV4 HSD,3,0,0.0
2026-08-08T07:45:27,cash,TOYOTA,RAV4 PLUG IN,3,0,0.0
2026-08-08T07:45:27,cash,TOYOTA,YARIS,1,0,0.0
2026-08-08T07:45:27,cash,TOYOTA,YARIS HYBRID,3,0,0.0
2026-08-08T07:45:27,cash,VOLKSWAGEN,GOLF,8,0,0.0
2026-08-08T07:45:27,cash,VOLKSWAGEN,ID.3,2,2,1.0
2026-08-08T07:45:27,cash,VOLKSWAGEN,POLO,7,0,0.0
2026-08-08T07:45:27,cash,VOLKSWAGEN,T-ROC,4,0,0.0
2026-08-08T07:45:27,cash,VOLKSWAGEN,TAIGO,2,0,0.0
2026-08-08T07:45:27,cash,VOLKSWAGEN,TIGUAN,4,0,0.0
2026-08-08T07:45:27,cash,VOLKSWAGEN,TIGUAN ALLSPACE,2,0,0.0
2026-08-08T07:45:27,cash,VOLKSWAGEN,TOURAN,2,0,0.0
2026-08-08T07:45:27,cash,VOLKSWAGEN,TRANSPORTER,1,0,0.0
2026-08-09T07:51:24,leasing,AUDI,A1 SPORTBACK,1,0,0.0
2026-08-09T07:51:24,leasing,AUDI,A3 SPORTBACK,4,0,0.0
2026-08-09T07:51:24,leasing,BMW,IX3,1,1,1.0
2026-08-09T07:51:24,leasing,BMW,SERIE 1,7,0,0.0
2026-08-09T07:51:24,leasing,BMW,SERIE 3,2,0,0.0
2026-08-09T07:51:24,leasing,BMW,X1,6,0,0.0
2026-08-09T07:51:24,leasing,BMW,X2,1,0,0.0
2026-08-09T07:51:24,leasing,BMW,X3,1,0,0.0
2026-08-09T07:51:24,leasing,CITROEN,BERLINGO,6,0,0.0
2026-08-09T07:51:24,leasing,CITROEN,C3,6,0,0.0
2026-08-09T07:51:24,leasing,CITROEN,C3 AIRCROSS,6,0,0.0
2026-08-09T07:51:24,leasing,CITROEN,C4,4,0,0.0
2026-08-09T07:51:24,leasing,CITROEN,C5 AIRCROSS,15,0,0.0
2026-08-09T07:51:24,leasing,CITROEN,C5 X,4,0,0.0
2026-08-09T07:51:24,leasing,CITROEN,JUMPY,5,0,0.0
2026-08-09T07:51:24,leasing,CUPRA,FORMENTOR,3,0,0.0
2026-08-09T07:51:24,leasing,DACIA,JOGGER,1,0,0.0
2026-08-09T07:51:24,leasing,DACIA,SANDERO,1,0,0.0
2026-08-09T07:51:24,leasing,DS,DS3 CROSSBACK,2,1,0.5
2026-08-09T07:51:24,leasing,DS,DS4,1,0,0.0
2026-08-09T07:51:24,leasing,DS,DS7,2,0,0.0
2026-08-09T07:51:24,leasing,FIAT,500,1,0,0.0
2026-08-09T07:51:24,leasing,FORD,KUGA,6,0,0.0
2026-08-09T07:51:24,leasing,FORD,PUMA,1,0,0.0
2026-08-09T07:51:24,leasing,HYUNDAI,I30,1,0,0.0
2026-08-09T07:51:24,leasing,HYUNDAI,IONIQ,1,1,1.0
2026-08-09T07:51:24,leasing,HYUNDAI,SANTA FE,1,0,0.0
2026-08-09T07:51:24,leasing,HYUNDAI,TUCSON,8,0,0.0
2026-08-09T07:51:24,leasing,JEEP,AVENGER,3,3,1.0
2026-08-09T07:51:24,leasing,KIA,CEED,4,0,0.0
2026-08-09T07:51:24,leasing,KIA,EV6,1,1,1.0
2026-08-09T07:51:24,leasing,KIA,NIRO,1,0,0.0
2026-08-09T07:51:24,leasing,KIA,NIRO EV,9,9,1.0
2026-08-09T07:51:24,leasing,KIA,PICANTO,1,0,0.0
2026-08-09T07:51:24,leasing,KIA,PROCEED,1,0,0.0
2026-08-09T07:51:24,leasing,KIA,RIO,2,0,0.0
2026-08-09T07:51:24,leasing,KIA,SORENTO,1,0,0.0
2026-08-09T07:51:24,leasing,KIA,SPORTAGE,9,0,0.0
2026-08-09T07:51:24,leasing,KIA,STONIC,8,0,0.0
2026-08-09T07:51:24,leasing,KIA,XCEED,1,0,0.0
2026-08-09T07:51:24,leasing,MERCEDES-BENZ,CLA COUPE,1,0,0.0
2026-08-09T07:51:24,leasing,MERCEDES-BENZ,CLASSE A,2,0,0.0
2026-08-09T07:51:24,leasing,MERCEDES-BENZ,CLASSE CLA,2,0,0.0
2026-08-09T07:51:24,leasing,NISSAN,JUKE,1,0,0.0
2026-08-09T07:51:24,leasing,NISSAN,LEAF,1,1,1.0
2026-08-09T07:51:24,leasing,NISSAN,QASHQAI,8,0,0.0
2026-08-09T07:51:24,leasing,NISSAN,X-TRAIL,1,0,0.0
2026-08-09T07:51:24,leasing,OPEL,ASTRA,1,0,0.0
2026-08-09T07:51:24,leasing,OPEL,CORSA,3,0,0.0
2026-08-09T07:51:24,leasing,OPEL,CROSSLAND,3,0,0.0
2026-08-09T07:51:24,leasing,OPEL,GRANDLAND,1,0,0.0
2026-08-09T07:51:24,leasing,PEUGEOT,2008,24,0,0.0
2026-08-09T07:51:24,leasing,PEUGEOT,208,9,0,0.0
2026-08-09T07:51:24,leasing,PEUGEOT,3008,29,0,0.0
2026-08-09T07:51:24,leasing,PEUGEOT,308,9,0,0.0
2026-08-09T07:51:24,leasing,PEUGEOT,308 SW,3,0,0.0
2026-08-09T07:51:24,leasing,PEUGEOT,408,1,0,0.0
2026-08-09T07:51:24,leasing,PEUGEOT,5008,15,0,0.0
2026-08-09T07:51:24,leasing,PEUGEOT,E-2008,14,14,1.0
2026-08-09T07:51:24,leasing,PEUGEOT,E-208,3,3,1.0
2026-08-09T07:51:24,leasing,PEUGEOT,EXPERT,3,0,0.0
2026-08-09T07:51:24,leasing,PEUGEOT,PARTNER,9,0,0.0
2026-08-09T07:51:24,leasing,RENAULT,ARKANA,14,0,0.0
2026-08-09T07:51:24,leasing,RENAULT,AUSTRAL,3,0,0.0
2026-08-09T07:51:24,leasing,RENAULT,CAPTUR,13,0,0.0
2026-08-09T07:51:24,leasing,RENAULT,CLIO,23,0,0.0
2026-08-09T07:51:24,leasing,RENAULT,ESPACE,2,0,0.0
2026-08-09T07:51:24,leasing,RENAULT,EXPRESS,16,0,0.0
2026-08-09T07:51:24,leasing,RENAULT,KANGOO,5,0,0.0
2026-08-09T07:51:24,leasing,RENAULT,MASTER,1,0,0.0
2026-08-09T07:51:24,leasing,RENAULT,MEGANE,12,0,0.0
2026-08-09T07:51:24,leasing,RENAULT,SCENIC,6,0,0.0
2026-08-09T07:51:24,leasing,RENAULT,TRAFIC,5,0,0.0
2026-08-09T07:51:24,leasing,RENAULT,ZOE,1,1,1.0
2026-08-09T07:51:24,leasing,SEAT,ARONA,1,0,0.0
2026-08-09T07:51:24,leasing,SKODA,ENYAQ,1,1,1.0
2026-08-09T07:51:24,leasing,SKODA,FABIA,5,0,0.0
2026-08-09T07:51:24,leasing,SKODA,KAMIQ,5,0,0.0
2026-08-09T07:51:24,leasing,SKODA,KODIAQ,2,0,0.0
2026-08-09T07:51:24,leasing,SUZUKI,SWIFT,1,0,0.0
2026-08-09T07:51:24,leasing,TESLA,MODEL 3,4,4,1.0
2026-08-09T07:51:24,leasing,TESLA,MODEL Y,11,11,1.0
2026-08-09T07:51:24,leasing,TOYOTA,AYGO X,4,0,0.0
2026-08-09T07:51:24,leasing,TOYOTA,C-HR,5,0,0.0
2026-08-09T07:51:24,leasing,TOYOTA,COROLLA,5,0,0.0
2026-08-09T07:51:24,leasing,TOYOTA,COROLLA TS,12,0,0.0
2026-08-09T07:51:24,leasing,TOYOTA,PROACE CITY,1,0,0.0
2026-08-09T07:51:24,leasing,TOYOTA,RAV4 HSD,3,0,0.0
2026-08-09T07:51:24,leasing,TOYOTA,RAV4 PLUG IN,3,0,0.0
2026-08-09T07:51:24,leasing,TOYOTA,YARIS,1,0,0.0
2026-08-09T07:51:24,leasing,TOYOTA,YARIS HYBRID,3,0,0.0
2026-08-09T07:51:24,leasing,VOLKSWAGEN,GOLF,9,0,0.0
2026-08-09T07:51:24,leasing,VOLKSWAGEN,ID.3,2,2,1.0
2026-08-09T07:51:24,leasing,VOLKSWAGEN,POLO,5,0,0.0
2026-08-09T07:51:24,leasing,VOLKSWAGEN,T-ROC,4,0,0.0
2026-08-09T07:51:24,leasing,VOLKSWAGEN,TAIGO,1,0,0.0
2026-08-09T07:51:24,leasing,VOLKSWAGEN,TIGUAN,4,0,0.0
2026-08-09T07:51:24,leasing,VOLKSWAGEN,TIGUAN ALLSPACE,1,0,0.0
2026-08-09T07:51:24,leasing,VOLKSWAGEN,TOURAN,2,0,0.0
2026-08-09T07:51:24,leasing,VOLKSWAGEN,TRANSPORTER,1,0,0.0
2026-08-09T07:51:24,cash,AUDI,A1 SPORTBACK,1,0,0.0
2026-08-09T07:51:24,cash,AUDI,A3 SPORTBACK,4,0,0.0
2026-08-09T07:51:24,cash,BMW,IX3,1,1,1.0
2026-08-09T07:51:24,cash,BMW,SERIE 1,7,0,0.0
2026-08-09T07:51:24,cash,BMW,SERIE 2 ACTIVE TOURE,1,0,0.0
2026-08-09T07:51:24,cash,BMW,SERIE 3,2,0,0.0
2026-08-09T07:51:24,cash,BMW,X1,7,0,0.0
2026-08-09T07:51:24,cash,BMW,X2,1,0,0.0
2026-08-09T07:51:24,cash,BMW,X3,1,0,0.0
2026-08-09T07:51:24,cash,BMW,X5,1,0,0.0
2026-08-09T07:51:24,cash,CITROEN,BERLINGO,7,0,0.0
2026-08-09T07:51:24,cash,CITROEN,C3,8,0,0.0
2026-08-09T07:51:24,cash,CITROEN,C3 AIRCROSS,6,0,0.0
2026-08-09T07:51:24,cash,CITROEN,C4,4,0,0.0
2026-08-09T07:51:24,cash,CITROEN,C5 AIRCROSS,15,0,0.0
2026-08-09T07:51:24,cash,CITROEN,C5 X,4,0,0.0
2026-08-09T07:51:24,cash,CITROEN,E-C4,1,1,1.0
2026-08-09T07:51:24,cash,CITROEN,JUMPY,5,0,0.0
2026-08-09T07:51:24,cash,CUPRA,FORMENTOR,3,0,0.0
2026-08-09T07:51:24,cash,DACIA,JOGGER,1,0,0.0
2026-08-09T07:51:24,cash,DACIA,SANDERO,2,0,0.0
2026-08-09T07:51:24,cash,DS,DS3 CROSSBACK,2,1,0.5
2026-08-09T07:51:24,cash,DS,DS4,1,0,0.0
2026-08-09T07:51:24,cash,DS,DS7,2,0,0.0
2026-08-09T07:51:24,cash,FIAT,500,1,0,0.0
2026-08-09T07:51:24,cash,FORD,KUGA,7,0,0.0
2026-08-09T07:51:24,cash,FORD,PUMA,1,0,0.0
2026-08-09T07:51:24,cash,FORD,TRANSIT CUSTOM,1,0,0.0
2026-08-09T07:51:24,cash,HYUNDAI,I30,1,0,0.0
2026-08-09T07:51:24,cash,HYUNDAI,IONIQ,1,1,1.0
2026-08-09T07:51:24,cash,HYUNDAI,SANTA FE,1,0,0.0
2026-08-09T07:51:24,cash,HYUNDAI,TUCSON,8,0,0.0
2026-08-09T07:51:24,cash,JEEP,AVENGER,3,3,1.0
2026-08-09T07:51:24,cash,KIA,CEED,4,0,0.0
2026-08-09T07:51:24,cash,KIA,EV6,1,1,1.0
2026-08-09T07:51:24,cash,KIA,NIRO,1,0,0.0
2026-08-09T07:51:24,cash,KIA,NIRO EV,9,9,1.0
2026-08-09T07:51:24,cash,KIA,PICANTO,1,0,0.0
2026-08-09T07:51:24,cash,KIA,PROCEED,1,0,0.0
2026-08-09T07:51:24,cash,KIA,RIO,2,0,0.0
2026-08-09T07:51:24,cash,KIA,SORENTO,1,0,0.0
2026-08-09T07:51:24,cash,KIA,SPORTAGE,9,0,0.0
2026-08-09T07:51:24,cash,KIA,STONIC,8,0,0.0
2026-08-09T07:51:24,cash,KIA,XCEED,1,0,0.0
2026-08-09T07:51:24,cash,LYNK,& CO LC01,1,0,0.0
2026-08-09T07:51:24,cash,MERCEDES-BENZ,CLA COUPE,1,0,0.0
2026-08-09T07:51:24,cash,MERCEDES-BENZ,CLASSE A,4,0,0.0
2026-08-09T07:51:24,cash,MERCEDES-BENZ,CLASSE CLA,2,0,0.0
2026-08-09T07:51:24,cash,MERCEDES-BENZ,EQA,1,1,1.0
2026-08-09T07:51:24,cash,MERCEDES-BENZ,GLB,1,0,0.0
2026-08-09T07:51:24,cash,NISSAN,JUKE,1,0,0.0
2026-08-09T07:51:24,cash,NISSAN,LEAF,1,1,1.0
2026-08-09T07:51:24,cash,NISSAN,QASHQAI,8,0,0.0
2026-08-09T07:51:24,cash,NISSAN,X-TRAIL,1,0,0.0
2026-08-09T07:51:24,cash,OPEL,ASTRA,1,0,0.0
2026-08-09T07:51:24,cash,OPEL,CORSA,3,0,0.0
2026-08-09T07:51:24,cash,OPEL,CROSSLAND,3,0,0.0
2026-08-09T07:51:24,cash,OPEL,GRANDLAND,1,0,0.0
2026-08-09T07:51:24,cash,OPEL,GRANDLAND X,1,0,0.0
2026-08-09T07:51:24,cash,PEUGEOT,108,1,0,0.0
2026-08-09T07:51:24,cash,PEUGEOT,2008,26,0,0.0
2026-08-09T07:51:24,cash,PEUGEOT,208,10,0,0.0
2026-08-09T07:51:24,cash,PEUGEOT,3008,33,0,0.0
2026-08-09T07:51:24,cash,PEUGEOT,308,9,0,0.0
2026-08-09T07:51:24,cash,PEUGEOT,308 SW,3,0,0.0
2026-08-09T07:51:24,cash,PEUGEOT,408,1,0,0.0
2026-08-09T07:51:24,cash,PEUGEOT,5008,15,0,0.0
2026-08-09T07:51:24,cash,PEUGEOT,E-2008,14,14,1.0
2026-08-09T07:51:24,cash,PEUGEOT,E-208,4,4,1.0
2026-08-09T07:51:24,cash,PEUGEOT,E-308,2,2,1.0
2026-08-09T07:51:24,cash,PEUGEOT,EXPERT,3,0,0.0
2026-08-09T07:51:24,cash,PEUGEOT,PARTNER,10,0,0.0
2026-08-09T07:51:24,cash,RENAULT,ARKANA,14,0,0.0
2026-08-09T07:51:24,cash,RENAULT,AUSTRAL,3,0,0.0
2026-08-09T07:51:24,cash,RENAULT,CAPTUR,14,0,0.0
2026-08-09T07:51:24,cash,RENAULT,CLIO,26,0,0.0
2026-08-09T07:51:24,cash,RENAULT,ESPACE,2,0,0.0
2026-08-09T07:51:24,cash,RENAULT,EXPRESS,16,0,0.0
2026-08-09T07:51:24,cash,RENAULT,KADJAR,1,0,0.0
2026-08-09T07:51:24,cash,RENAULT,KANGOO,5,0,0.0
2026-08-09T07:51:24,cash,RENAULT,MASTER,1,0,0.0
2026-08-09T07:51:24,cash,RENAULT,MEGANE,13,0,0.0
2026-08-09T07:51:24,cash,RENAULT,SCENIC,6,0,0.0
2026-08-09T07:51:24,cash,RENAULT,SYMBIOZ,1,0,0.0
2026-08-09T07:51:24,cash,RENAULT,TRAFIC,5,0,0.0
2026-08-09T07:51:24,cash,RENAULT,TWINGO,1,0,0.0
2026-08-09T07:51:24,cash,RENAULT,ZOE,1,1,1.0
2026-08-09T07:51:24,cash,SEAT,ARONA,1,0,0.0
2026-08-09T07:51:24,cash,SKODA,ENYAQ,1,1,1.0
2026-08-09T07:51:24,cash,SKODA,FABIA,5,0,0.0
2026-08-09T07:51:24,cash,SKODA,KAMIQ,5,0,0.0
2026-08-09T07:51:24,cash,SKODA,KAROQ,1,0,0.0
2026-08-09T07:51:24,cash,SKODA,KODIAQ,2,0,0.0
2026-08-09T07:51:24,cash,SUZUKI,SWIFT,1,0,0.0
2026-08-09T07:51:24,cash,TESLA,MODEL 3,6,6,1.0
2026-08-09T07:51:24,cash,TESLA,MODEL Y,11,11,1.0
2026-08-09T07:51:24,cash,TOYOTA,AYGO X,4,0,0.0
2026-08-09T07:51:24,cash,TOYOTA,C-HR,6,0,0.0
2026-08-09T07:51:24,cash,TOYOTA,COROLLA,5,0,0.0
2026-08-09T07:51:24,cash,TOYOTA,COROLLA TS,12,0,0.0
2026-08-09T07:51:24,cash,TOYOTA,PROACE CITY,1,0,0.0
2026-08-09T07:51:24,cash,TOYOTA,RAV4 HSD,4,0,0.0
2026-08-09T07:51:24,cash,TOYOTA,RAV4 PLUG IN,3,0,0.0
2026-08-09T07:51:24,cash,TOYOTA,YARIS,1,0,0.0
2026-08-09T07:51:24,cash,TOYOTA,YARIS HYBRID,3,0,0.0
2026-08-09T07:51:24,cash,VOLKSWAGEN,GOLF,9,0,0.0
2026-08-09T07:51:24,cash,VOLKSWAGEN,ID.3,2,2,1.0
2026-08-09T07:51:24,cash,VOLKSWAGEN,POLO,6,0,0.0
2026-08-09T07:51:24,cash,VOLKSWAGEN,T-ROC,5,0,0.0
2026-08-09T07:51:24,cash,VOLKSWAGEN,TAIGO,1,0,0.0
2026-08-09T07:51:24,cash,VOLKSWAGEN,TIGUAN,4,0,0.0
2026-08-09T07:51:24,cash,VOLKSWAGEN,TIGUAN ALLSPACE,2,0,0.0
2026-08-09T07:51:24,cash,VOLKSWAGEN,TOURAN,2,0,0.0
2026-08-09T07:51:24,cash,VOLKSWAGEN,TRANSPORTER,1,0,0.0
2026-08-10T08:25:01,leasing,AUDI,A1 SPORTBACK,1,0,0.0
2026-08-10T08:25:01,leasing,AUDI,A3 SPORTBACK,4,0,0.0
2026-08-10T08:25:01,leasing,BMW,IX3,1,1,1.0
2026-08-10T08:25:01,leasing,BMW,SERIE 1,7,0,0.0
2026-08-10T08:25:01,leasing,BMW,SERIE 2 ACTIVE TOURE,1,0,0.0
2026-08-10T08:25:01,leasing,BMW,SERIE 3,2,0,0.0
2026-08-10T08:25:01,leasing,BMW,X1,6,0,0.0
2026-08-10T08:25:01,leasing,BMW,X2,1,0,0.0
2026-08-10T08:25:01,leasing,BMW,X3,1,0,0.0
2026-08-10T08:25:01,leasing,CITROEN,BERLINGO,6,0,0.0
2026-08-10T08:25:01,leasing,CITROEN,C3,6,0,0.0
2026-08-10T08:25:01,leasing,CITROEN,C3 AIRCROSS,6,0,0.0
2026-08-10T08:25:01,leasing,CITROEN,C4,4,0,0.0
2026-08-10T08:25:01,leasing,CITROEN,C5 AIRCROSS,15,0,0.0
2026-08-10T08:25:01,leasing,CITROEN,C5 X,4,0,0.0
2026-08-10T08:25:01,leasing,CITROEN,JUMPY,5,0,0.0
2026-08-10T08:25:01,leasing,CUPRA,FORMENTOR,3,0,0.0
2026-08-10T08:25:01,leasing,DACIA,JOGGER,1,0,0.0
2026-08-10T08:25:01,leasing,DACIA,SANDERO,1,0,0.0
2026-08-10T08:25:01,leasing,DS,DS3 CROSSBACK,2,1,0.5
2026-08-10T08:25:01,leasing,DS,DS4,1,0,0.0
2026-08-10T08:25:01,leasing,DS,DS7,2,0,0.0
2026-08-10T08:25:01,leasing,FIAT,500,1,0,0.0
2026-08-10T08:25:01,leasing,FORD,KUGA,6,0,0.0
2026-08-10T08:25:01,leasing,FORD,PUMA,1,0,0.0
2026-08-10T08:25:01,leasing,HYUNDAI,I30,1,0,0.0
2026-08-10T08:25:01,leasing,HYUNDAI,IONIQ,1,1,1.0
2026-08-10T08:25:01,leasing,HYUNDAI,SANTA FE,1,0,0.0
2026-08-10T08:25:01,leasing,HYUNDAI,TUCSON,8,0,0.0
2026-08-10T08:25:01,leasing,JEEP,AVENGER,3,3,1.0
2026-08-10T08:25:01,leasing,KIA,CEED,4,0,0.0
2026-08-10T08:25:01,leasing,KIA,EV6,1,1,1.0
2026-08-10T08:25:01,leasing,KIA,NIRO,1,0,0.0
2026-08-10T08:25:01,leasing,KIA,NIRO EV,9,9,1.0
2026-08-10T08:25:01,leasing,KIA,PICANTO,1,0,0.0
2026-08-10T08:25:01,leasing,KIA,PROCEED,1,0,0.0
2026-08-10T08:25:01,leasing,KIA,RIO,2,0,0.0
2026-08-10T08:25:01,leasing,KIA,SORENTO,1,0,0.0
2026-08-10T08:25:01,leasing,KIA,SPORTAGE,9,0,0.0
2026-08-10T08:25:01,leasing,KIA,STONIC,8,0,0.0
2026-08-10T08:25:01,leasing,KIA,XCEED,1,0,0.0
2026-08-10T08:25:01,leasing,MERCEDES-BENZ,CLA COUPE,1,0,0.0
2026-08-10T08:25:01,leasing,MERCEDES-BENZ,CLASSE A,3,0,0.0
2026-08-10T08:25:01,leasing,MERCEDES-BENZ,CLASSE CLA,2,0,0.0
2026-08-10T08:25:01,leasing,NISSAN,JUKE,1,0,0.0
2026-08-10T08:25:01,leasing,NISSAN,LEAF,1,1,1.0
2026-08-10T08:25:01,leasing,NISSAN,QASHQAI,8,0,0.0
2026-08-10T08:25:01,leasing,NISSAN,X-TRAIL,1,0,0.0
2026-08-10T08:25:01,leasing,OPEL,ASTRA,1,0,0.0
2026-08-10T08:25:01,leasing,OPEL,CORSA,3,0,0.0
2026-08-10T08:25:01,leasing,OPEL,CROSSLAND,3,0,0.0
2026-08-10T08:25:01,leasing,OPEL,GRANDLAND,1,0,0.0
2026-08-10T08:25:01,leasing,PEUGEOT,2008,24,0,0.0
2026-08-10T08:25:01,leasing,PEUGEOT,208,9,0,0.0
2026-08-10T08:25:01,leasing,PEUGEOT,3008,29,0,0.0
2026-08-10T08:25:01,leasing,PEUGEOT,308,9,0,0.0
2026-08-10T08:25:01,leasing,PEUGEOT,308 SW,3,0,0.0
2026-08-10T08:25:01,leasing,PEUGEOT,408,1,0,0.0
2026-08-10T08:25:01,leasing,PEUGEOT,5008,15,0,0.0
2026-08-10T08:25:01,leasing,PEUGEOT,E-2008,14,14,1.0
2026-08-10T08:25:01,leasing,PEUGEOT,E-208,4,4,1.0
2026-08-10T08:25:01,leasing,PEUGEOT,EXPERT,3,0,0.0
2026-08-10T08:25:01,leasing,PEUGEOT,PARTNER,9,0,0.0
2026-08-10T08:25:01,leasing,RENAULT,ARKANA,14,0,0.0
2026-08-10T08:25:01,leasing,RENAULT,AUSTRAL,3,0,0.0
2026-08-10T08:25:01,leasing,RENAULT,CAPTUR,12,0,0.0
2026-08-10T08:25:01,leasing,RENAULT,CLIO,23,0,0.0
2026-08-10T08:25:01,leasing,RENAULT,ESPACE,2,0,0.0
2026-08-10T08:25:01,leasing,RENAULT,EXPRESS,16,0,0.0
2026-08-10T08:25:01,leasing,RENAULT,KANGOO,5,0,0.0
2026-08-10T08:25:01,leasing,RENAULT,MASTER,1,0,0.0
2026-08-10T08:25:01,leasing,RENAULT,MEGANE,12,0,0.0
2026-08-10T08:25:01,leasing,RENAULT,SCENIC,6,0,0.0
2026-08-10T08:25:01,leasing,RENAULT,TRAFIC,5,0,0.0
2026-08-10T08:25:01,leasing,RENAULT,ZOE,1,1,1.0
2026-08-10T08:25:01,leasing,SEAT,ARONA,1,0,0.0
2026-08-10T08:25:01,leasing,SKODA,ENYAQ,1,1,1.0
2026-08-10T08:25:01,leasing,SKODA,FABIA,5,0,0.0
2026-08-10T08:25:01,leasing,SKODA,KAMIQ,5,0,0.0
2026-08-10T08:25:01,leasing,SKODA,KODIAQ,2,0,0.0
2026-08-10T08:25:01,leasing,SUZUKI,SWIFT,1,0,0.0
2026-08-10T08:25:01,leasing,TESLA,MODEL 3,4,4,1.0
2026-08-10T08:25:01,leasing,TESLA,MODEL Y,11,11,1.0
2026-08-10T08:25:01,leasing,TOYOTA,AYGO X,4,0,0.0
2026-08-10T08:25:01,leasing,TOYOTA,C-HR,5,0,0.0
2026-08-10T08:25:01,leasing,TOYOTA,COROLLA,5,0,0.0
2026-08-10T08:25:01,leasing,TOYOTA,COROLLA TS,12,0,0.0
2026-08-10T08:25:01,leasing,TOYOTA,PROACE CITY,1,0,0.0
2026-08-10T08:25:01,leasing,TOYOTA,RAV4 HSD,3,0,0.0
2026-08-10T08:25:01,leasing,TOYOTA,RAV4 PLUG IN,3,0,0.0
2026-08-10T08:25:01,leasing,TOYOTA,YARIS,1,0,0.0
2026-08-10T08:25:01,leasing,TOYOTA,YARIS HYBRID,3,0,0.0
2026-08-10T08:25:01,leasing,VOLKSWAGEN,GOLF,9,0,0.0
2026-08-10T08:25:01,leasing,VOLKSWAGEN,ID.3,2,2,1.0
2026-08-10T08:25:01,leasing,VOLKSWAGEN,POLO,4,0,0.0
2026-08-10T08:25:01,leasing,VOLKSWAGEN,T-ROC,3,0,0.0
2026-08-10T08:25:01,leasing,VOLKSWAGEN,TIGUAN,4,0,0.0
2026-08-10T08:25:01,leasing,VOLKSWAGEN,TIGUAN ALLSPACE,1,0,0.0
2026-08-10T08:25:01,leasing,VOLKSWAGEN,TOURAN,2,0,0.0
2026-08-10T08:25:01,leasing,VOLKSWAGEN,TRANSPORTER,1,0,0.0
2026-08-10T08:25:01,cash,AUDI,A1 SPORTBACK,1,0,0.0
2026-08-10T08:25:01,cash,AUDI,A3 SPORTBACK,4,0,0.0
2026-08-10T08:25:01,cash,BMW,IX3,1,1,1.0
2026-08-10T08:25:01,cash,BMW,SERIE 1,7,0,0.0
2026-08-10T08:25:01,cash,BMW,SERIE 2 ACTIVE TOURE,2,0,0.0
2026-08-10T08:25:01,cash,BMW,SERIE 3,2,0,0.0
2026-08-10T08:25:01,cash,BMW,X1,7,0,0.0
2026-08-10T08:25:01,cash,BMW,X2,1,0,0.0
2026-08-10T08:25:01,cash,BMW,X3,1,0,0.0
2026-08-10T08:25:01,cash,BMW,X5,1,0,0.0
2026-08-10T08:25:01,cash,CITROEN,BERLINGO,7,0,0.0
2026-08-10T08:25:01,cash,CITROEN,C3,8,0,0.0
2026-08-10T08:25:01,cash,CITROEN,C3 AIRCROSS,6,0,0.0
2026-08-10T08:25:01,cash,CITROEN,C4,4,0,0.0
2026-08-10T08:25:01,cash,CITROEN,C5 AIRCROSS,15,0,0.0
2026-08-10T08:25:01,cash,CITROEN,C5 X,4,0,0.0
2026-08-10T08:25:01,cash,CITROEN,E-C4,1,1,1.0
2026-08-10T08:25:01,cash,CITROEN,JUMPY,5,0,0.0
2026-08-10T08:25:01,cash,CUPRA,FORMENTOR,3,0,0.0
2026-08-10T08:25:01,cash,DACIA,JOGGER,1,0,0.0
2026-08-10T08:25:01,cash,DACIA,SANDERO,2,0,0.0
2026-08-10T08:25:01,cash,DS,DS3 CROSSBACK,2,1,0.5
2026-08-10T08:25:01,cash,DS,DS4,1,0,0.0
2026-08-10T08:25:01,cash,DS,DS7,2,0,0.0
2026-08-10T08:25:01,cash,FIAT,500,1,0,0.0
2026-08-10T08:25:01,cash,FORD,KUGA,7,0,0.0
2026-08-10T08:25:01,cash,FORD,PUMA,1,0,0.0
2026-08-10T08:25:01,cash,FORD,TRANSIT CUSTOM,1,0,0.0
2026-08-10T08:25:01,cash,HYUNDAI,I30,1,0,0.0
2026-08-10T08:25:01,cash,HYUNDAI,IONIQ,1,1,1.0
2026-08-10T08:25:01,cash,HYUNDAI,SANTA FE,1,0,0.0
2026-08-10T08:25:01,cash,HYUNDAI,TUCSON,8,0,0.0
2026-08-10T08:25:01,cash,JEEP,AVENGER,3,3,1.0
2026-08-10T08:25:01,cash,KIA,CEED,4,0,0.0
2026-08-10T08:25:01,cash,KIA,EV6,1,1,1.0
2026-08-10T08:25:01,cash,KIA,NIRO,1,0,0.0
2026-08-10T08:25:01,cash,KIA,NIRO EV,9,9,1.0
2026-08-10T08:25:01,cash,KIA,PICANTO,1,0,0.0
2026-08-10T08:25:01,cash,KIA,PROCEED,1,0,0.0
2026-08-10T08:25:01,cash,KIA,RIO,2,0,0.0
2026-08-10T08:25:01,cash,KIA,SORENTO,1,0,0.0
2026-08-10T08:25:01,cash,KIA,SPORTAGE,9,0,0.0
2026-08-10T08:25:01,cash,KIA,STONIC,8,0,0.0
2026-08-10T08:25:01,cash,KIA,XCEED,1,0,0.0
2026-08-10T08:25:01,cash,LYNK,& CO LC01,1,0,0.0
2026-08-10T08:25:01,cash,MERCEDES-BENZ,CLA COUPE,1,0,0.0
2026-08-10T08:25:01,cash,MERCEDES-BENZ,CLASSE A,5,0,0.0
2026-08-10T08:25:01,cash,MERCEDES-BENZ,CLASSE CLA,2,0,0.0
2026-08-10T08:25:01,cash,MERCEDES-BENZ,EQA,1,1,1.0
2026-08-10T08:25:01,cash,MERCEDES-BENZ,GLB,1,0,0.0
2026-08-10T08:25:01,cash,NISSAN,JUKE,1,0,0.0
2026-08-10T08:25:01,cash,NISSAN,LEAF,1,1,1.0
2026-08-10T08:25:01,cash,NISSAN,QASHQAI,8,0,0.0
2026-08-10T08:25:01,cash,NISSAN,X-TRAIL,1,0,0.0
2026-08-10T08:25:01,cash,OPEL,ASTRA,1,0,0.0
2026-08-10T08:25:01,cash,OPEL,CORSA,3,0,0.0
2026-08-10T08:25:01,cash,OPEL,CROSSLAND,3,0,0.0
2026-08-10T08:25:01,cash,OPEL,GRANDLAND,1,0,0.0
2026-08-10T08:25:01,cash,OPEL,GRANDLAND X,1,0,0.0
2026-08-10T08:25:01,cash,PEUGEOT,108,1,0,0.0
2026-08-10T08:25:01,cash,PEUGEOT,2008,26,0,0.0
2026-08-10T08:25:01,cash,PEUGEOT,208,10,0,0.0
2026-08-10T08:25:01,cash,PEUGEOT,3008,33,0,0.0
2026-08-10T08:25:01,cash,PEUGEOT,308,9,0,0.0
2026-08-10T08:25:01,cash,PEUGEOT,308 SW,3,0,0.0
2026-08-10T08:25:01,cash,PEUGEOT,408,1,0,0.0
2026-08-10T08:25:01,cash,PEUGEOT,5008,15,0,0.0
2026-08-10T08:25:01,cash,PEUGEOT,E-2008,14,14,1.0
2026-08-10T08:25:01,cash,PEUGEOT,E-208,5,5,1.0
2026-08-10T08:25:01,cash,PEUGEOT,E-308,2,2,1.0
2026-08-10T08:25:01,cash,PEUGEOT,EXPERT,3,0,0.0
2026-08-10T08:25:01,cash,PEUGEOT,PARTNER,10,0,0.0
2026-08-10T08:25:01,cash,RENAULT,ARKANA,14,0,0.0
2026-08-10T08:25:01,cash,RENAULT,AUSTRAL,3,0,0.0
2026-08-10T08:25:01,cash,RENAULT,CAPTUR,13,0,0.0
2026-08-10T08:25:01,cash,RENAULT,CLIO,26,0,0.0
2026-08-10T08:25:01,cash,RENAULT,ESPACE,2,0,0.0
2026-08-10T08:25:01,cash,RENAULT,EXPRESS,16,0,0.0
2026-08-10T08:25:01,cash,RENAULT,KADJAR,1,0,0.0
2026-08-10T08:25:01,cash,RENAULT,KANGOO,5,0,0.0
2026-08-10T08:25:01,cash,RENAULT,MASTER,1,0,0.0
2026-08-10T08:25:01,cash,RENAULT,MEGANE,13,0,0.0
2026-08-10T08:25:01,cash,RENAULT,SCENIC,6,0,0.0
2026-08-10T08:25:01,cash,RENAULT,SYMBIOZ,1,0,0.0
2026-08-10T08:25:01,cash,RENAULT,TRAFIC,5,0,0.0
2026-08-10T08:25:01,cash,RENAULT,TWINGO,1,0,0.0
2026-08-10T08:25:01,cash,RENAULT,ZOE,1,1,1.0
2026-08-10T08:25:01,cash,SEAT,ARONA,1,0,0.0
2026-08-10T08:25:01,cash,SKODA,ENYAQ,1,1,1.0
2026-08-10T08:25:01,cash,SKODA,FABIA,5,0,0.0
2026-08-10T08:25:01,cash,SKODA,KAMIQ,5,0,0.0
2026-08-10T08:25:01,cash,SKODA,KAROQ,1,0,0.0
2026-08-10T08:25:01,cash,SKODA,KODIAQ,2,0,0.0
2026-08-10T08:25:01,cash,SUZUKI,SWIFT,1,0,0.0
2026-08-10T08:25:01,cash,TESLA,MODEL 3,6,6,1.0
2026-08-10T08:25:01,cash,TESLA,MODEL Y,11,11,1.0
2026-08-10T08:25:01,cash,TOYOTA,AYGO X,4,0,0.0
2026-08-10T08:25:01,cash,TOYOTA,C-HR,6,0,0.0
2026-08-10T08:25:01,cash,TOYOTA,COROLLA,5,0,0.0
2026-08-10T08:25:01,cash,TOYOTA,COROLLA TS,12,0,0.0
2026-08-10T08:25:01,cash,TOYOTA,PROACE CITY,1,0,0.0
2026-08-10T08:25:01,cash,TOYOTA,RAV4 HSD,4,0,0.0
2026-08-10T08:25:01,cash,TOYOTA,RAV4 PLUG IN,3,0,0.0
2026-08-10T08:25:01,cash,TOYOTA,YARIS,1,0,0.0
2026-08-10T08:25:01,cash,TOYOTA,YARIS HYBRID,3,0,0.0
2026-08-10T08:25:01,cash,VOLKSWAGEN,GOLF,9,0,0.0
2026-08-10T08:25:01,cash,VOLKSWAGEN,ID.3,2,2,1.0
2026-08-10T08:25:01,cash,VOLKSWAGEN,POLO,5,0,0.0
2026-08-10T08:25:01,cash,VOLKSWAGEN,T-ROC,4,0,0.0
2026-08-10T08:25:01,cash,VOLKSWAGEN,TIGUAN,4,0,0.0
2026-08-10T08:25:01,cash,VOLKSWAGEN,TIGUAN ALLSPACE,2,0,0.0
2026-08-10T08:25:01,cash,VOLKSWAGEN,TOURAN,2,0,0.0
2026-08-10T08:25:01,cash,VOLKSWAGEN,TRANSPORTER,1,0,0.0
2026-08-11T08:07:45,leasing,AUDI,A1 SPORTBACK,1,0,0.0
2026-08-11T08:07:45,leasing,AUDI,A3 SPORTBACK,4,0,0.0
2026-08-11T08:07:45,leasing,BMW,IX1,1,1,1.0
2026-08-11T08:07:45,leasing,BMW,IX3,1,1,1.0
2026-08-11T08:07:45,leasing,BMW,SERIE 1,7,0,0.0
2026-08-11T08:07:45,leasing,BMW,SERIE 2 ACTIVE TOURE,1,0,0.0
2026-08-11T08:07:45,leasing,BMW,SERIE 3,2,0,0.0
2026-08-11T08:07:45,leasing,BMW,X1,6,0,0.0
2026-08-11T08:07:45,leasing,BMW,X2,1,0,0.0
2026-08-11T08:07:45,leasing,BMW,X3,1,0,0.0
2026-08-11T08:07:45,leasing,CITROEN,BERLINGO,6,0,0.0
2026-08-11T08:07:45,leasing,CITROEN,C3,6,0,0.0
2026-08-11T08:07:45,leasing,CITROEN,C3 AIRCROSS,6,0,0.0
2026-08-11T08:07:45,leasing,CITROEN,C4,4,0,0.0
2026-08-11T08:07:45,leasing,CITROEN,C5 AIRCROSS,15,0,0.0
2026-08-11T08:07:45,leasing,CITROEN,C5 X,4,0,0.0
2026-08-11T08:07:45,leasing,CITROEN,JUMPY,5,0,0.0
2026-08-11T08:07:45,leasing,CUPRA,FORMENTOR,3,0,0.0
2026-08-11T08:07:45,leasing,DACIA,JOGGER,1,0,0.0
2026-08-11T08:07:45,leasing,DACIA,SANDERO,1,0,0.0
2026-08-11T08:07:45,leasing,DS,DS3 CROSSBACK,2,1,0.5
2026-08-11T08:07:45,leasing,DS,DS4,1,0,0.0
2026-08-11T08:07:45,leasing,DS,DS7,2,0,0.0
2026-08-11T08:07:45,leasing,FIAT,500,1,0,0.0
2026-08-11T08:07:45,leasing,FORD,KUGA,6,0,0.0
2026-08-11T08:07:45,leasing,FORD,PUMA,1,0,0.0
2026-08-11T08:07:45,leasing,HYUNDAI,I30,1,0,0.0
2026-08-11T08:07:45,leasing,HYUNDAI,IONIQ,1,1,1.0
2026-08-11T08:07:45,leasing,HYUNDAI,SANTA FE,1,0,0.0
2026-08-11T08:07:45,leasing,HYUNDAI,TUCSON,8,0,0.0
2026-08-11T08:07:45,leasing,JEEP,AVENGER,3,3,1.0
2026-08-11T08:07:45,leasing,KIA,CEED,4,0,0.0
2026-08-11T08:07:45,leasing,KIA,EV6,1,1,1.0
2026-08-11T08:07:45,leasing,KIA,NIRO,1,0,0.0
2026-08-11T08:07:45,leasing,KIA,NIRO EV,9,9,1.0
2026-08-11T08:07:45,leasing,KIA,PICANTO,1,0,0.0
2026-08-11T08:07:45,leasing,KIA,PROCEED,1,0,0.0
2026-08-11T08:07:45,leasing,KIA,RIO,2,0,0.0
2026-08-11T08:07:45,leasing,KIA,SORENTO,1,0,0.0
2026-08-11T08:07:45,leasing,KIA,SPORTAGE,11,0,0.0
2026-08-11T08:07:45,leasing,KIA,STONIC,8,0,0.0
2026-08-11T08:07:45,leasing,KIA,XCEED,1,0,0.0
2026-08-11T08:07:45,leasing,MERCEDES-BENZ,CLA COUPE,2,0,0.0
2026-08-11T08:07:45,leasing,MERCEDES-BENZ,CLASSE A,3,0,0.0
2026-08-11T08:07:45,leasing,MERCEDES-BENZ,CLASSE CLA,2,0,0.0
2026-08-11T08:07:45,leasing,NISSAN,JUKE,1,0,0.0
2026-08-11T08:07:45,leasing,NISSAN,LEAF,1,1,1.0
2026-08-11T08:07:45,leasing,NISSAN,QASHQAI,9,0,0.0
2026-08-11T08:07:45,leasing,NISSAN,X-TRAIL,1,0,0.0
2026-08-11T08:07:45,leasing,OPEL,ASTRA,1,0,0.0
2026-08-11T08:07:45,leasing,OPEL,CORSA,3,0,0.0
2026-08-11T08:07:45,leasing,OPEL,CROSSLAND,3,0,0.0
2026-08-11T08:07:45,leasing,OPEL,GRANDLAND,1,0,0.0
2026-08-11T08:07:45,leasing,PEUGEOT,2008,25,0,0.0
2026-08-11T08:07:45,leasing,PEUGEOT,208,9,0,0.0
2026-08-11T08:07:45,leasing,PEUGEOT,3008,29,0,0.0
2026-08-11T08:07:45,leasing,PEUGEOT,308,9,0,0.0
2026-08-11T08:07:45,leasing,PEUGEOT,308 SW,3,0,0.0
2026-08-11T08:07:45,leasing,PEUGEOT,408,1,0,0.0
2026-08-11T08:07:45,leasing,PEUGEOT,5008,15,0,0.0
2026-08-11T08:07:45,leasing,PEUGEOT,E-2008,12,12,1.0
2026-08-11T08:07:45,leasing,PEUGEOT,E-208,4,4,1.0
2026-08-11T08:07:45,leasing,PEUGEOT,EXPERT,3,0,0.0
2026-08-11T08:07:45,leasing,PEUGEOT,PARTNER,9,0,0.0
2026-08-11T08:07:45,leasing,RENAULT,ARKANA,18,0,0.0
2026-08-11T08:07:45,leasing,RENAULT,AUSTRAL,5,0,0.0
2026-08-11T08:07:45,leasing,RENAULT,CAPTUR,14,0,0.0
2026-08-11T08:07:45,leasing,RENAULT,CLIO,24,0,0.0
2026-08-11T08:07:45,leasing,RENAULT,ESPACE,2,0,0.0
2026-08-11T08:07:45,leasing,RENAULT,EXPRESS,16,0,0.0
2026-08-11T08:07:45,leasing,RENAULT,KANGOO,5,0,0.0
2026-08-11T08:07:45,leasing,RENAULT,MASTER,1,0,0.0
2026-08-11T08:07:45,leasing,RENAULT,MEGANE,12,0,0.0
2026-08-11T08:07:45,leasing,RENAULT,SCENIC,6,0,0.0
2026-08-11T08:07:45,leasing,RENAULT,TRAFIC,5,0,0.0
2026-08-11T08:07:45,leasing,RENAULT,ZOE,1,1,1.0
2026-08-11T08:07:45,leasing,SEAT,ARONA,1,0,0.0
2026-08-11T08:07:45,leasing,SKODA,ENYAQ,1,1,1.0
2026-08-11T08:07:45,leasing,SKODA,FABIA,5,0,0.0
2026-08-11T08:07:45,leasing,SKODA,KAMIQ,5,0,0.0
2026-08-11T08:07:45,leasing,SKODA,KODIAQ,2,0,0.0
2026-08-11T08:07:45,leasing,SUZUKI,SWIFT,1,0,0.0
2026-08-11T08:07:45,leasing,TESLA,MODEL 3,4,4,1.0
2026-08-11T08:07:45,leasing,TESLA,MODEL Y,9,9,1.0
2026-08-11T08:07:45,leasing,TOYOTA,AYGO X,4,0,0.0
2026-08-11T08:07:45,leasing,TOYOTA,C-HR,4,0,0.0
2026-08-11T08:07:45,leasing,TOYOTA,COROLLA,5,0,0.0
2026-08-11T08:07:45,leasing,TOYOTA,COROLLA TS,12,0,0.0
2026-08-11T08:07:45,leasing,TOYOTA,PROACE CITY,1,0,0.0
2026-08-11T08:07:45,leasing,TOYOTA,RAV4 HSD,2,0,0.0
2026-08-11T08:07:45,leasing,TOYOTA,RAV4 PLUG IN,4,0,0.0
2026-08-11T08:07:45,leasing,TOYOTA,YARIS,1,0,0.0
2026-08-11T08:07:45,leasing,TOYOTA,YARIS HYBRID,2,0,0.0
2026-08-11T08:07:45,leasing,VOLKSWAGEN,GOLF,8,0,0.0
2026-08-11T08:07:45,leasing,VOLKSWAGEN,ID.3,2,2,1.0
2026-08-11T08:07:45,leasing,VOLKSWAGEN,POLO,4,0,0.0
2026-08-11T08:07:45,leasing,VOLKSWAGEN,T-ROC,3,0,0.0
2026-08-11T08:07:45,leasing,VOLKSWAGEN,TIGUAN,4,0,0.0
2026-08-11T08:07:45,leasing,VOLKSWAGEN,TIGUAN ALLSPACE,2,0,0.0
2026-08-11T08:07:45,leasing,VOLKSWAGEN,TOURAN,3,0,0.0
2026-08-11T08:07:45,leasing,VOLKSWAGEN,TRANSPORTER,1,0,0.0
2026-08-11T08:07:45,leasing,VOLVO,XC60,1,0,0.0
2026-08-11T08:07:45,cash,AUDI,A1 SPORTBACK,1,0,0.0
2026-08-11T08:07:45,cash,AUDI,A3 SPORTBACK,4,0,0.0
2026-08-11T08:07:45,cash,BMW,IX1,1,1,1.0
2026-08-11T08:07:45,cash,BMW,IX3,1,1,1.0
2026-08-11T08:07:45,cash,BMW,SERIE 1,7,0,0.0
2026-08-11T08:07:45,cash,BMW,SERIE 2 ACTIVE TOURE,2,0,0.0
2026-08-11T08:07:45,cash,BMW,SERIE 3,2,0,0.0
2026-08-11T08:07:45,cash,BMW,X1,7,0,0.0
2026-08-11T08:07:45,cash,BMW,X2,1,0,0.0
2026-08-11T08:07:45,cash,BMW,X3,1,0,0.0
2026-08-11T08:07:45,cash,BMW,X5,1,0,0.0
2026-08-11T08:07:45,cash,CITROEN,BERLINGO,8,0,0.0
2026-08-11T08:07:45,cash,CITROEN,C3,9,0,0.0
2026-08-11T08:07:45,cash,CITROEN,C3 AIRCROSS,6,0,0.0
2026-08-11T08:07:45,cash,CITROEN,C4,4,0,0.0
2026-08-11T08:07:45,cash,CITROEN,C5 AIRCROSS,15,0,0.0
2026-08-11T08:07:45,cash,CITROEN,C5 X,4,0,0.0
2026-08-11T08:07:45,cash,CITROEN,E-C4,1,1,1.0
2026-08-11T08:07:45,cash,CITROEN,JUMPY,5,0,0.0
2026-08-11T08:07:45,cash,CUPRA,FORMENTOR,3,0,0.0
2026-08-11T08:07:45,cash,DACIA,JOGGER,1,0,0.0
2026-08-11T08:07:45,cash,DACIA,SANDERO,2,0,0.0
2026-08-11T08:07:45,cash,DS,DS3 CROSSBACK,2,1,0.5
2026-08-11T08:07:45,cash,DS,DS4,1,0,0.0
2026-08-11T08:07:45,cash,DS,DS7,3,0,0.0
2026-08-11T08:07:45,cash,FIAT,500,1,0,0.0
2026-08-11T08:07:45,cash,FORD,KUGA,7,0,0.0
2026-08-11T08:07:45,cash,FORD,PUMA,1,0,0.0
2026-08-11T08:07:45,cash,FORD,TRANSIT CUSTOM,1,0,0.0
2026-08-11T08:07:45,cash,HYUNDAI,I30,1,0,0.0
2026-08-11T08:07:45,cash,HYUNDAI,IONIQ,1,1,1.0
2026-08-11T08:07:45,cash,HYUNDAI,SANTA FE,1,0,0.0
2026-08-11T08:07:45,cash,HYUNDAI,TUCSON,8,0,0.0
2026-08-11T08:07:45,cash,JEEP,AVENGER,3,3,1.0
2026-08-11T08:07:45,cash,KIA,CEED,4,0,0.0
2026-08-11T08:07:45,cash,KIA,EV6,1,1,1.0
2026-08-11T08:07:45,cash,KIA,NIRO,1,0,0.0
2026-08-11T08:07:45,cash,KIA,NIRO EV,9,9,1.0
2026-08-11T08:07:45,cash,KIA,PICANTO,1,0,0.0
2026-08-11T08:07:45,cash,KIA,PROCEED,1,0,0.0
2026-08-11T08:07:45,cash,KIA,RIO,2,0,0.0
2026-08-11T08:07:45,cash,KIA,SORENTO,1,0,0.0
2026-08-11T08:07:45,cash,KIA,SPORTAGE,11,0,0.0
2026-08-11T08:07:45,cash,KIA,STONIC,8,0,0.0
2026-08-11T08:07:45,cash,KIA,XCEED,1,0,0.0
2026-08-11T08:07:45,cash,LYNK,& CO LC01,1,0,0.0
2026-08-11T08:07:45,cash,MERCEDES-BENZ,CLA COUPE,2,0,0.0
2026-08-11T08:07:45,cash,MERCEDES-BENZ,CLASSE A,5,0,0.0
2026-08-11T08:07:45,cash,MERCEDES-BENZ,CLASSE CLA,2,0,0.0
2026-08-11T08:07:45,cash,MERCEDES-BENZ,EQA,1,1,1.0
2026-08-11T08:07:45,cash,MERCEDES-BENZ,GLB,1,0,0.0
2026-08-11T08:07:45,cash,NISSAN,JUKE,1,0,0.0
2026-08-11T08:07:45,cash,NISSAN,LEAF,1,1,1.0
2026-08-11T08:07:45,cash,NISSAN,QASHQAI,9,0,0.0
2026-08-11T08:07:45,cash,NISSAN,X-TRAIL,1,0,0.0
2026-08-11T08:07:45,cash,OPEL,ASTRA,1,0,0.0
2026-08-11T08:07:45,cash,OPEL,CORSA,3,0,0.0
2026-08-11T08:07:45,cash,OPEL,CROSSLAND,3,0,0.0
2026-08-11T08:07:45,cash,OPEL,GRANDLAND,1,0,0.0
2026-08-11T08:07:45,cash,OPEL,GRANDLAND X,1,0,0.0
2026-08-11T08:07:45,cash,PEUGEOT,108,1,0,0.0
2026-08-11T08:07:45,cash,PEUGEOT,2008,27,0,0.0
2026-08-11T08:07:45,cash,PEUGEOT,208,10,0,0.0
2026-08-11T08:07:45,cash,PEUGEOT,3008,33,0,0.0
2026-08-11T08:07:45,cash,PEUGEOT,308,9,0,0.0
2026-08-11T08:07:45,cash,PEUGEOT,308 SW,3,0,0.0
2026-08-11T08:07:45,cash,PEUGEOT,408,1,0,0.0
2026-08-11T08:07:45,cash,PEUGEOT,5008,15,0,0.0
2026-08-11T08:07:45,cash,PEUGEOT,E-2008,12,12,1.0
2026-08-11T08:07:45,cash,PEUGEOT,E-208,5,5,1.0
2026-08-11T08:07:45,cash,PEUGEOT,E-308,2,2,1.0
2026-08-11T08:07:45,cash,PEUGEOT,EXPERT,3,0,0.0
2026-08-11T08:07:45,cash,PEUGEOT,PARTNER,10,0,0.0
2026-08-11T08:07:45,cash,RENAULT,ARKANA,18,0,0.0
2026-08-11T08:07:45,cash,RENAULT,AUSTRAL,5,0,0.0
2026-08-11T08:07:45,cash,RENAULT,CAPTUR,15,0,0.0
2026-08-11T08:07:45,cash,RENAULT,CLIO,27,0,0.0
2026-08-11T08:07:45,cash,RENAULT,ESPACE,2,0,0.0
2026-08-11T08:07:45,cash,RENAULT,EXPRESS,16,0,0.0
2026-08-11T08:07:45,cash,RENAULT,KADJAR,1,0,0.0
2026-08-11T08:07:45,cash,RENAULT,KANGOO,5,0,0.0
2026-08-11T08:07:45,cash,RENAULT,MASTER,1,0,0.0
2026-08-11T08:07:45,cash,RENAULT,MEGANE,15,0,0.0
2026-08-11T08:07:45,cash,RENAULT,MEGANE E-TECH,1,1,1.0
2026-08-11T08:07:45,cash,RENAULT,SCENIC,6,0,0.0
2026-08-11T08:07:45,cash,RENAULT,SYMBIOZ,1,0,0.0
2026-08-11T08:07:45,cash,RENAULT,TRAFIC,5,0,0.0
2026-08-11T08:07:45,cash,RENAULT,TWINGO,1,0,0.0
2026-08-11T08:07:45,cash,RENAULT,ZOE,1,1,1.0
2026-08-11T08:07:45,cash,SEAT,ARONA,1,0,0.0
2026-08-11T08:07:45,cash,SKODA,ENYAQ,1,1,1.0
2026-08-11T08:07:45,cash,SKODA,FABIA,5,0,0.0
2026-08-11T08:07:45,cash,SKODA,KAMIQ,5,0,0.0
2026-08-11T08:07:45,cash,SKODA,KAROQ,1,0,0.0
2026-08-11T08:07:45,cash,SKODA,KODIAQ,2,0,0.0
2026-08-11T08:07:45,cash,SUZUKI,SWIFT,1,0,0.0
2026-08-11T08:07:45,cash,TESLA,MODEL 3,6,6,1.0
2026-08-11T08:07:45,cash,TESLA,MODEL Y,9,9,1.0
2026-08-11T08:07:45,cash,TOYOTA,AYGO X,4,0,0.0
2026-08-11T08:07:45,cash,TOYOTA,C-HR,5,0,0.0
2026-08-11T08:07:45,cash,TOYOTA,COROLLA,5,0,0.0
2026-08-11T08:07:45,cash,TOYOTA,COROLLA TS,12,0,0.0
2026-08-11T08:07:45,cash,TOYOTA,PROACE CITY,1,0,0.0
2026-08-11T08:07:45,cash,TOYOTA,RAV4 HSD,3,0,0.0
2026-08-11T08:07:45,cash,TOYOTA,RAV4 PLUG IN,4,0,0.0
2026-08-11T08:07:45,cash,TOYOTA,YARIS,1,0,0.0
2026-08-11T08:07:45,cash,TOYOTA,YARIS HYBRID,2,0,0.0
2026-08-11T08:07:45,cash,VOLKSWAGEN,GOLF,8,0,0.0
2026-08-11T08:07:45,cash,VOLKSWAGEN,ID.3,2,2,1.0
2026-08-11T08:07:45,cash,VOLKSWAGEN,POLO,5,0,0.0
2026-08-11T08:07:45,cash,VOLKSWAGEN,T-ROC,4,0,0.0
2026-08-11T08:07:45,cash,VOLKSWAGEN,TIGUAN,4,0,0.0
2026-08-11T08:07:45,cash,VOLKSWAGEN,TIGUAN ALLSPACE,3,0,0.0
2026-08-11T08:07:45,cash,VOLKSWAGEN,TOURAN,3,0,0.0
2026-08-11T08:07:45,cash,VOLKSWAGEN,TRANSPORTER,1,0,0.0
2026-08-11T08:07:45,cash,VOLVO,XC60,1,0,0.0
2026-08-12T08:14:12,leasing,AUDI,A1 SPORTBACK,2,0,0.0
2026-08-12T08:14:12,leasing,AUDI,A3 SPORTBACK,3,0,0.0
2026-08-12T08:14:12,leasing,AUDI,Q4 E-TRON,1,1,1.0
2026-08-12T08:14:12,leasing,BMW,IX3,1,1,1.0
2026-08-12T08:14:12,leasing,BMW,SERIE 1,7,0,0.0
2026-08-12T08:14:12,leasing,BMW,SERIE 2 ACTIVE TOURE,1,0,0.0
2026-08-12T08:14:12,leasing,BMW,SERIE 3,2,0,0.0
2026-08-12T08:14:12,leasing,BMW,X1,6,0,0.0
2026-08-12T08:14:12,leasing,BMW,X2,1,0,0.0
2026-08-12T08:14:12,leasing,CITROEN,BERLINGO,7,0,0.0
2026-08-12T08:14:12,leasing,CITROEN,C3,7,0,0.0
2026-08-12T08:14:12,leasing,CITROEN,C3 AIRCROSS,6,0,0.0
2026-08-12T08:14:12,leasing,CITROEN,C4,4,0,0.0
2026-08-12T08:14:12,leasing,CITROEN,C5 AIRCROSS,16,0,0.0
2026-08-12T08:14:12,leasing,CITROEN,C5 X,4,0,0.0
2026-08-12T08:14:12,leasing,CITROEN,JUMPY,5,0,0.0
2026-08-12T08:14:12,leasing,CUPRA,FORMENTOR,3,0,0.0
2026-08-12T08:14:12,leasing,DACIA,JOGGER,1,0,0.0
2026-08-12T08:14:12,leasing,DACIA,SANDERO,1,0,0.0
2026-08-12T08:14:12,leasing,DS,DS3 CROSSBACK,2,1,0.5
2026-08-12T08:14:12,leasing,DS,DS4,2,0,0.0
2026-08-12T08:14:12,leasing,DS,DS7,3,0,0.0
2026-08-12T08:14:12,leasing,FIAT,500,1,0,0.0
2026-08-12T08:14:12,leasing,FORD,KUGA,6,0,0.0
2026-08-12T08:14:12,leasing,FORD,PUMA,1,0,0.0
2026-08-12T08:14:12,leasing,HYUNDAI,I30,1,0,0.0
2026-08-12T08:14:12,leasing,HYUNDAI,IONIQ,1,1,1.0
2026-08-12T08:14:12,leasing,HYUNDAI,SANTA FE,1,0,0.0
2026-08-12T08:14:12,leasing,HYUNDAI,TUCSON,8,0,0.0
2026-08-12T08:14:12,leasing,JEEP,AVENGER,3,3,1.0
2026-08-12T08:14:12,leasing,KIA,CEED,4,0,0.0
2026-08-12T08:14:12,leasing,KIA,EV6,1,1,1.0
2026-08-12T08:14:12,leasing,KIA,NIRO,1,0,0.0
2026-08-12T08:14:12,leasing,KIA,NIRO EV,10,10,1.0
2026-08-12T08:14:12,leasing,KIA,PICANTO,1,0,0.0
2026-08-12T08:14:12,leasing,KIA,PROCEED,1,0,0.0
2026-08-12T08:14:12,leasing,KIA,RIO,2,0,0.0
2026-08-12T08:14:12,leasing,KIA,SORENTO,1,0,0.0
2026-08-12T08:14:12,leasing,KIA,SPORTAGE,10,0,0.0
2026-08-12T08:14:12,leasing,KIA,STONIC,8,0,0.0
2026-08-12T08:14:12,leasing,KIA,XCEED,1,0,0.0
2026-08-12T08:14:12,leasing,MERCEDES-BENZ,CLA COUPE,1,0,0.0
2026-08-12T08:14:12,leasing,MERCEDES-BENZ,CLASSE A,3,0,0.0
2026-08-12T08:14:12,leasing,MERCEDES-BENZ,CLASSE CLA,3,0,0.0
2026-08-12T08:14:12,leasing,MERCEDES-BENZ,CLASSE GLA,1,0,0.0
2026-08-12T08:14:12,leasing,NISSAN,JUKE,1,0,0.0
2026-08-12T08:14:12,leasing,NISSAN,LEAF,1,1,1.0
2026-08-12T08:14:12,leasing,NISSAN,QASHQAI,9,0,0.0
2026-08-12T08:14:12,leasing,NISSAN,X-TRAIL,1,0,0.0
2026-08-12T08:14:12,leasing,OPEL,ASTRA,1,0,0.0
2026-08-12T08:14:12,leasing,OPEL,CORSA,3,0,0.0
2026-08-12T08:14:12,leasing,OPEL,CROSSLAND,3,0,0.0
2026-08-12T08:14:12,leasing,OPEL,GRANDLAND,1,0,0.0
2026-08-12T08:14:12,leasing,PEUGEOT,2008,24,0,0.0
2026-08-12T08:14:12,leasing,PEUGEOT,208,9,0,0.0
2026-08-12T08:14:12,leasing,PEUGEOT,3008,29,0,0.0
2026-08-12T08:14:12,leasing,PEUGEOT,308,9,0,0.0
2026-08-12T08:14:12,leasing,PEUGEOT,308 SW,3,0,0.0
2026-08-12T08:14:12,leasing,PEUGEOT,408,1,0,0.0
2026-08-12T08:14:12,leasing,PEUGEOT,5008,14,0,0.0
2026-08-12T08:14:12,leasing,PEUGEOT,E-2008,12,12,1.0
2026-08-12T08:14:12,leasing,PEUGEOT,E-208,2,2,1.0
2026-08-12T08:14:12,leasing,PEUGEOT,EXPERT,4,0,0.0
2026-08-12T08:14:12,leasing,PEUGEOT,PARTNER,9,0,0.0
2026-08-12T08:14:12,leasing,RENAULT,ARKANA,20,0,0.0
2026-08-12T08:14:12,leasing,RENAULT,AUSTRAL,6,0,0.0
2026-08-12T08:14:12,leasing,RENAULT,CAPTUR,14,0,0.0
2026-08-12T08:14:12,leasing,RENAULT,CLIO,25,0,0.0
2026-08-12T08:14:12,leasing,RENAULT,ESPACE,2,0,0.0
2026-08-12T08:14:12,leasing,RENAULT,EXPRESS,16,0,0.0
2026-08-12T08:14:12,leasing,RENAULT,KANGOO,5,0,0.0
2026-08-12T08:14:12,leasing,RENAULT,MASTER,1,0,0.0
2026-08-12T08:14:12,leasing,RENAULT,MEGANE,13,0,0.0
2026-08-12T08:14:12,leasing,RENAULT,MEGANE E-TECH,1,1,1.0
2026-08-12T08:14:12,leasing,RENAULT,SCENIC,6,0,0.0
2026-08-12T08:14:12,leasing,RENAULT,TRAFIC,5,0,0.0
2026-08-12T08:14:12,leasing,RENAULT,ZOE,1,1,1.0
2026-08-12T08:14:12,leasing,SEAT,ARONA,1,0,0.0
2026-08-12T08:14:12,leasing,SKODA,ENYAQ,1,1,1.0
2026-08-12T08:14:12,leasing,SKODA,FABIA,5,0,0.0
2026-08-12T08:14:12,leasing,SKODA,KAMIQ,5,0,0.0
2026-08-12T08:14:12,leasing,SKODA,KODIAQ,2,0,0.0
2026-08-12T08:14:12,leasing,SUZUKI,SWIFT,1,0,0.0
2026-08-12T08:14:12,leasing,TESLA,MODEL 3,4,4,1.0
2026-08-12T08:14:12,leasing,TESLA,MODEL Y,11,11,1.0
2026-08-12T08:14:12,leasing,TOYOTA,AYGO X,4,0,0.0
2026-08-12T08:14:12,leasing,TOYOTA,C-HR,4,0,0.0
2026-08-12T08:14:12,leasing,TOYOTA,COROLLA,5,0,0.0
2026-08-12T08:14:12,leasing,TOYOTA,COROLLA TS,12,0,0.0
2026-08-12T08:14:12,leasing,TOYOTA,PROACE CITY,1,0,0.0
2026-08-12T08:14:12,leasing,TOYOTA,RAV4 HSD,3,0,0.0
2026-08-12T08:14:12,leasing,TOYOTA,RAV4 PLUG IN,4,0,0.0
2026-08-12T08:14:12,leasing,TOYOTA,YARIS,1,0,0.0
2026-08-12T08:14:12,leasing,TOYOTA,YARIS HYBRID,2,0,0.0
2026-08-12T08:14:12,leasing,VOLKSWAGEN,GOLF,8,0,0.0
2026-08-12T08:14:12,leasing,VOLKSWAGEN,ID.3,2,2,1.0
2026-08-12T08:14:12,leasing,VOLKSWAGEN,POLO,4,0,0.0
2026-08-12T08:14:12,leasing,VOLKSWAGEN,T-ROC,3,0,0.0
2026-08-12T08:14:12,leasing,VOLKSWAGEN,TAIGO,1,0,0.0
2026-08-12T08:14:12,leasing,VOLKSWAGEN,TIGUAN,4,0,0.0
2026-08-12T08:14:12,leasing,VOLKSWAGEN,TIGUAN ALLSPACE,1,0,0.0
2026-08-12T08:14:12,leasing,VOLKSWAGEN,TOURAN,3,0,0.0
2026-08-12T08:14:12,leasing,VOLKSWAGEN,TRANSPORTER,1,0,0.0
2026-08-12T08:14:12,leasing,VOLVO,XC60,1,0,0.0
2026-08-12T08:14:12,cash,AUDI,A1 SPORTBACK,2,0,0.0
2026-08-12T08:14:12,cash,AUDI,A3 SPORTBACK,3,0,0.0
2026-08-12T08:14:12,cash,AUDI,Q4 E-TRON,1,1,1.0
2026-08-12T08:14:12,cash,BMW,IX3,1,1,1.0
2026-08-12T08:14:12,cash,BMW,SERIE 1,7,0,0.0
2026-08-12T08:14:12,cash,BMW,SERIE 2 ACTIVE TOURE,2,0,0.0
2026-08-12T08:14:12,cash,BMW,SERIE 3,2,0,0.0
2026-08-12T08:14:12,cash,BMW,X1,7,0,0.0
2026-08-12T08:14:12,cash,BMW,X2,1,0,0.0
2026-08-12T08:14:12,cash,BMW,X5,1,0,0.0
2026-08-12T08:14:12,cash,CITROEN,BERLINGO,8,0,0.0
2026-08-12T08:14:12,cash,CITROEN,C3,9,0,0.0
2026-08-12T08:14:12,cash,CITROEN,C3 AIRCROSS,6,0,0.0
2026-08-12T08:14:12,cash,CITROEN,C4,4,0,0.0
2026-08-12T08:14:12,cash,CITROEN,C5 AIRCROSS,16,0,0.0
2026-08-12T08:14:12,cash,CITROEN,C5 X,4,0,0.0
2026-08-12T08:14:12,cash,CITROEN,E-C4,1,1,1.0
2026-08-12T08:14:12,cash,CITROEN,JUMPY,5,0,0.0
2026-08-12T08:14:12,cash,CUPRA,FORMENTOR,3,0,0.0
2026-08-12T08:14:12,cash,DACIA,JOGGER,1,0,0.0
2026-08-12T08:14:12,cash,DACIA,SANDERO,2,0,0.0
2026-08-12T08:14:12,cash,DS,DS3 CROSSBACK,2,1,0.5
2026-08-12T08:14:12,cash,DS,DS4,2,0,0.0
2026-08-12T08:14:12,cash,DS,DS7,3,0,0.0
2026-08-12T08:14:12,cash,FIAT,500,1,0,0.0
2026-08-12T08:14:12,cash,FORD,KUGA,7,0,0.0
2026-08-12T08:14:12,cash,FORD,PUMA,1,0,0.0
2026-08-12T08:14:12,cash,FORD,TRANSIT CUSTOM,1,0,0.0
2026-08-12T08:14:12,cash,HYUNDAI,I30,1,0,0.0
2026-08-12T08:14:12,cash,HYUNDAI,IONIQ,1,1,1.0
2026-08-12T08:14:12,cash,HYUNDAI,SANTA FE,1,0,0.0
2026-08-12T08:14:12,cash,HYUNDAI,TUCSON,8,0,0.0
2026-08-12T08:14:12,cash,JEEP,AVENGER,3,3,1.0
2026-08-12T08:14:12,cash,KIA,CEED,4,0,0.0
2026-08-12T08:14:12,cash,KIA,EV6,1,1,1.0
2026-08-12T08:14:12,cash,KIA,NIRO,1,0,0.0
2026-08-12T08:14:12,cash,KIA,NIRO EV,10,10,1.0
2026-08-12T08:14:12,cash,KIA,PICANTO,1,0,0.0
2026-08-12T08:14:12,cash,KIA,PROCEED,1,0,0.0
2026-08-12T08:14:12,cash,KIA,RIO,2,0,0.0
2026-08-12T08:14:12,cash,KIA,SORENTO,1,0,0.0
2026-08-12T08:14:12,cash,KIA,SPORTAGE,10,0,0.0
2026-08-12T08:14:12,cash,KIA,STONIC,8,0,0.0
2026-08-12T08:14:12,cash,KIA,XCEED,1,0,0.0
2026-08-12T08:14:12,cash,LYNK,& CO LC01,1,0,0.0
2026-08-12T08:14:12,cash,MERCEDES-BENZ,CLA COUPE,1,0,0.0
2026-08-12T08:14:12,cash,MERCEDES-BENZ,CLASSE A,5,0,0.0
2026-08-12T08:14:12,cash,MERCEDES-BENZ,CLASSE CLA,3,0,0.0
2026-08-12T08:14:12,cash,MERCEDES-BENZ,CLASSE GLA,1,0,0.0
2026-08-12T08:14:12,cash,MERCEDES-BENZ,EQA,1,1,1.0
2026-08-12T08:14:12,cash,MERCEDES-BENZ,GLB,1,0,0.0
2026-08-12T08:14:12,cash,NISSAN,JUKE,1,0,0.0
2026-08-12T08:14:12,cash,NISSAN,LEAF,1,1,1.0
2026-08-12T08:14:12,cash,NISSAN,QASHQAI,9,0,0.0
2026-08-12T08:14:12,cash,NISSAN,X-TRAIL,1,0,0.0
2026-08-12T08:14:12,cash,OPEL,ASTRA,1,0,0.0
2026-08-12T08:14:12,cash,OPEL,CORSA,3,0,0.0
2026-08-12T08:14:12,cash,OPEL,CROSSLAND,3,0,0.0
2026-08-12T08:14:12,cash,OPEL,GRANDLAND,1,0,0.0
2026-08-12T08:14:12,cash,OPEL,GRANDLAND X,1,0,0.0
2026-08-12T08:14:12,cash,PEUGEOT,108,1,0,0.0
2026-08-12T08:14:12,cash,PEUGEOT,2008,26,0,0.0
2026-08-12T08:14:12,cash,PEUGEOT,208,10,0,0.0
2026-08-12T08:14:12,cash,PEUGEOT,3008,33,0,0.0
2026-08-12T08:14:12,cash,PEUGEOT,308,9,0,0.0
2026-08-12T08:14:12,cash,PEUGEOT,308 SW,3,0,0.0
2026-08-12T08:14:12,cash,PEUGEOT,408,1,0,0.0
2026-08-12T08:14:12,cash,PEUGEOT,5008,14,0,0.0
2026-08-12T08:14:12,cash,PEUGEOT,E-2008,12,12,1.0
2026-08-12T08:14:12,cash,PEUGEOT,E-208,3,3,1.0
2026-08-12T08:14:12,cash,PEUGEOT,E-308,2,2,1.0
2026-08-12T08:14:12,cash,PEUGEOT,EXPERT,4,0,0.0
2026-08-12T08:14:12,cash,PEUGEOT,PARTNER,10,0,0.0
2026-08-12T08:14:12,cash,RENAULT,ARKANA,20,0,0.0
2026-08-12T08:14:12,cash,RENAULT,AUSTRAL,6,0,0.0
2026-08-12T08:14:12,cash,RENAULT,CAPTUR,15,0,0.0
2026-08-12T08:14:12,cash,RENAULT,CLIO,28,0,0.0
2026-08-12T08:14:12,cash,RENAULT,ESPACE,2,0,0.0
2026-08-12T08:14:12,cash,RENAULT,EXPRESS,16,0,0.0
2026-08-12T08:14:12,cash,RENAULT,KADJAR,1,0,0.0
2026-08-12T08:14:12,cash,RENAULT,KANGOO,5,0,0.0
2026-08-12T08:14:12,cash,RENAULT,MASTER,1,0,0.0
2026-08-12T08:14:12,cash,RENAULT,MEGANE,15,0,0.0
2026-08-12T08:14:12,cash,RENAULT,MEGANE E-TECH,1,1,1.0
2026-08-12T08:14:12,cash,RENAULT,SCENIC,6,0,0.0
2026-08-12T08:14:12,cash,RENAULT,SYMBIOZ,1,0,0.0
2026-08-12T08:14:12,cash,RENAULT,TRAFIC,5,0,0.0
2026-08-12T08:14:12,cash,RENAULT,TWINGO,1,0,0.0
2026-08-12T08:14:12,cash,RENAULT,ZOE,1,1,1.0
2026-08-12T08:14:12,cash,SEAT,ARONA,1,0,0.0
2026-08-12T08:14:12,cash,SKODA,ENYAQ,1,1,1.0
2026-08-12T08:14:12,cash,SKODA,FABIA,5,0,0.0
2026-08-12T08:14:12,cash,SKODA,KAMIQ,5,0,0.0
2026-08-12T08:14:12,cash,SKODA,KAROQ,1,0,0.0
2026-08-12T08:14:12,cash,SKODA,KODIAQ,2,0,0.0
2026-08-12T08:14:12,cash,SUZUKI,SWIFT,1,0,0.0
2026-08-12T08:14:12,cash,TESLA,MODEL 3,6,6,1.0
2026-08-12T08:14:12,cash,TESLA,MODEL Y,11,11,1.0
2026-08-12T08:14:12,cash,TOYOTA,AYGO X,4,0,0.0
2026-08-12T08:14:12,cash,TOYOTA,C-HR,5,0,0.0
2026-08-12T08:14:12,cash,TOYOTA,COROLLA,5,0,0.0
2026-08-12T08:14:12,cash,TOYOTA,COROLLA TS,12,0,0.0
2026-08-12T08:14:12,cash,TOYOTA,PROACE CITY,1,0,0.0
2026-08-12T08:14:12,cash,TOYOTA,RAV4 HSD,4,0,0.0
2026-08-12T08:14:12,cash,TOYOTA,RAV4 PLUG IN,4,0,0.0
2026-08-12T08:14:12,cash,TOYOTA,YARIS,1,0,0.0
2026-08-12T08:14:12,cash,TOYOTA,YARIS HYBRID,2,0,0.0
2026-08-12T08:14:12,cash,VOLKSWAGEN,GOLF,8,0,0.0
2026-08-12T08:14:12,cash,VOLKSWAGEN,ID.3,2,2,1.0
2026-08-12T08:14:12,cash,VOLKSWAGEN,POLO,5,0,0.0
2026-08-12T08:14:12,cash,VOLKSWAGEN,T-ROC,4,0,0.0
2026-08-12T08:14:12,cash,VOLKSWAGEN,TAIGO,1,0,0.0
2026-08-12T08:14:12,cash,VOLKSWAGEN,TIGUAN,4,0,0.0
2026-08-12T08:14:12,cash,VOLKSWAGEN,TIGUAN ALLSPACE,2,0,0.0
2026-08-12T08:14:12,cash,VOLKSWAGEN,TOURAN,3,0,0.0
2026-08-12T08:14:12,cash,VOLKSWAGEN,TRANSPORTER,1,0,0.0
2026-08-12T08:14:12,cash,VOLVO,XC60,1,0,0.0
2026-08-13T08:17:40,leasing,AUDI,A1 SPORTBACK,2,0,0.0
2026-08-13T08:17:40,leasing,AUDI,A3 SPORTBACK,4,0,0.0
2026-08-13T08:17:40,leasing,BMW,IX3,1,1,1.0
2026-08-13T08:17:40,leasing,BMW,SERIE 1,6,0,0.0
2026-08-13T08:17:40,leasing,BMW,SERIE 2 ACTIVE TOURE,1,0,0.0
2026-08-13T08:17:40,leasing,BMW,SERIE 3,2,0,0.0
2026-08-13T08:17:40,leasing,BMW,X1,6,0,0.0
2026-08-13T08:17:40,leasing,BMW,X2,1,0,0.0
2026-08-13T08:17:40,leasing,BMW,X3,1,0,0.0
2026-08-13T08:17:40,leasing,CITROEN,BERLINGO,7,0,0.0
2026-08-13T08:17:40,leasing,CITROEN,C3,7,0,0.0
2026-08-13T08:17:40,leasing,CITROEN,C3 AIRCROSS,6,0,0.0
2026-08-13T08:17:40,leasing,CITROEN,C4,4,0,0.0
2026-08-13T08:17:40,leasing,CITROEN,C5 AIRCROSS,16,0,0.0
2026-08-13T08:17:40,leasing,CITROEN,C5 X,4,0,0.0
2026-08-13T08:17:40,leasing,CITROEN,JUMPY,5,0,0.0
2026-08-13T08:17:40,leasing,CUPRA,FORMENTOR,3,0,0.0
2026-08-13T08:17:40,leasing,DACIA,JOGGER,1,0,0.0
2026-08-13T08:17:40,leasing,DACIA,SANDERO,1,0,0.0
2026-08-13T08:17:40,leasing,DS,DS3 CROSSBACK,2,1,0.5
2026-08-13T08:17:40,leasing,DS,DS4,2,0,0.0
2026-08-13T08:17:40,leasing,DS,DS7,3,0,0.0
2026-08-13T08:17:40,leasing,FIAT,500,1,0,0.0
2026-08-13T08:17:40,leasing,FORD,KUGA,6,0,0.0
2026-08-13T08:17:40,leasing,FORD,PUMA,1,0,0.0
2026-08-13T08:17:40,leasing,HYUNDAI,I30,1,0,0.0
2026-08-13T08:17:40,leasing,HYUNDAI,IONIQ,1,1,1.0
2026-08-13T08:17:40,leasing,HYUNDAI,SANTA FE,1,0,0.0
2026-08-13T08:17:40,leasing,HYUNDAI,TUCSON,8,0,0.0
2026-08-13T08:17:40,leasing,JEEP,AVENGER,3,3,1.0
2026-08-13T08:17:40,leasing,KIA,CEED,4,0,0.0
2026-08-13T08:17:40,leasing,KIA,EV6,1,1,1.0
2026-08-13T08:17:40,leasing,KIA,NIRO,1,0,0.0
2026-08-13T08:17:40,leasing,KIA,NIRO EV,8,8,1.0
2026-08-13T08:17:40,leasing,KIA,PICANTO,1,0,0.0
2026-08-13T08:17:40,leasing,KIA,PROCEED,1,0,0.0
2026-08-13T08:17:40,leasing,KIA,RIO,2,0,0.0
2026-08-13T08:17:40,leasing,KIA,SORENTO,1,0,0.0
2026-08-13T08:17:40,leasing,KIA,SPORTAGE,9,0,0.0
2026-08-13T08:17:40,leasing,KIA,STONIC,8,0,0.0
2026-08-13T08:17:40,leasing,KIA,XCEED,1,0,0.0
2026-08-13T08:17:40,leasing,MERCEDES-BENZ,CLA COUPE,1,0,0.0
2026-08-13T08:17:40,leasing,MERCEDES-BENZ,CLASSE A,3,0,0.0
2026-08-13T08:17:40,leasing,MERCEDES-BENZ,CLASSE CLA,3,0,0.0
2026-08-13T08:17:40,leasing,MERCEDES-BENZ,CLASSE GLA,1,0,0.0
2026-08-13T08:17:40,leasing,NISSAN,JUKE,1,0,0.0
2026-08-13T08:17:40,leasing,NISSAN,LEAF,1,1,1.0
2026-08-13T08:17:40,leasing,NISSAN,QASHQAI,9,0,0.0
2026-08-13T08:17:40,leasing,NISSAN,X-TRAIL,1,0,0.0
2026-08-13T08:17:40,leasing,OPEL,ASTRA,1,0,0.0
2026-08-13T08:17:40,leasing,OPEL,CORSA,3,0,0.0
2026-08-13T08:17:40,leasing,OPEL,CROSSLAND,3,0,0.0
2026-08-13T08:17:40,leasing,OPEL,GRANDLAND,1,0,0.0
2026-08-13T08:17:40,leasing,PEUGEOT,2008,24,0,0.0
2026-08-13T08:17:40,leasing,PEUGEOT,208,10,0,0.0
2026-08-13T08:17:40,leasing,PEUGEOT,3008,29,0,0.0
2026-08-13T08:17:40,leasing,PEUGEOT,308,9,0,0.0
2026-08-13T08:17:40,leasing,PEUGEOT,308 SW,3,0,0.0
2026-08-13T08:17:40,leasing,PEUGEOT,408,1,0,0.0
2026-08-13T08:17:40,leasing,PEUGEOT,5008,15,0,0.0
2026-08-13T08:17:40,leasing,PEUGEOT,E-2008,13,13,1.0
2026-08-13T08:17:40,leasing,PEUGEOT,E-208,2,2,1.0
2026-08-13T08:17:40,leasing,PEUGEOT,EXPERT,4,0,0.0
2026-08-13T08:17:40,leasing,PEUGEOT,PARTNER,9,0,0.0
2026-08-13T08:17:40,leasing,RENAULT,ARKANA,20,0,0.0
2026-08-13T08:17:40,leasing,RENAULT,AUSTRAL,6,0,0.0
2026-08-13T08:17:40,leasing,RENAULT,CAPTUR,14,0,0.0
2026-08-13T08:17:40,leasing,RENAULT,CLIO,26,0,0.0
2026-08-13T08:17:40,leasing,RENAULT,ESPACE,3,0,0.0
2026-08-13T08:17:40,leasing,RENAULT,EXPRESS,16,0,0.0
2026-08-13T08:17:40,leasing,RENAULT,KANGOO,5,0,0.0
2026-08-13T08:17:40,leasing,RENAULT,MASTER,1,0,0.0
2026-08-13T08:17:40,leasing,RENAULT,MEGANE,13,0,0.0
2026-08-13T08:17:40,leasing,RENAULT,SCENIC,6,0,0.0
2026-08-13T08:17:40,leasing,RENAULT,TRAFIC,4,0,0.0
2026-08-13T08:17:40,leasing,RENAULT,TWINGO,1,1,1.0
2026-08-13T08:17:40,leasing,RENAULT,ZOE,1,1,1.0
2026-08-13T08:17:40,leasing,SEAT,ARONA,1,0,0.0
2026-08-13T08:17:40,leasing,SKODA,ENYAQ,1,1,1.0
2026-08-13T08:17:40,leasing,SKODA,FABIA,5,0,0.0
2026-08-13T08:17:40,leasing,SKODA,KAMIQ,6,0,0.0
2026-08-13T08:17:40,leasing,SKODA,KODIAQ,2,0,0.0
2026-08-13T08:17:40,leasing,SUZUKI,SWIFT,1,0,0.0
2026-08-13T08:17:40,leasing,TESLA,MODEL 3,4,4,1.0
2026-08-13T08:17:40,leasing,TESLA,MODEL Y,12,12,1.0
2026-08-13T08:17:40,leasing,TOYOTA,AYGO X,4,0,0.0
2026-08-13T08:17:40,leasing,TOYOTA,C-HR,4,0,0.0
2026-08-13T08:17:40,leasing,TOYOTA,COROLLA,5,0,0.0
2026-08-13T08:17:40,leasing,TOYOTA,COROLLA TS,12,0,0.0
2026-08-13T08:17:40,leasing,TOYOTA,PROACE CITY,1,0,0.0
2026-08-13T08:17:40,leasing,TOYOTA,RAV4 HSD,3,0,0.0
2026-08-13T08:17:40,leasing,TOYOTA,RAV4 PLUG IN,3,0,0.0
2026-08-13T08:17:40,leasing,TOYOTA,YARIS,1,0,0.0
2026-08-13T08:17:40,leasing,TOYOTA,YARIS HYBRID,2,0,0.0
2026-08-13T08:17:40,leasing,VOLKSWAGEN,GOLF,9,0,0.0
2026-08-13T08:17:40,leasing,VOLKSWAGEN,ID.3,2,2,1.0
2026-08-13T08:17:40,leasing,VOLKSWAGEN,POLO,4,0,0.0
2026-08-13T08:17:40,leasing,VOLKSWAGEN,T-ROC,3,0,0.0
2026-08-13T08:17:40,leasing,VOLKSWAGEN,TAIGO,1,0,0.0
2026-08-13T08:17:40,leasing,VOLKSWAGEN,TIGUAN,4,0,0.0
2026-08-13T08:17:40,leasing,VOLKSWAGEN,TIGUAN ALLSPACE,1,0,0.0
2026-08-13T08:17:40,leasing,VOLKSWAGEN,TOURAN,3,0,0.0
2026-08-13T08:17:40,leasing,VOLKSWAGEN,TRANSPORTER,1,0,0.0
2026-08-13T08:17:40,leasing,VOLVO,XC60,1,0,0.0
2026-08-13T08:17:40,cash,AUDI,A1 SPORTBACK,2,0,0.0
2026-08-13T08:17:40,cash,AUDI,A3 SPORTBACK,4,0,0.0
2026-08-13T08:17:40,cash,AUDI,Q3 SPORTBACK,1,0,0.0
2026-08-13T08:17:40,cash,BMW,IX3,1,1,1.0
2026-08-13T08:17:40,cash,BMW,SERIE 1,6,0,0.0
2026-08-13T08:17:40,cash,BMW,SERIE 2 ACTIVE TOURE,2,0,0.0
2026-08-13T08:17:40,cash,BMW,SERIE 3,2,0,0.0
2026-08-13T08:17:40,cash,BMW,X1,7,0,0.0
2026-08-13T08:17:40,cash,BMW,X2,1,0,0.0
2026-08-13T08:17:40,cash,BMW,X3,1,0,0.0
2026-08-13T08:17:40,cash,BMW,X5,1,0,0.0
2026-08-13T08:17:40,cash,CITROEN,BERLINGO,8,0,0.0
2026-08-13T08:17:40,cash,CITROEN,C3,9,0,0.0
2026-08-13T08:17:40,cash,CITROEN,C3 AIRCROSS,6,0,0.0
2026-08-13T08:17:40,cash,CITROEN,C4,4,0,0.0
2026-08-13T08:17:40,cash,CITROEN,C5 AIRCROSS,16,0,0.0
2026-08-13T08:17:40,cash,CITROEN,C5 X,4,0,0.0
2026-08-13T08:17:40,cash,CITROEN,E-C4,1,1,1.0
2026-08-13T08:17:40,cash,CITROEN,JUMPY,6,0,0.0
2026-08-13T08:17:40,cash,CUPRA,FORMENTOR,3,0,0.0
2026-08-13T08:17:40,cash,DACIA,JOGGER,1,0,0.0
2026-08-13T08:17:40,cash,DACIA,SANDERO,2,0,0.0
2026-08-13T08:17:40,cash,DS,DS3 CROSSBACK,2,1,0.5
2026-08-13T08:17:40,cash,DS,DS4,2,0,0.0
2026-08-13T08:17:40,cash,DS,DS7,3,0,0.0
2026-08-13T08:17:40,cash,FIAT,500,1,0,0.0
2026-08-13T08:17:40,cash,FORD,KUGA,7,0,0.0
2026-08-13T08:17:40,cash,FORD,PUMA,1,0,0.0
2026-08-13T08:17:40,cash,FORD,TRANSIT CUSTOM,1,0,0.0
2026-08-13T08:17:40,cash,HYUNDAI,I30,1,0,0.0
2026-08-13T08:17:40,cash,HYUNDAI,IONIQ,1,1,1.0
2026-08-13T08:17:40,cash,HYUNDAI,SANTA FE,1,0,0.0
2026-08-13T08:17:40,cash,HYUNDAI,TUCSON,8,0,0.0
2026-08-13T08:17:40,cash,JEEP,AVENGER,3,3,1.0
2026-08-13T08:17:40,cash,KIA,CEED,4,0,0.0
2026-08-13T08:17:40,cash,KIA,EV6,1,1,1.0
2026-08-13T08:17:40,cash,KIA,NIRO,1,0,0.0
2026-08-13T08:17:40,cash,KIA,NIRO EV,8,8,1.0
2026-08-13T08:17:40,cash,KIA,PICANTO,1,0,0.0
2026-08-13T08:17:40,cash,KIA,PROCEED,1,0,0.0
2026-08-13T08:17:40,cash,KIA,RIO,2,0,0.0
2026-08-13T08:17:40,cash,KIA,SORENTO,1,0,0.0
2026-08-13T08:17:40,cash,KIA,SPORTAGE,9,0,0.0
2026-08-13T08:17:40,cash,KIA,STONIC,8,0,0.0
2026-08-13T08:17:40,cash,KIA,XCEED,1,0,0.0
2026-08-13T08:17:40,cash,LYNK,& CO LC01,1,0,0.0
2026-08-13T08:17:40,cash,MERCEDES-BENZ,CLA COUPE,1,0,0.0
2026-08-13T08:17:40,cash,MERCEDES-BENZ,CLASSE A,5,0,0.0
2026-08-13T08:17:40,cash,MERCEDES-BENZ,CLASSE CLA,3,0,0.0
2026-08-13T08:17:40,cash,MERCEDES-BENZ,CLASSE GLA,1,0,0.0
2026-08-13T08:17:40,cash,MERCEDES-BENZ,EQA,1,1,1.0
2026-08-13T08:17:40,cash,MERCEDES-BENZ,GLB,1,0,0.0
2026-08-13T08:17:40,cash,NISSAN,JUKE,1,0,0.0
2026-08-13T08:17:40,cash,NISSAN,LEAF,1,1,1.0
2026-08-13T08:17:40,cash,NISSAN,QASHQAI,9,0,0.0
2026-08-13T08:17:40,cash,NISSAN,X-TRAIL,1,0,0.0
2026-08-13T08:17:40,cash,OPEL,ASTRA,1,0,0.0
2026-08-13T08:17:40,cash,OPEL,CORSA,3,0,0.0
2026-08-13T08:17:40,cash,OPEL,CROSSLAND,3,0,0.0
2026-08-13T08:17:40,cash,OPEL,GRANDLAND,1,0,0.0
2026-08-13T08:17:40,cash,OPEL,GRANDLAND X,1,0,0.0
2026-08-13T08:17:40,cash,PEUGEOT,108,1,0,0.0
2026-08-13T08:17:40,cash,PEUGEOT,2008,26,0,0.0
2026-08-13T08:17:40,cash,PEUGEOT,208,11,0,0.0
2026-08-13T08:17:40,cash,PEUGEOT,3008,33,0,0.0
2026-08-13T08:17:40,cash,PEUGEOT,308,9,0,0.0
2026-08-13T08:17:40,cash,PEUGEOT,308 SW,3,0,0.0
2026-08-13T08:17:40,cash,PEUGEOT,408,1,0,0.0
2026-08-13T08:17:40,cash,PEUGEOT,5008,15,0,0.0
2026-08-13T08:17:40,cash,PEUGEOT,E-2008,13,13,1.0
2026-08-13T08:17:40,cash,PEUGEOT,E-208,3,3,1.0
2026-08-13T08:17:40,cash,PEUGEOT,E-308,2,2,1.0
2026-08-13T08:17:40,cash,PEUGEOT,EXPERT,4,0,0.0
2026-08-13T08:17:40,cash,PEUGEOT,PARTNER,10,0,0.0
2026-08-13T08:17:40,cash,RENAULT,ARKANA,20,0,0.0
2026-08-13T08:17:40,cash,RENAULT,AUSTRAL,6,0,0.0
2026-08-13T08:17:40,cash,RENAULT,CAPTUR,15,0,0.0
2026-08-13T08:17:40,cash,RENAULT,CLIO,29,0,0.0
2026-08-13T08:17:40,cash,RENAULT,ESPACE,3,0,0.0
2026-08-13T08:17:40,cash,RENAULT,EXPRESS,16,0,0.0
2026-08-13T08:17:40,cash,RENAULT,KADJAR,1,0,0.0
2026-08-13T08:17:40,cash,RENAULT,KANGOO,5,0,0.0
2026-08-13T08:17:40,cash,RENAULT,MASTER,1,0,0.0
2026-08-13T08:17:40,cash,RENAULT,MEGANE,15,0,0.0
2026-08-13T08:17:40,cash,RENAULT,SCENIC,7,0,0.0
2026-08-13T08:17:40,cash,RENAULT,SYMBIOZ,1,0,0.0
2026-08-13T08:17:40,cash,RENAULT,TRAFIC,4,0,0.0
2026-08-13T08:17:40,cash,RENAULT,TWINGO,2,1,0.5
2026-08-13T08:17:40,cash,RENAULT,ZOE,1,1,1.0
2026-08-13T08:17:40,cash,SEAT,ARONA,1,0,0.0
2026-08-13T08:17:40,cash,SKODA,ENYAQ,1,1,1.0
2026-08-13T08:17:40,cash,SKODA,FABIA,5,0,0.0
2026-08-13T08:17:40,cash,SKODA,KAMIQ,6,0,0.0
2026-08-13T08:17:40,cash,SKODA,KAROQ,1,0,0.0
2026-08-13T08:17:40,cash,SKODA,KODIAQ,2,0,0.0
2026-08-13T08:17:40,cash,SUZUKI,SWIFT,1,0,0.0
2026-08-13T08:17:40,cash,TESLA,MODEL 3,6,6,1.0
2026-08-13T08:17:40,cash,TESLA,MODEL Y,12,12,1.0
2026-08-13T08:17:40,cash,TOYOTA,AYGO X,4,0,0.0
2026-08-13T08:17:40,cash,TOYOTA,C-HR,5,0,0.0
2026-08-13T08:17:40,cash,TOYOTA,COROLLA,5,0,0.0
2026-08-13T08:17:40,cash,TOYOTA,COROLLA TS,12,0,0.0
2026-08-13T08:17:40,cash,TOYOTA,PROACE CITY,1,0,0.0
2026-08-13T08:17:40,cash,TOYOTA,RAV4 HSD,4,0,0.0
2026-08-13T08:17:40,cash,TOYOTA,RAV4 PLUG IN,3,0,0.0
2026-08-13T08:17:40,cash,TOYOTA,YARIS,1,0,0.0
2026-08-13T08:17:40,cash,TOYOTA,YARIS HYBRID,2,0,0.0
2026-08-13T08:17:40,cash,VOLKSWAGEN,GOLF,9,0,0.0
2026-08-13T08:17:40,cash,VOLKSWAGEN,ID.3,2,2,1.0
2026-08-13T08:17:40,cash,VOLKSWAGEN,POLO,5,0,0.0
2026-08-13T08:17:40,cash,VOLKSWAGEN,T-ROC,4,0,0.0
2026-08-13T08:17:40,cash,VOLKSWAGEN,TAIGO,1,0,0.0
2026-08-13T08:17:40,cash,VOLKSWAGEN,TIGUAN,4,0,0.0
2026-08-13T08:17:40,cash,VOLKSWAGEN,TIGUAN ALLSPACE,2,0,0.0
2026-08-13T08:17:40,cash,VOLKSWAGEN,TOURAN,3,0,0.0
2026-08-13T08:17:40,cash,VOLKSWAGEN,TRANSPORTER,1,0,0.0
2026-08-13T08:17:40,cash,VOLVO,XC60,1,0,0.0
2026-08-14T08:12:31,leasing,AUDI,A1 SPORTBACK,1,0,0.0
2026-08-14T08:12:31,leasing,AUDI,A3 SPORTBACK,3,0,0.0
2026-08-14T08:12:31,leasing,AUDI,Q3,1,0,0.0
2026-08-14T08:12:31,leasing,BMW,IX1,1,1,1.0
2026-08-14T08:12:31,leasing,BMW,IX3,1,1,1.0
2026-08-14T08:12:31,leasing,BMW,SERIE 1,6,0,0.0
2026-08-14T08:12:31,leasing,BMW,SERIE 2 ACTIVE TOURE,1,0,0.0
2026-08-14T08:12:31,leasing,BMW,SERIE 3,2,0,0.0
2026-08-14T08:12:31,leasing,BMW,X1,7,0,0.0
2026-08-14T08:12:31,leasing,BMW,X2,1,0,0.0
2026-08-14T08:12:31,leasing,BMW,X3,1,0,0.0
2026-08-14T08:12:31,leasing,CITROEN,BERLINGO,7,0,0.0
2026-08-14T08:12:31,leasing,CITROEN,C3,7,0,0.0
2026-08-14T08:12:31,leasing,CITROEN,C3 AIRCROSS,6,0,0.0
2026-08-14T08:12:31,leasing,CITROEN,C4,4,0,0.0
2026-08-14T08:12:31,leasing,CITROEN,C5 AIRCROSS,16,0,0.0
2026-08-14T08:12:31,leasing,CITROEN,C5 X,4,0,0.0
2026-08-14T08:12:31,leasing,CITROEN,JUMPY,6,0,0.0
2026-08-14T08:12:31,leasing,CUPRA,FORMENTOR,3,0,0.0
2026-08-14T08:12:31,leasing,DACIA,JOGGER,1,0,0.0
2026-08-14T08:12:31,leasing,DACIA,SANDERO,2,0,0.0
2026-08-14T08:12:31,leasing,DS,DS3 CROSSBACK,1,0,0.0
2026-08-14T08:12:31,leasing,DS,DS4,2,0,0.0
2026-08-14T08:12:31,leasing,DS,DS7,3,0,0.0
2026-08-14T08:12:31,leasing,FIAT,500,1,0,0.0
2026-08-14T08:12:31,leasing,FORD,KUGA,5,0,0.0
2026-08-14T08:12:31,leasing,FORD,PUMA,1,0,0.0
2026-08-14T08:12:31,leasing,HYUNDAI,I30,1,0,0.0
2026-08-14T08:12:31,leasing,HYUNDAI,IONIQ,1,1,1.0
2026-08-14T08:12:31,leasing,HYUNDAI,KONA,1,0,0.0
2026-08-14T08:12:31,leasing,HYUNDAI,SANTA FE,2,0,0.0
2026-08-14T08:12:31,leasing,HYUNDAI,TUCSON,8,0,0.0
2026-08-14T08:12:31,leasing,JEEP,AVENGER,3,3,1.0
2026-08-14T08:12:31,leasing,KIA,CEED,4,0,0.0
2026-08-14T08:12:31,leasing,KIA,EV6,1,1,1.0
2026-08-14T08:12:31,leasing,KIA,NIRO,1,0,0.0
2026-08-14T08:12:31,leasing,KIA,NIRO EV,9,9,1.0
2026-08-14T08:12:31,leasing,KIA,PICANTO,1,0,0.0
2026-08-14T08:12:31,leasing,KIA,PROCEED,1,0,0.0
2026-08-14T08:12:31,leasing,KIA,RIO,2,0,0.0
2026-08-14T08:12:31,leasing,KIA,SORENTO,1,0,0.0
2026-08-14T08:12:31,leasing,KIA,SPORTAGE,10,0,0.0
2026-08-14T08:12:31,leasing,KIA,STONIC,8,0,0.0
2026-08-14T08:12:31,leasing,KIA,XCEED,1,0,0.0
2026-08-14T08:12:31,leasing,MERCEDES-BENZ,CLA COUPE,1,0,0.0
2026-08-14T08:12:31,leasing,MERCEDES-BENZ,CLASSE A,3,0,0.0
2026-08-14T08:12:31,leasing,MERCEDES-BENZ,CLASSE CLA,4,0,0.0
2026-08-14T08:12:31,leasing,MERCEDES-BENZ,CLASSE GLA,1,0,0.0
2026-08-14T08:12:31,leasing,MERCEDES-BENZ,EQA,1,1,1.0
2026-08-14T08:12:31,leasing,NISSAN,JUKE,1,0,0.0
2026-08-14T08:12:31,leasing,NISSAN,LEAF,1,1,1.0
2026-08-14T08:12:31,leasing,NISSAN,QASHQAI,9,0,0.0
2026-08-14T08:12:31,leasing,NISSAN,X-TRAIL,1,0,0.0
2026-08-14T08:12:31,leasing,OPEL,ASTRA,1,0,0.0
2026-08-14T08:12:31,leasing,OPEL,CORSA,3,0,0.0
2026-08-14T08:12:31,leasing,OPEL,CROSSLAND,3,0,0.0
2026-08-14T08:12:31,leasing,OPEL,GRANDLAND,1,0,0.0
2026-08-14T08:12:31,leasing,PEUGEOT,2008,24,0,0.0
2026-08-14T08:12:31,leasing,PEUGEOT,208,10,0,0.0
2026-08-14T08:12:31,leasing,PEUGEOT,3008,29,0,0.0
2026-08-14T08:12:31,leasing,PEUGEOT,308,9,0,0.0
2026-08-14T08:12:31,leasing,PEUGEOT,308 SW,3,0,0.0
2026-08-14T08:12:31,leasing,PEUGEOT,408,1,0,0.0
2026-08-14T08:12:31,leasing,PEUGEOT,5008,15,0,0.0
2026-08-14T08:12:31,leasing,PEUGEOT,E-2008,13,13,1.0
2026-08-14T08:12:31,leasing,PEUGEOT,E-208,2,2,1.0
2026-08-14T08:12:31,leasing,PEUGEOT,EXPERT,4,0,0.0
2026-08-14T08:12:31,leasing,PEUGEOT,PARTNER,9,0,0.0
2026-08-14T08:12:31,leasing,RENAULT,ARKANA,20,0,0.0
2026-08-14T08:12:31,leasing,RENAULT,AUSTRAL,8,0,0.0
2026-08-14T08:12:31,leasing,RENAULT,CAPTUR,14,0,0.0
2026-08-14T08:12:31,leasing,RENAULT,CLIO,25,0,0.0
2026-08-14T08:12:31,leasing,RENAULT,ESPACE,3,0,0.0
2026-08-14T08:12:31,leasing,RENAULT,EXPRESS,16,0,0.0
2026-08-14T08:12:31,leasing,RENAULT,KANGOO,5,0,0.0
2026-08-14T08:12:31,leasing,RENAULT,MASTER,1,0,0.0
2026-08-14T08:12:31,leasing,RENAULT,MEGANE,14,0,0.0
2026-08-14T08:12:31,leasing,RENAULT,SCENIC,7,0,0.0
2026-08-14T08:12:31,leasing,RENAULT,TRAFIC,3,0,0.0
2026-08-14T08:12:31,leasing,RENAULT,TWINGO,1,1,1.0
2026-08-14T08:12:31,leasing,RENAULT,ZOE,2,2,1.0
2026-08-14T08:12:31,leasing,SEAT,ARONA,1,0,0.0
2026-08-14T08:12:31,leasing,SKODA,ENYAQ,1,1,1.0
2026-08-14T08:12:31,leasing,SKODA,FABIA,5,0,0.0
2026-08-14T08:12:31,leasing,SKODA,KAMIQ,6,0,0.0
2026-08-14T08:12:31,leasing,SKODA,KODIAQ,2,0,0.0
2026-08-14T08:12:31,leasing,SUZUKI,SWIFT,1,0,0.0
2026-08-14T08:12:31,leasing,TESLA,MODEL 3,6,6,1.0
2026-08-14T08:12:31,leasing,TESLA,MODEL Y,13,13,1.0
2026-08-14T08:12:31,leasing,TOYOTA,AYGO X,4,0,0.0
2026-08-14T08:12:31,leasing,TOYOTA,C-HR,6,0,0.0
2026-08-14T08:12:31,leasing,TOYOTA,COROLLA,7,0,0.0
2026-08-14T08:12:31,leasing,TOYOTA,COROLLA TS,12,0,0.0
2026-08-14T08:12:31,leasing,TOYOTA,PROACE CITY,1,0,0.0
2026-08-14T08:12:31,leasing,TOYOTA,RAV4 HSD,3,0,0.0
2026-08-14T08:12:31,leasing,TOYOTA,RAV4 PLUG IN,3,0,0.0
2026-08-14T08:12:31,leasing,TOYOTA,YARIS,1,0,0.0
2026-08-14T08:12:31,leasing,TOYOTA,YARIS HYBRID,2,0,0.0
2026-08-14T08:12:31,leasing,VOLKSWAGEN,GOLF,9,0,0.0
2026-08-14T08:12:31,leasing,VOLKSWAGEN,ID.3,2,2,1.0
2026-08-14T08:12:31,leasing,VOLKSWAGEN,POLO,5,0,0.0
2026-08-14T08:12:31,leasing,VOLKSWAGEN,T-ROC,2,0,0.0
2026-08-14T08:12:31,leasing,VOLKSWAGEN,TAIGO,1,0,0.0
2026-08-14T08:12:31,leasing,VOLKSWAGEN,TIGUAN,5,0,0.0
2026-08-14T08:12:31,leasing,VOLKSWAGEN,TIGUAN ALLSPACE,1,0,0.0
2026-08-14T08:12:31,leasing,VOLKSWAGEN,TOURAN,3,0,0.0
2026-08-14T08:12:31,leasing,VOLKSWAGEN,TRANSPORTER,1,0,0.0
2026-08-14T08:12:31,leasing,VOLVO,XC60,1,0,0.0
2026-08-14T08:12:31,cash,AUDI,A1 SPORTBACK,1,0,0.0
2026-08-14T08:12:31,cash,AUDI,A3 SPORTBACK,3,0,0.0
2026-08-14T08:12:31,cash,AUDI,Q3,1,0,0.0
2026-08-14T08:12:31,cash,AUDI,Q3 SPORTBACK,1,0,0.0
2026-08-14T08:12:31,cash,BMW,IX1,1,1,1.0
2026-08-14T08:12:31,cash,BMW,IX3,1,1,1.0
2026-08-14T08:12:31,cash,BMW,SERIE 1,7,0,0.0
2026-08-14T08:12:31,cash,BMW,SERIE 2 ACTIVE TOURE,2,0,0.0
2026-08-14T08:12:31,cash,BMW,SERIE 3,3,0,0.0
2026-08-14T08:12:31,cash,BMW,X1,8,0,0.0
2026-08-14T08:12:31,cash,BMW,X2,1,0,0.0
2026-08-14T08:12:31,cash,BMW,X3,1,0,0.0
2026-08-14T08:12:31,cash,BMW,X5,1,0,0.0
2026-08-14T08:12:31,cash,CITROEN,BERLINGO,8,0,0.0
2026-08-14T08:12:31,cash,CITROEN,C3,9,0,0.0
2026-08-14T08:12:31,cash,CITROEN,C3 AIRCROSS,6,0,0.0
2026-08-14T08:12:31,cash,CITROEN,C4,4,0,0.0
2026-08-14T08:12:31,cash,CITROEN,C5 AIRCROSS,16,0,0.0
2026-08-14T08:12:31,cash,CITROEN,C5 X,4,0,0.0
2026-08-14T08:12:31,cash,CITROEN,E-C4,1,1,1.0
2026-08-14T08:12:31,cash,CITROEN,JUMPY,6,0,0.0
2026-08-14T08:12:31,cash,CUPRA,FORMENTOR,3,0,0.0
2026-08-14T08:12:31,cash,DACIA,JOGGER,1,0,0.0
2026-08-14T08:12:31,cash,DACIA,SANDERO,2,0,0.0
2026-08-14T08:12:31,cash,DS,DS3 CROSSBACK,1,0,0.0
2026-08-14T08:12:31,cash,DS,DS4,2,0,0.0
2026-08-14T08:12:31,cash,DS,DS7,3,0,0.0
2026-08-14T08:12:31,cash,FIAT,500,1,0,0.0
2026-08-14T08:12:31,cash,FORD,KUGA,6,0,0.0
2026-08-14T08:12:31,cash,FORD,PUMA,1,0,0.0
2026-08-14T08:12:31,cash,FORD,TRANSIT CUSTOM,1,0,0.0
2026-08-14T08:12:31,cash,HYUNDAI,I30,1,0,0.0
2026-08-14T08:12:31,cash,HYUNDAI,IONIQ,1,1,1.0
2026-08-14T08:12:31,cash,HYUNDAI,KONA,1,0,0.0
2026-08-14T08:12:31,cash,HYUNDAI,SANTA FE,2,0,0.0
2026-08-14T08:12:31,cash,HYUNDAI,TUCSON,8,0,0.0
2026-08-14T08:12:31,cash,JEEP,AVENGER,3,3,1.0
2026-08-14T08:12:31,cash,KIA,CEED,4,0,0.0
2026-08-14T08:12:31,cash,KIA,EV6,1,1,1.0
2026-08-14T08:12:31,cash,KIA,NIRO,1,0,0.0
2026-08-14T08:12:31,cash,KIA,NIRO EV,9,9,1.0
2026-08-14T08:12:31,cash,KIA,PICANTO,1,0,0.0
2026-08-14T08:12:31,cash,KIA,PROCEED,1,0,0.0
2026-08-14T08:12:31,cash,KIA,RIO,2,0,0.0
2026-08-14T08:12:31,cash,KIA,SORENTO,1,0,0.0
2026-08-14T08:12:31,cash,KIA,SPORTAGE,10,0,0.0
2026-08-14T08:12:31,cash,KIA,STONIC,8,0,0.0
2026-08-14T08:12:31,cash,KIA,XCEED,1,0,0.0
2026-08-14T08:12:31,cash,LYNK,& CO LC01,1,0,0.0
2026-08-14T08:12:31,cash,MERCEDES-BENZ,CLA COUPE,1,0,0.0
2026-08-14T08:12:31,cash,MERCEDES-BENZ,CLASSE A,5,0,0.0
2026-08-14T08:12:31,cash,MERCEDES-BENZ,CLASSE CLA,4,0,0.0
2026-08-14T08:12:31,cash,MERCEDES-BENZ,CLASSE GLA,1,0,0.0
2026-08-14T08:12:31,cash,MERCEDES-BENZ,EQA,2,2,1.0
2026-08-14T08:12:31,cash,MERCEDES-BENZ,GLB,1,0,0.0
2026-08-14T08:12:31,cash,NISSAN,JUKE,1,0,0.0
2026-08-14T08:12:31,cash,NISSAN,LEAF,1,1,1.0
2026-08-14T08:12:31,cash,NISSAN,QASHQAI,9,0,0.0
2026-08-14T08:12:31,cash,NISSAN,X-TRAIL,1,0,0.0
2026-08-14T08:12:31,cash,OPEL,ASTRA,1,0,0.0
2026-08-14T08:12:31,cash,OPEL,CORSA,3,0,0.0
2026-08-14T08:12:31,cash,OPEL,CROSSLAND,3,0,0.0
2026-08-14T08:12:31,cash,OPEL,GRANDLAND,1,0,0.0
2026-08-14T08:12:31,cash,OPEL,GRANDLAND X,1,0,0.0
2026-08-14T08:12:31,cash,PEUGEOT,108,1,0,0.0
2026-08-14T08:12:31,cash,PEUGEOT,2008,26,0,0.0
2026-08-14T08:12:31,cash,PEUGEOT,208,11,0,0.0
2026-08-14T08:12:31,cash,PEUGEOT,3008,33,0,0.0
2026-08-14T08:12:31,cash,PEUGEOT,308,9,0,0.0
2026-08-14T08:12:31,cash,PEUGEOT,308 SW,3,0,0.0
2026-08-14T08:12:31,cash,PEUGEOT,408,1,0,0.0
2026-08-14T08:12:31,cash,PEUGEOT,5008,15,0,0.0
2026-08-14T08:12:31,cash,PEUGEOT,E-2008,13,13,1.0
2026-08-14T08:12:31,cash,PEUGEOT,E-208,3,3,1.0
2026-08-14T08:12:31,cash,PEUGEOT,E-308,2,2,1.0
2026-08-14T08:12:31,cash,PEUGEOT,EXPERT,4,0,0.0
2026-08-14T08:12:31,cash,PEUGEOT,PARTNER,10,0,0.0
2026-08-14T08:12:31,cash,RENAULT,ARKANA,20,0,0.0
2026-08-14T08:12:31,cash,RENAULT,AUSTRAL,8,0,0.0
2026-08-14T08:12:31,cash,RENAULT,CAPTUR,15,0,0.0
2026-08-14T08:12:31,cash,RENAULT,CLIO,28,0,0.0
2026-08-14T08:12:31,cash,RENAULT,ESPACE,3,0,0.0
2026-08-14T08:12:31,cash,RENAULT,EXPRESS,16,0,0.0
2026-08-14T08:12:31,cash,RENAULT,KADJAR,1,0,0.0
2026-08-14T08:12:31,cash,RENAULT,KANGOO,5,0,0.0
2026-08-14T08:12:31,cash,RENAULT,MASTER,1,0,0.0
2026-08-14T08:12:31,cash,RENAULT,MEGANE,16,0,0.0
2026-08-14T08:12:31,cash,RENAULT,MEGANE E-TECH,1,1,1.0
2026-08-14T08:12:31,cash,RENAULT,SCENIC,8,0,0.0
2026-08-14T08:12:31,cash,RENAULT,SYMBIOZ,1,0,0.0
2026-08-14T08:12:31,cash,RENAULT,TRAFIC,3,0,0.0
2026-08-14T08:12:31,cash,RENAULT,TWINGO,2,1,0.5
2026-08-14T08:12:31,cash,RENAULT,ZOE,2,2,1.0
2026-08-14T08:12:31,cash,SEAT,ARONA,1,0,0.0
2026-08-14T08:12:31,cash,SKODA,ENYAQ,1,1,1.0
2026-08-14T08:12:31,cash,SKODA,FABIA,5,0,0.0
2026-08-14T08:12:31,cash,SKODA,KAMIQ,6,0,0.0
2026-08-14T08:12:31,cash,SKODA,KAROQ,1,0,0.0
2026-08-14T08:12:31,cash,SKODA,KODIAQ,2,0,0.0
2026-08-14T08:12:31,cash,SUZUKI,SWIFT,1,0,0.0
2026-08-14T08:12:31,cash,TESLA,MODEL 3,8,8,1.0
2026-08-14T08:12:31,cash,TESLA,MODEL Y,13,13,1.0
2026-08-14T08:12:31,cash,TOYOTA,AYGO X,4,0,0.0
2026-08-14T08:12:31,cash,TOYOTA,C-HR,7,0,0.0
2026-08-14T08:12:31,cash,TOYOTA,COROLLA,7,0,0.0
2026-08-14T08:12:31,cash,TOYOTA,COROLLA TS,12,0,0.0
2026-08-14T08:12:31,cash,TOYOTA,PROACE CITY,1,0,0.0
2026-08-14T08:12:31,cash,TOYOTA,RAV4 HSD,5,0,0.0
2026-08-14T08:12:31,cash,TOYOTA,RAV4 PLUG IN,3,0,0.0
2026-08-14T08:12:31,cash,TOYOTA,YARIS,1,0,0.0
2026-08-14T08:12:31,cash,TOYOTA,YARIS HYBRID,2,0,0.0
2026-08-14T08:12:31,cash,VOLKSWAGEN,GOLF,9,0,0.0
2026-08-14T08:12:31,cash,VOLKSWAGEN,ID.3,2,2,1.0
2026-08-14T08:12:31,cash,VOLKSWAGEN,POLO,7,0,0.0
2026-08-14T08:12:31,cash,VOLKSWAGEN,T-ROC,3,0,0.0
2026-08-14T08:12:31,cash,VOLKSWAGEN,TAIGO,1,0,0.0
2026-08-14T08:12:31,cash,VOLKSWAGEN,TIGUAN,6,0,0.0
2026-08-14T08:12:31,cash,VOLKSWAGEN,TIGUAN ALLSPACE,2,0,0.0
2026-08-14T08:12:31,cash,VOLKSWAGEN,TOURAN,3,0,0.0
2026-08-14T08:12:31,cash,VOLKSWAGEN,TRANSPORTER,1,0,0.0
2026-08-14T08:12:31,cash,VOLVO,XC60,1,0,0.0
2026-08-15T07:26:41,leasing,AUDI,A1 SPORTBACK,1,0,0.0
2026-08-15T07:26:41,leasing,AUDI,A3 SPORTBACK,4,0,0.0
2026-08-15T07:26:41,leasing,BMW,IX3,1,1,1.0
2026-08-15T07:26:41,leasing,BMW,SERIE 1,6,0,0.0
2026-08-15T07:26:41,leasing,BMW,SERIE 2 ACTIVE TOURE,1,0,0.0
2026-08-15T07:26:41,leasing,BMW,SERIE 3,2,0,0.0
2026-08-15T07:26:41,leasing,BMW,X1,7,0,0.0
2026-08-15T07:26:41,leasing,BMW,X2,1,0,0.0
2026-08-15T07:26:41,leasing,BMW,X3,1,0,0.0
2026-08-15T07:26:41,leasing,CITROEN,BERLINGO,7,0,0.0
2026-08-15T07:26:41,leasing,CITROEN,C3,7,0,0.0
2026-08-15T07:26:41,leasing,CITROEN,C3 AIRCROSS,6,0,0.0
2026-08-15T07:26:41,leasing,CITROEN,C4,4,0,0.0
2026-08-15T07:26:41,leasing,CITROEN,C5 AIRCROSS,16,0,0.0
2026-08-15T07:26:41,leasing,CITROEN,C5 X,4,0,0.0
2026-08-15T07:26:41,leasing,CITROEN,JUMPY,6,0,0.0
2026-08-15T07:26:41,leasing,CUPRA,FORMENTOR,3,0,0.0
2026-08-15T07:26:41,leasing,DACIA,JOGGER,1,0,0.0
2026-08-15T07:26:41,leasing,DACIA,SANDERO,2,0,0.0
2026-08-15T07:26:41,leasing,DS,DS3 CROSSBACK,1,0,0.0
2026-08-15T07:26:41,leasing,DS,DS4,2,0,0.0
2026-08-15T07:26:41,leasing,DS,DS7,3,0,0.0
2026-08-15T07:26:41,leasing,FIAT,500,1,0,0.0
2026-08-15T07:26:41,leasing,FORD,KUGA,5,0,0.0
2026-08-15T07:26:41,leasing,FORD,PUMA,1,0,0.0
2026-08-15T07:26:41,leasing,HYUNDAI,I30,1,0,0.0
2026-08-15T07:26:41,leasing,HYUNDAI,IONIQ,1,1,1.0
2026-08-15T07:26:41,leasing,HYUNDAI,KONA,1,0,0.0
2026-08-15T07:26:41,leasing,HYUNDAI,SANTA FE,2,0,0.0
2026-08-15T07:26:41,leasing,HYUNDAI,TUCSON,8,0,0.0
2026-08-15T07:26:41,leasing,JEEP,AVENGER,3,3,1.0
2026-08-15T07:26:41,leasing,KIA,CEED,4,0,0.0
2026-08-15T07:26:41,leasing,KIA,EV6,1,1,1.0
2026-08-15T07:26:41,leasing,KIA,NIRO,1,0,0.0
2026-08-15T07:26:41,leasing,KIA,NIRO EV,10,10,1.0
2026-08-15T07:26:41,leasing,KIA,PICANTO,1,0,0.0
2026-08-15T07:26:41,leasing,KIA,PROCEED,1,0,0.0
2026-08-15T07:26:41,leasing,KIA,RIO,2,0,0.0
2026-08-15T07:26:41,leasing,KIA,SORENTO,1,0,0.0
2026-08-15T07:26:41,leasing,KIA,SPORTAGE,10,0,0.0
2026-08-15T07:26:41,leasing,KIA,STONIC,8,0,0.0
2026-08-15T07:26:41,leasing,KIA,XCEED,1,0,0.0
2026-08-15T07:26:41,leasing,MERCEDES-BENZ,CLA COUPE,1,0,0.0
2026-08-15T07:26:41,leasing,MERCEDES-BENZ,CLASSE A,2,0,0.0
2026-08-15T07:26:41,leasing,MERCEDES-BENZ,CLASSE CLA,4,0,0.0
2026-08-15T07:26:41,leasing,MERCEDES-BENZ,CLASSE GLA,1,0,0.0
2026-08-15T07:26:41,leasing,MERCEDES-BENZ,EQA,1,1,1.0
2026-08-15T07:26:41,leasing,NISSAN,JUKE,1,0,0.0
2026-08-15T07:26:41,leasing,NISSAN,LEAF,1,1,1.0
2026-08-15T07:26:41,leasing,NISSAN,QASHQAI,10,0,0.0
2026-08-15T07:26:41,leasing,NISSAN,X-TRAIL,1,0,0.0
2026-08-15T07:26:41,leasing,OPEL,ASTRA,1,0,0.0
2026-08-15T07:26:41,leasing,OPEL,CORSA,3,0,0.0
2026-08-15T07:26:41,leasing,OPEL,CROSSLAND,3,0,0.0
2026-08-15T07:26:41,leasing,OPEL,GRANDLAND,1,0,0.0
2026-08-15T07:26:41,leasing,PEUGEOT,2008,24,0,0.0
2026-08-15T07:26:41,leasing,PEUGEOT,208,9,0,0.0
2026-08-15T07:26:41,leasing,PEUGEOT,3008,29,0,0.0
2026-08-15T07:26:41,leasing,PEUGEOT,308,9,0,0.0
2026-08-15T07:26:41,leasing,PEUGEOT,308 SW,3,0,0.0
2026-08-15T07:26:41,leasing,PEUGEOT,408,1,0,0.0
2026-08-15T07:26:41,leasing,PEUGEOT,5008,15,0,0.0
2026-08-15T07:26:41,leasing,PEUGEOT,E-2008,13,13,1.0
2026-08-15T07:26:41,leasing,PEUGEOT,E-208,1,1,1.0
2026-08-15T07:26:41,leasing,PEUGEOT,EXPERT,4,0,0.0
2026-08-15T07:26:41,leasing,PEUGEOT,PARTNER,10,0,0.0
2026-08-15T07:26:41,leasing,RENAULT,ARKANA,21,0,0.0
2026-08-15T07:26:41,leasing,RENAULT,AUSTRAL,8,0,0.0
2026-08-15T07:26:41,leasing,RENAULT,CAPTUR,15,0,0.0
2026-08-15T07:26:41,leasing,RENAULT,CLIO,26,0,0.0
2026-08-15T07:26:41,leasing,RENAULT,ESPACE,3,0,0.0
2026-08-15T07:26:41,leasing,RENAULT,EXPRESS,16,0,0.0
2026-08-15T07:26:41,leasing,RENAULT,KANGOO,5,0,0.0
2026-08-15T07:26:41,leasing,RENAULT,MASTER,1,0,0.0
2026-08-15T07:26:41,leasing,RENAULT,MEGANE,14,0,0.0
2026-08-15T07:26:41,leasing,RENAULT,MEGANE E-TECH,1,1,1.0
2026-08-15T07:26:41,leasing,RENAULT,SCENIC,7,0,0.0
2026-08-15T07:26:41,leasing,RENAULT,TRAFIC,3,0,0.0
2026-08-15T07:26:41,leasing,RENAULT,TWINGO,1,1,1.0
2026-08-15T07:26:41,leasing,RENAULT,ZOE,1,1,1.0
2026-08-15T07:26:41,leasing,SEAT,ARONA,1,0,0.0
2026-08-15T07:26:41,leasing,SKODA,ENYAQ,1,1,1.0
2026-08-15T07:26:41,leasing,SKODA,FABIA,4,0,0.0
2026-08-15T07:26:41,leasing,SKODA,KAMIQ,6,0,0.0
2026-08-15T07:26:41,leasing,SKODA,KODIAQ,2,0,0.0
2026-08-15T07:26:41,leasing,SUZUKI,SWIFT,1,0,0.0
2026-08-15T07:26:41,leasing,TESLA,MODEL 3,6,6,1.0
2026-08-15T07:26:41,leasing,TESLA,MODEL Y,13,13,1.0
2026-08-15T07:26:41,leasing,TOYOTA,AYGO X,5,0,0.0
2026-08-15T07:26:41,leasing,TOYOTA,C-HR,6,0,0.0
2026-08-15T07:26:41,leasing,TOYOTA,COROLLA,6,0,0.0
2026-08-15T07:26:41,leasing,TOYOTA,COROLLA TS,12,0,0.0
2026-08-15T07:26:41,leasing,TOYOTA,PROACE CITY,1,0,0.0
2026-08-15T07:26:41,leasing,TOYOTA,RAV4 HSD,3,0,0.0
2026-08-15T07:26:41,leasing,TOYOTA,RAV4 PLUG IN,3,0,0.0
2026-08-15T07:26:41,leasing,TOYOTA,YARIS,1,0,0.0
2026-08-15T07:26:41,leasing,TOYOTA,YARIS HYBRID,2,0,0.0
2026-08-15T07:26:41,leasing,VOLKSWAGEN,GOLF,9,0,0.0
2026-08-15T07:26:41,leasing,VOLKSWAGEN,ID.3,2,2,1.0
2026-08-15T07:26:41,leasing,VOLKSWAGEN,POLO,6,0,0.0
2026-08-15T07:26:41,leasing,VOLKSWAGEN,T-ROC,2,0,0.0
2026-08-15T07:26:41,leasing,VOLKSWAGEN,TAIGO,1,0,0.0
2026-08-15T07:26:41,leasing,VOLKSWAGEN,TIGUAN,7,0,0.0
2026-08-15T07:26:41,leasing,VOLKSWAGEN,TIGUAN ALLSPACE,2,0,0.0
2026-08-15T07:26:41,leasing,VOLKSWAGEN,TOURAN,3,0,0.0
2026-08-15T07:26:41,leasing,VOLKSWAGEN,TRANSPORTER,1,0,0.0
2026-08-15T07:26:41,cash,AUDI,A1 SPORTBACK,1,0,0.0
2026-08-15T07:26:41,cash,AUDI,A3 SPORTBACK,4,0,0.0
2026-08-15T07:26:41,cash,AUDI,Q3 SPORTBACK,1,0,0.0
2026-08-15T07:26:41,cash,BMW,IX3,1,1,1.0
2026-08-15T07:26:41,cash,BMW,SERIE 1,6,0,0.0
2026-08-15T07:26:41,cash,BMW,SERIE 2 ACTIVE TOURE,2,0,0.0
2026-08-15T07:26:41,cash,BMW,SERIE 3,3,0,0.0
2026-08-15T07:26:41,cash,BMW,X1,8,0,0.0
2026-08-15T07:26:41,cash,BMW,X2,1,0,0.0
2026-08-15T07:26:41,cash,BMW,X3,1,0,0.0
2026-08-15T07:26:41,cash,BMW,X5,1,0,0.0
2026-08-15T07:26:41,cash,CITROEN,BERLINGO,8,0,0.0
2026-08-15T07:26:41,cash,CITROEN,C3,9,0,0.0
2026-08-15T07:26:41,cash,CITROEN,C3 AIRCROSS,6,0,0.0
2026-08-15T07:26:41,cash,CITROEN,C4,4,0,0.0
2026-08-15T07:26:41,cash,CITROEN,C5 AIRCROSS,16,0,0.0
2026-08-15T07:26:41,cash,CITROEN,C5 X,4,0,0.0
2026-08-15T07:26:41,cash,CITROEN,E-C4,1,1,1.0
2026-08-15T07:26:41,cash,CITROEN,JUMPY,6,0,0.0
2026-08-15T07:26:41,cash,CUPRA,FORMENTOR,3,0,0.0
2026-08-15T07:26:41,cash,DACIA,JOGGER,1,0,0.0
2026-08-15T07:26:41,cash,DACIA,SANDERO,2,0,0.0
2026-08-15T07:26:41,cash,DS,DS3 CROSSBACK,1,0,0.0
2026-08-15T07:26:41,cash,DS,DS4,2,0,0.0
2026-08-15T07:26:41,cash,DS,DS7,3,0,0.0
2026-08-15T07:26:41,cash,FIAT,500,1,0,0.0
2026-08-15T07:26:41,cash,FORD,KUGA,6,0,0.0
2026-08-15T07:26:41,cash,FORD,PUMA,1,0,0.0
2026-08-15T07:26:41,cash,FORD,TRANSIT CUSTOM,1,0,0.0
2026-08-15T07:26:41,cash,HYUNDAI,I30,1,0,0.0
2026-08-15T07:26:41,cash,HYUNDAI,IONIQ,1,1,1.0
2026-08-15T07:26:41,cash,HYUNDAI,KONA,1,0,0.0
2026-08-15T07:26:41,cash,HYUNDAI,SANTA FE,2,0,0.0
2026-08-15T07:26:41,cash,HYUNDAI,TUCSON,8,0,0.0
2026-08-15T07:26:41,cash,JEEP,AVENGER,3,3,1.0
2026-08-15T07:26:41,cash,KIA,CEED,4,0,0.0
2026-08-15T07:26:41,cash,KIA,EV6,1,1,1.0
2026-08-15T07:26:41,cash,KIA,NIRO,1,0,0.0
2026-08-15T07:26:41,cash,KIA,NIRO EV,10,10,1.0
2026-08-15T07:26:41,cash,KIA,PICANTO,1,0,0.0
2026-08-15T07:26:41,cash,KIA,PROCEED,1,0,0.0
2026-08-15T07:26:41,cash,KIA,RIO,2,0,0.0
2026-08-15T07:26:41,cash,KIA,SORENTO,1,0,0.0
2026-08-15T07:26:41,cash,KIA,SPORTAGE,10,0,0.0
2026-08-15T07:26:41,cash,KIA,STONIC,8,0,0.0
2026-08-15T07:26:41,cash,KIA,XCEED,1,0,0.0
2026-08-15T07:26:41,cash,LYNK,& CO LC01,1,0,0.0
2026-08-15T07:26:41,cash,MERCEDES-BENZ,CLA COUPE,1,0,0.0
2026-08-15T07:26:41,cash,MERCEDES-BENZ,CLASSE A,4,0,0.0
2026-08-15T07:26:41,cash,MERCEDES-BENZ,CLASSE CLA,4,0,0.0
2026-08-15T07:26:41,cash,MERCEDES-BENZ,CLASSE GLA,1,0,0.0
2026-08-15T07:26:41,cash,MERCEDES-BENZ,EQA,2,2,1.0
2026-08-15T07:26:41,cash,MERCEDES-BENZ,GLB,1,0,0.0
2026-08-15T07:26:41,cash,NISSAN,JUKE,1,0,0.0
2026-08-15T07:26:41,cash,NISSAN,LEAF,1,1,1.0
2026-08-15T07:26:41,cash,NISSAN,QASHQAI,10,0,0.0
2026-08-15T07:26:41,cash,NISSAN,X-TRAIL,1,0,0.0
2026-08-15T07:26:41,cash,OPEL,ASTRA,1,0,0.0
2026-08-15T07:26:41,cash,OPEL,CORSA,3,0,0.0
2026-08-15T07:26:41,cash,OPEL,CROSSLAND,3,0,0.0
2026-08-15T07:26:41,cash,OPEL,GRANDLAND,1,0,0.0
2026-08-15T07:26:41,cash,OPEL,GRANDLAND X,1,0,0.0
2026-08-15T07:26:41,cash,PEUGEOT,108,1,0,0.0
2026-08-15T07:26:41,cash,PEUGEOT,2008,26,0,0.0
2026-08-15T07:26:41,cash,PEUGEOT,208,10,0,0.0
2026-08-15T07:26:41,cash,PEUGEOT,3008,33,0,0.0
2026-08-15T07:26:41,cash,PEUGEOT,308,9,0,0.0
2026-08-15T07:26:41,cash,PEUGEOT,308 SW,3,0,0.0
2026-08-15T07:26:41,cash,PEUGEOT,408,1,0,0.0
2026-08-15T07:26:41,cash,PEUGEOT,5008,15,0,0.0
2026-08-15T07:26:41,cash,PEUGEOT,E-2008,13,13,1.0
2026-08-15T07:26:41,cash,PEUGEOT,E-208,2,2,1.0
2026-08-15T07:26:41,cash,PEUGEOT,E-308,2,2,1.0
2026-08-15T07:26:41,cash,PEUGEOT,EXPERT,4,0,0.0
2026-08-15T07:26:41,cash,PEUGEOT,PARTNER,11,0,0.0
2026-08-15T07:26:41,cash,RENAULT,ARKANA,21,0,0.0
2026-08-15T07:26:41,cash,RENAULT,AUSTRAL,8,0,0.0
2026-08-15T07:26:41,cash,RENAULT,CAPTUR,16,0,0.0
2026-08-15T07:26:41,cash,RENAULT,CLIO,29,0,0.0
2026-08-15T07:26:41,cash,RENAULT,ESPACE,3,0,0.0
2026-08-15T07:26:41,cash,RENAULT,EXPRESS,16,0,0.0
2026-08-15T07:26:41,cash,RENAULT,KADJAR,1,0,0.0
2026-08-15T07:26:41,cash,RENAULT,KANGOO,5,0,0.0
2026-08-15T07:26:41,cash,RENAULT,MASTER,1,0,0.0
2026-08-15T07:26:41,cash,RENAULT,MEGANE,16,0,0.0
2026-08-15T07:26:41,cash,RENAULT,MEGANE E-TECH,1,1,1.0
2026-08-15T07:26:41,cash,RENAULT,SCENIC,8,0,0.0
2026-08-15T07:26:41,cash,RENAULT,SYMBIOZ,1,0,0.0
2026-08-15T07:26:41,cash,RENAULT,TRAFIC,3,0,0.0
2026-08-15T07:26:41,cash,RENAULT,TWINGO,2,1,0.5
2026-08-15T07:26:41,cash,RENAULT,ZOE,1,1,1.0
2026-08-15T07:26:41,cash,SEAT,ARONA,1,0,0.0
2026-08-15T07:26:41,cash,SKODA,ENYAQ,1,1,1.0
2026-08-15T07:26:41,cash,SKODA,FABIA,4,0,0.0
2026-08-15T07:26:41,cash,SKODA,KAMIQ,6,0,0.0
2026-08-15T07:26:41,cash,SKODA,KAROQ,1,0,0.0
2026-08-15T07:26:41,cash,SKODA,KODIAQ,2,0,0.0
2026-08-15T07:26:41,cash,SUZUKI,SWIFT,1,0,0.0
2026-08-15T07:26:41,cash,TESLA,MODEL 3,8,8,1.0
2026-08-15T07:26:41,cash,TESLA,MODEL Y,13,13,1.0
2026-08-15T07:26:41,cash,TOYOTA,AYGO X,5,0,0.0
2026-08-15T07:26:41,cash,TOYOTA,C-HR,7,0,0.0
2026-08-15T07:26:41,cash,TOYOTA,COROLLA,6,0,0.0
2026-08-15T07:26:41,cash,TOYOTA,COROLLA TS,12,0,0.0
2026-08-15T07:26:41,cash,TOYOTA,PROACE CITY,1,0,0.0
2026-08-15T07:26:41,cash,TOYOTA,RAV4 HSD,5,0,0.0
2026-08-15T07:26:41,cash,TOYOTA,RAV4 PLUG IN,3,0,0.0
2026-08-15T07:26:41,cash,TOYOTA,YARIS,1,0,0.0
2026-08-15T07:26:41,cash,TOYOTA,YARIS HYBRID,2,0,0.0
2026-08-15T07:26:41,cash,VOLKSWAGEN,GOLF,9,0,0.0
2026-08-15T07:26:41,cash,VOLKSWAGEN,ID.3,2,2,1.0
2026-08-15T07:26:41,cash,VOLKSWAGEN,POLO,7,0,0.0
2026-08-15T07:26:41,cash,VOLKSWAGEN,T-ROC,3,0,0.0
2026-08-15T07:26:41,cash,VOLKSWAGEN,TAIGO,1,0,0.0
2026-08-15T07:26:41,cash,VOLKSWAGEN,TIGUAN,7,0,0.0
2026-08-15T07:26:41,cash,VOLKSWAGEN,TIGUAN ALLSPACE,3,0,0.0
2026-08-15T07:26:41,cash,VOLKSWAGEN,TOURAN,3,0,0.0
2026-08-15T07:26:41,cash,VOLKSWAGEN,TRANSPORTER,1,0,0.0
2026-08-16T07:27:40,leasing,AUDI,A1 SPORTBACK,1,0,0.0
2026-08-16T07:27:40,leasing,AUDI,A3 SPORTBACK,4,0,0.0
2026-08-16T07:27:40,leasing,BMW,IX3,1,1,1.0
2026-08-16T07:27:40,leasing,BMW,SERIE 1,6,0,0.0
2026-08-16T07:27:40,leasing,BMW,SERIE 2 ACTIVE TOURE,1,0,0.0
2026-08-16T07:27:40,leasing,BMW,SERIE 3,2,0,0.0
2026-08-16T07:27:40,leasing,BMW,X1,7,0,0.0
2026-08-16T07:27:40,leasing,BMW,X2,1,0,0.0
2026-08-16T07:27:40,leasing,BMW,X3,1,0,0.0
2026-08-16T07:27:40,leasing,CITROEN,BERLINGO,7,0,0.0
2026-08-16T07:27:40,leasing,CITROEN,C3,7,0,0.0
2026-08-16T07:27:40,leasing,CITROEN,C3 AIRCROSS,6,0,0.0
2026-08-16T07:27:40,leasing,CITROEN,C4,4,0,0.0
2026-08-16T07:27:40,leasing,CITROEN,C5 AIRCROSS,16,0,0.0
2026-08-16T07:27:40,leasing,CITROEN,C5 X,4,0,0.0
2026-08-16T07:27:40,leasing,CITROEN,JUMPY,6,0,0.0
2026-08-16T07:27:40,leasing,CUPRA,FORMENTOR,3,0,0.0
2026-08-16T07:27:40,leasing,DACIA,JOGGER,1,0,0.0
2026-08-16T07:27:40,leasing,DACIA,SANDERO,2,0,0.0
2026-08-16T07:27:40,leasing,DS,DS3 CROSSBACK,1,0,0.0
2026-08-16T07:27:40,leasing,DS,DS4,2,0,0.0
2026-08-16T07:27:40,leasing,DS,DS7,3,0,0.0
2026-08-16T07:27:40,leasing,FIAT,500,1,0,0.0
2026-08-16T07:27:40,leasing,FORD,KUGA,5,0,0.0
2026-08-16T07:27:40,leasing,FORD,PUMA,1,0,0.0
2026-08-16T07:27:40,leasing,HYUNDAI,I30,1,0,0.0
2026-08-16T07:27:40,leasing,HYUNDAI,IONIQ,1,1,1.0
2026-08-16T07:27:40,leasing,HYUNDAI,KONA,1,0,0.0
2026-08-16T07:27:40,leasing,HYUNDAI,SANTA FE,2,0,0.0
2026-08-16T07:27:40,leasing,HYUNDAI,TUCSON,8,0,0.0
2026-08-16T07:27:40,leasing,JEEP,AVENGER,3,3,1.0
2026-08-16T07:27:40,leasing,KIA,CEED,4,0,0.0
2026-08-16T07:27:40,leasing,KIA,EV6,1,1,1.0
2026-08-16T07:27:40,leasing,KIA,NIRO,1,0,0.0
2026-08-16T07:27:40,leasing,KIA,NIRO EV,10,10,1.0
2026-08-16T07:27:40,leasing,KIA,PICANTO,1,0,0.0
2026-08-16T07:27:40,leasing,KIA,PROCEED,1,0,0.0
2026-08-16T07:27:40,leasing,KIA,RIO,2,0,0.0
2026-08-16T07:27:40,leasing,KIA,SORENTO,1,0,0.0
2026-08-16T07:27:40,leasing,KIA,SPORTAGE,10,0,0.0
2026-08-16T07:27:40,leasing,KIA,STONIC,8,0,0.0
2026-08-16T07:27:40,leasing,KIA,XCEED,1,0,0.0
2026-08-16T07:27:40,leasing,MERCEDES-BENZ,CLA COUPE,1,0,0.0
2026-08-16T07:27:40,leasing,MERCEDES-BENZ,CLASSE A,2,0,0.0
2026-08-16T07:27:40,leasing,MERCEDES-BENZ,CLASSE CLA,4,0,0.0
2026-08-16T07:27:40,leasing,MERCEDES-BENZ,CLASSE GLA,1,0,0.0
2026-08-16T07:27:40,leasing,MERCEDES-BENZ,EQA,1,1,1.0
2026-08-16T07:27:40,leasing,NISSAN,JUKE,1,0,0.0
2026-08-16T07:27:40,leasing,NISSAN,LEAF,1,1,1.0
2026-08-16T07:27:40,leasing,NISSAN,QASHQAI,10,0,0.0
2026-08-16T07:27:40,leasing,NISSAN,X-TRAIL,1,0,0.0
2026-08-16T07:27:40,leasing,OPEL,ASTRA,1,0,0.0
2026-08-16T07:27:40,leasing,OPEL,CORSA,3,0,0.0
2026-08-16T07:27:40,leasing,OPEL,CROSSLAND,3,0,0.0
2026-08-16T07:27:40,leasing,OPEL,GRANDLAND,1,0,0.0
2026-08-16T07:27:40,leasing,PEUGEOT,2008,24,0,0.0
2026-08-16T07:27:40,leasing,PEUGEOT,208,9,0,0.0
2026-08-16T07:27:40,leasing,PEUGEOT,3008,29,0,0.0
2026-08-16T07:27:40,leasing,PEUGEOT,308,9,0,0.0
2026-08-16T07:27:40,leasing,PEUGEOT,308 SW,3,0,0.0
2026-08-16T07:27:40,leasing,PEUGEOT,408,1,0,0.0
2026-08-16T07:27:40,leasing,PEUGEOT,5008,15,0,0.0
2026-08-16T07:27:40,leasing,PEUGEOT,E-2008,13,13,1.0
2026-08-16T07:27:40,leasing,PEUGEOT,E-208,1,1,1.0
2026-08-16T07:27:40,leasing,PEUGEOT,EXPERT,4,0,0.0
2026-08-16T07:27:40,leasing,PEUGEOT,PARTNER,10,0,0.0
2026-08-16T07:27:40,leasing,RENAULT,ARKANA,21,0,0.0
2026-08-16T07:27:40,leasing,RENAULT,AUSTRAL,8,0,0.0
2026-08-16T07:27:40,leasing,RENAULT,CAPTUR,15,0,0.0
2026-08-16T07:27:40,leasing,RENAULT,CLIO,26,0,0.0
2026-08-16T07:27:40,leasing,RENAULT,ESPACE,3,0,0.0
2026-08-16T07:27:40,leasing,RENAULT,EXPRESS,16,0,0.0
2026-08-16T07:27:40,leasing,RENAULT,KANGOO,5,0,0.0
2026-08-16T07:27:40,leasing,RENAULT,MASTER,1,0,0.0
2026-08-16T07:27:40,leasing,RENAULT,MEGANE,14,0,0.0
2026-08-16T07:27:40,leasing,RENAULT,MEGANE E-TECH,1,1,1.0
2026-08-16T07:27:40,leasing,RENAULT,SCENIC,7,0,0.0
2026-08-16T07:27:40,leasing,RENAULT,TRAFIC,3,0,0.0
2026-08-16T07:27:40,leasing,RENAULT,TWINGO,1,1,1.0
2026-08-16T07:27:40,leasing,RENAULT,ZOE,1,1,1.0
2026-08-16T07:27:40,leasing,SEAT,ARONA,1,0,0.0
2026-08-16T07:27:40,leasing,SKODA,ENYAQ,1,1,1.0
2026-08-16T07:27:40,leasing,SKODA,FABIA,4,0,0.0
2026-08-16T07:27:40,leasing,SKODA,KAMIQ,6,0,0.0
2026-08-16T07:27:40,leasing,SKODA,KODIAQ,2,0,0.0
2026-08-16T07:27:40,leasing,SUZUKI,SWIFT,1,0,0.0
2026-08-16T07:27:40,leasing,TESLA,MODEL 3,6,6,1.0
2026-08-16T07:27:40,leasing,TESLA,MODEL Y,13,13,1.0
2026-08-16T07:27:40,leasing,TOYOTA,AYGO X,5,0,0.0
2026-08-16T07:27:40,leasing,TOYOTA,C-HR,6,0,0.0
2026-08-16T07:27:40,leasing,TOYOTA,COROLLA,6,0,0.0
2026-08-16T07:27:40,leasing,TOYOTA,COROLLA TS,12,0,0.0
2026-08-16T07:27:40,leasing,TOYOTA,PROACE CITY,1,0,0.0
2026-08-16T07:27:40,leasing,TOYOTA,RAV4 HSD,3,0,0.0
2026-08-16T07:27:40,leasing,TOYOTA,RAV4 PLUG IN,3,0,0.0
2026-08-16T07:27:40,leasing,TOYOTA,YARIS,1,0,0.0
2026-08-16T07:27:40,leasing,TOYOTA,YARIS HYBRID,2,0,0.0
2026-08-16T07:27:40,leasing,VOLKSWAGEN,GOLF,9,0,0.0
2026-08-16T07:27:40,leasing,VOLKSWAGEN,ID.3,2,2,1.0
2026-08-16T07:27:40,leasing,VOLKSWAGEN,POLO,6,0,0.0
2026-08-16T07:27:40,leasing,VOLKSWAGEN,T-ROC,2,0,0.0
2026-08-16T07:27:40,leasing,VOLKSWAGEN,TAIGO,1,0,0.0
2026-08-16T07:27:40,leasing,VOLKSWAGEN,TIGUAN,7,0,0.0
2026-08-16T07:27:40,leasing,VOLKSWAGEN,TIGUAN ALLSPACE,2,0,0.0
2026-08-16T07:27:40,leasing,VOLKSWAGEN,TOURAN,3,0,0.0
2026-08-16T07:27:40,leasing,VOLKSWAGEN,TRANSPORTER,1,0,0.0
2026-08-16T07:27:40,cash,AUDI,A1 SPORTBACK,1,0,0.0
2026-08-16T07:27:40,cash,AUDI,A3 SPORTBACK,4,0,0.0
2026-08-16T07:27:40,cash,AUDI,Q3 SPORTBACK,1,0,0.0
2026-08-16T07:27:40,cash,BMW,IX3,1,1,1.0
2026-08-16T07:27:40,cash,BMW,SERIE 1,6,0,0.0
2026-08-16T07:27:40,cash,BMW,SERIE 2 ACTIVE TOURE,2,0,0.0
2026-08-16T07:27:40,cash,BMW,SERIE 3,3,0,0.0
2026-08-16T07:27:40,cash,BMW,X1,8,0,0.0
2026-08-16T07:27:40,cash,BMW,X2,1,0,0.0
2026-08-16T07:27:40,cash,BMW,X3,1,0,0.0
2026-08-16T07:27:40,cash,BMW,X5,1,0,0.0
2026-08-16T07:27:40,cash,CITROEN,BERLINGO,8,0,0.0
2026-08-16T07:27:40,cash,CITROEN,C3,9,0,0.0
2026-08-16T07:27:40,cash,CITROEN,C3 AIRCROSS,6,0,0.0
2026-08-16T07:27:40,cash,CITROEN,C4,4,0,0.0
2026-08-16T07:27:40,cash,CITROEN,C5 AIRCROSS,16,0,0.0
2026-08-16T07:27:40,cash,CITROEN,C5 X,4,0,0.0
2026-08-16T07:27:40,cash,CITROEN,E-C4,1,1,1.0
2026-08-16T07:27:40,cash,CITROEN,JUMPY,6,0,0.0
2026-08-16T07:27:40,cash,CUPRA,FORMENTOR,3,0,0.0
2026-08-16T07:27:40,cash,DACIA,JOGGER,1,0,0.0
2026-08-16T07:27:40,cash,DACIA,SANDERO,2,0,0.0
2026-08-16T07:27:40,cash,DS,DS3 CROSSBACK,1,0,0.0
2026-08-16T07:27:40,cash,DS,DS4,2,0,0.0
2026-08-16T07:27:40,cash,DS,DS7,3,0,0.0
2026-08-16T07:27:40,cash,FIAT,500,1,0,0.0
2026-08-16T07:27:40,cash,FORD,KUGA,6,0,0.0
2026-08-16T07:27:40,cash,FORD,PUMA,1,0,0.0
2026-08-16T07:27:40,cash,FORD,TRANSIT CUSTOM,1,0,0.0
2026-08-16T07:27:40,cash,HYUNDAI,I30,1,0,0.0
2026-08-16T07:27:40,cash,HYUNDAI,IONIQ,1,1,1.0
2026-08-16T07:27:40,cash,HYUNDAI,KONA,1,0,0.0
2026-08-16T07:27:40,cash,HYUNDAI,SANTA FE,2,0,0.0
2026-08-16T07:27:40,cash,HYUNDAI,TUCSON,8,0,0.0
2026-08-16T07:27:40,cash,JEEP,AVENGER,3,3,1.0
2026-08-16T07:27:40,cash,KIA,CEED,4,0,0.0
2026-08-16T07:27:40,cash,KIA,EV6,1,1,1.0
2026-08-16T07:27:40,cash,KIA,NIRO,1,0,0.0
2026-08-16T07:27:40,cash,KIA,NIRO EV,10,10,1.0
2026-08-16T07:27:40,cash,KIA,PICANTO,1,0,0.0
2026-08-16T07:27:40,cash,KIA,PROCEED,1,0,0.0
2026-08-16T07:27:40,cash,KIA,RIO,2,0,0.0
2026-08-16T07:27:40,cash,KIA,SORENTO,1,0,0.0
2026-08-16T07:27:40,cash,KIA,SPORTAGE,10,0,0.0
2026-08-16T07:27:40,cash,KIA,STONIC,8,0,0.0
2026-08-16T07:27:40,cash,KIA,XCEED,1,0,0.0
2026-08-16T07:27:40,cash,LYNK,& CO LC01,1,0,0.0
2026-08-16T07:27:40,cash,MERCEDES-BENZ,CLA COUPE,1,0,0.0
2026-08-16T07:27:40,cash,MERCEDES-BENZ,CLASSE A,4,0,0.0
2026-08-16T07:27:40,cash,MERCEDES-BENZ,CLASSE CLA,4,0,0.0
2026-08-16T07:27:40,cash,MERCEDES-BENZ,CLASSE GLA,1,0,0.0
2026-08-16T07:27:40,cash,MERCEDES-BENZ,EQA,2,2,1.0
2026-08-16T07:27:40,cash,MERCEDES-BENZ,GLB,1,0,0.0
2026-08-16T07:27:40,cash,NISSAN,JUKE,1,0,0.0
2026-08-16T07:27:40,cash,NISSAN,LEAF,1,1,1.0
2026-08-16T07:27:40,cash,NISSAN,QASHQAI,10,0,0.0
2026-08-16T07:27:40,cash,NISSAN,X-TRAIL,1,0,0.0
2026-08-16T07:27:40,cash,OPEL,ASTRA,1,0,0.0
2026-08-16T07:27:40,cash,OPEL,CORSA,3,0,0.0
2026-08-16T07:27:40,cash,OPEL,CROSSLAND,3,0,0.0
2026-08-16T07:27:40,cash,OPEL,GRANDLAND,1,0,0.0
2026-08-16T07:27:40,cash,OPEL,GRANDLAND X,1,0,0.0
2026-08-16T07:27:40,cash,PEUGEOT,108,1,0,0.0
2026-08-16T07:27:40,cash,PEUGEOT,2008,26,0,0.0
2026-08-16T07:27:40,cash,PEUGEOT,208,10,0,0.0
2026-08-16T07:27:40,cash,PEUGEOT,3008,33,0,0.0
2026-08-16T07:27:40,cash,PEUGEOT,308,9,0,0.0
2026-08-16T07:27:40,cash,PEUGEOT,308 SW,3,0,0.0
2026-08-16T07:27:40,cash,PEUGEOT,408,1,0,0.0
2026-08-16T07:27:40,cash,PEUGEOT,5008,15,0,0.0
2026-08-16T07:27:40,cash,PEUGEOT,E-2008,13,13,1.0
2026-08-16T07:27:40,cash,PEUGEOT,E-208,2,2,1.0
2026-08-16T07:27:40,cash,PEUGEOT,E-308,2,2,1.0
2026-08-16T07:27:40,cash,PEUGEOT,EXPERT,4,0,0.0
2026-08-16T07:27:40,cash,PEUGEOT,PARTNER,11,0,0.0
2026-08-16T07:27:40,cash,RENAULT,ARKANA,21,0,0.0
2026-08-16T07:27:40,cash,RENAULT,AUSTRAL,8,0,0.0
2026-08-16T07:27:40,cash,RENAULT,CAPTUR,16,0,0.0
2026-08-16T07:27:40,cash,RENAULT,CLIO,29,0,0.0
2026-08-16T07:27:40,cash,RENAULT,ESPACE,3,0,0.0
2026-08-16T07:27:40,cash,RENAULT,EXPRESS,16,0,0.0
2026-08-16T07:27:40,cash,RENAULT,KADJAR,1,0,0.0
2026-08-16T07:27:40,cash,RENAULT,KANGOO,5,0,0.0
2026-08-16T07:27:40,cash,RENAULT,MASTER,1,0,0.0
2026-08-16T07:27:40,cash,RENAULT,MEGANE,16,0,0.0
2026-08-16T07:27:40,cash,RENAULT,MEGANE E-TECH,1,1,1.0
2026-08-16T07:27:40,cash,RENAULT,SCENIC,8,0,0.0
2026-08-16T07:27:40,cash,RENAULT,SYMBIOZ,1,0,0.0
2026-08-16T07:27:40,cash,RENAULT,TRAFIC,3,0,0.0
2026-08-16T07:27:40,cash,RENAULT,TWINGO,2,1,0.5
2026-08-16T07:27:40,cash,RENAULT,ZOE,1,1,1.0
2026-08-16T07:27:40,cash,SEAT,ARONA,1,0,0.0
2026-08-16T07:27:40,cash,SKODA,ENYAQ,1,1,1.0
2026-08-16T07:27:40,cash,SKODA,FABIA,4,0,0.0
2026-08-16T07:27:40,cash,SKODA,KAMIQ,6,0,0.0
2026-08-16T07:27:40,cash,SKODA,KAROQ,1,0,0.0
2026-08-16T07:27:40,cash,SKODA,KODIAQ,2,0,0.0
2026-08-16T07:27:40,cash,SUZUKI,SWIFT,1,0,0.0
2026-08-16T07:27:40,cash,TESLA,MODEL 3,8,8,1.0
2026-08-16T07:27:40,cash,TESLA,MODEL Y,13,13,1.0
2026-08-16T07:27:40,cash,TOYOTA,AYGO X,5,0,0.0
2026-08-16T07:27:40,cash,TOYOTA,C-HR,7,0,0.0
2026-08-16T07:27:40,cash,TOYOTA,COROLLA,6,0,0.0
2026-08-16T07:27:40,cash,TOYOTA,COROLLA TS,12,0,0.0
2026-08-16T07:27:40,cash,TOYOTA,PROACE CITY,1,0,0.0
2026-08-16T07:27:40,cash,TOYOTA,RAV4 HSD,5,0,0.0
2026-08-16T07:27:40,cash,TOYOTA,RAV4 PLUG IN,3,0,0.0
2026-08-16T07:27:40,cash,TOYOTA,YARIS,1,0,0.0
2026-08-16T07:27:40,cash,TOYOTA,YARIS HYBRID,2,0,0.0
2026-08-16T07:27:40,cash,VOLKSWAGEN,GOLF,9,0,0.0
2026-08-16T07:27:40,cash,VOLKSWAGEN,ID.3,2,2,1.0
2026-08-16T07:27:40,cash,VOLKSWAGEN,POLO,7,0,0.0
2026-08-16T07:27:40,cash,VOLKSWAGEN,T-ROC,3,0,0.0
2026-08-16T07:27:40,cash,VOLKSWAGEN,TAIGO,1,0,0.0
2026-08-16T07:27:40,cash,VOLKSWAGEN,TIGUAN,7,0,0.0
2026-08-16T07:27:40,cash,VOLKSWAGEN,TIGUAN ALLSPACE,3,0,0.0
2026-08-16T07:27:40,cash,VOLKSWAGEN,TOURAN,3,0,0.0
2026-08-16T07:27:40,cash,VOLKSWAGEN,TRANSPORTER,1,0,0.0
2026-08-17T07:49:19,leasing,AUDI,A1 SPORTBACK,1,0,0.0
2026-08-17T07:49:19,leasing,AUDI,A3 SPORTBACK,4,0,0.0
2026-08-17T07:49:19,leasing,BMW,IX3,1,1,1.0
2026-08-17T07:49:19,leasing,BMW,SERIE 1,6,0,0.0
2026-08-17T07:49:19,leasing,BMW,SERIE 2 ACTIVE TOURE,1,0,0.0
2026-08-17T07:49:19,leasing,BMW,SERIE 3,2,0,0.0
2026-08-17T07:49:19,leasing,BMW,X1,7,0,0.0
2026-08-17T07:49:19,leasing,BMW,X2,1,0,0.0
2026-08-17T07:49:19,leasing,BMW,X3,1,0,0.0
2026-08-17T07:49:19,leasing,CITROEN,BERLINGO,7,0,0.0
2026-08-17T07:49:19,leasing,CITROEN,C3,7,0,0.0
2026-08-17T07:49:19,leasing,CITROEN,C3 AIRCROSS,6,0,0.0
2026-08-17T07:49:19,leasing,CITROEN,C4,4,0,0.0
2026-08-17T07:49:19,leasing,CITROEN,C5 AIRCROSS,16,0,0.0
2026-08-17T07:49:19,leasing,CITROEN,C5 X,4,0,0.0
2026-08-17T07:49:19,leasing,CITROEN,JUMPY,6,0,0.0
2026-08-17T07:49:19,leasing,CUPRA,FORMENTOR,3,0,0.0
2026-08-17T07:49:19,leasing,DACIA,JOGGER,1,0,0.0
2026-08-17T07:49:19,leasing,DACIA,SANDERO,2,0,0.0
2026-08-17T07:49:19,leasing,DS,DS3 CROSSBACK,1,0,0.0
2026-08-17T07:49:19,leasing,DS,DS4,2,0,0.0
2026-08-17T07:49:19,leasing,DS,DS7,3,0,0.0
2026-08-17T07:49:19,leasing,FIAT,500,1,0,0.0
2026-08-17T07:49:19,leasing,FORD,KUGA,6,0,0.0
2026-08-17T07:49:19,leasing,FORD,PUMA,1,0,0.0
2026-08-17T07:49:19,leasing,HYUNDAI,I30,1,0,0.0
2026-08-17T07:49:19,leasing,HYUNDAI,IONIQ,1,1,1.0
2026-08-17T07:49:19,leasing,HYUNDAI,KONA,1,0,0.0
2026-08-17T07:49:19,leasing,HYUNDAI,SANTA FE,2,0,0.0
2026-08-17T07:49:19,leasing,HYUNDAI,TUCSON,8,0,0.0
2026-08-17T07:49:19,leasing,JEEP,AVENGER,3,3,1.0
2026-08-17T07:49:19,leasing,KIA,CEED,4,0,0.0
2026-08-17T07:49:19,leasing,KIA,EV6,1,1,1.0
2026-08-17T07:49:19,leasing,KIA,NIRO,1,0,0.0
2026-08-17T07:49:19,leasing,KIA,NIRO EV,10,10,1.0
2026-08-17T07:49:19,leasing,KIA,PICANTO,1,0,0.0
2026-08-17T07:49:19,leasing,KIA,PROCEED,1,0,0.0
2026-08-17T07:49:19,leasing,KIA,RIO,2,0,0.0
2026-08-17T07:49:19,leasing,KIA,SORENTO,1,0,0.0
2026-08-17T07:49:19,leasing,KIA,SPORTAGE,10,0,0.0
2026-08-17T07:49:19,leasing,KIA,STONIC,8,0,0.0
2026-08-17T07:49:19,leasing,KIA,XCEED,1,0,0.0
2026-08-17T07:49:19,leasing,MERCEDES-BENZ,CLA COUPE,1,0,0.0
2026-08-17T07:49:19,leasing,MERCEDES-BENZ,CLASSE A,2,0,0.0
2026-08-17T07:49:19,leasing,MERCEDES-BENZ,CLASSE CLA,4,0,0.0
2026-08-17T07:49:19,leasing,MERCEDES-BENZ,CLASSE GLA,1,0,0.0
2026-08-17T07:49:19,leasing,MERCEDES-BENZ,EQA,1,1,1.0
2026-08-17T07:49:19,leasing,NISSAN,JUKE,1,0,0.0
2026-08-17T07:49:19,leasing,NISSAN,LEAF,1,1,1.0
2026-08-17T07:49:19,leasing,NISSAN,QASHQAI,10,0,0.0
2026-08-17T07:49:19,leasing,NISSAN,X-TRAIL,1,0,0.0
2026-08-17T07:49:19,leasing,OPEL,ASTRA,1,0,0.0
2026-08-17T07:49:19,leasing,OPEL,CORSA,3,0,0.0
2026-08-17T07:49:19,leasing,OPEL,CROSSLAND,3,0,0.0
2026-08-17T07:49:19,leasing,OPEL,GRANDLAND,1,0,0.0
2026-08-17T07:49:19,leasing,PEUGEOT,2008,24,0,0.0
2026-08-17T07:49:19,leasing,PEUGEOT,208,9,0,0.0
2026-08-17T07:49:19,leasing,PEUGEOT,3008,29,0,0.0
2026-08-17T07:49:19,leasing,PEUGEOT,308,9,0,0.0
2026-08-17T07:49:19,leasing,PEUGEOT,308 SW,3,0,0.0
2026-08-17T07:49:19,leasing,PEUGEOT,408,1,0,0.0
2026-08-17T07:49:19,leasing,PEUGEOT,5008,15,0,0.0
2026-08-17T07:49:19,leasing,PEUGEOT,E-2008,13,13,1.0
2026-08-17T07:49:19,leasing,PEUGEOT,E-208,1,1,1.0
2026-08-17T07:49:19,leasing,PEUGEOT,EXPERT,4,0,0.0
2026-08-17T07:49:19,leasing,PEUGEOT,PARTNER,10,0,0.0
2026-08-17T07:49:19,leasing,RENAULT,ARKANA,21,0,0.0
2026-08-17T07:49:19,leasing,RENAULT,AUSTRAL,8,0,0.0
2026-08-17T07:49:19,leasing,RENAULT,CAPTUR,16,0,0.0
2026-08-17T07:49:19,leasing,RENAULT,CLIO,28,0,0.0
2026-08-17T07:49:19,leasing,RENAULT,ESPACE,3,0,0.0
2026-08-17T07:49:19,leasing,RENAULT,EXPRESS,16,0,0.0
2026-08-17T07:49:19,leasing,RENAULT,KANGOO,5,0,0.0
2026-08-17T07:49:19,leasing,RENAULT,MASTER,1,0,0.0
2026-08-17T07:49:19,leasing,RENAULT,MEGANE,14,0,0.0
2026-08-17T07:49:19,leasing,RENAULT,MEGANE E-TECH,1,1,1.0
2026-08-17T07:49:19,leasing,RENAULT,SCENIC,7,0,0.0
2026-08-17T07:49:19,leasing,RENAULT,TRAFIC,3,0,0.0
2026-08-17T07:49:19,leasing,RENAULT,TWINGO,1,1,1.0
2026-08-17T07:49:19,leasing,RENAULT,ZOE,1,1,1.0
2026-08-17T07:49:19,leasing,SEAT,ARONA,1,0,0.0
2026-08-17T07:49:19,leasing,SKODA,ENYAQ,1,1,1.0
2026-08-17T07:49:19,leasing,SKODA,FABIA,4,0,0.0
2026-08-17T07:49:19,leasing,SKODA,KAMIQ,6,0,0.0
2026-08-17T07:49:19,leasing,SKODA,KODIAQ,2,0,0.0
2026-08-17T07:49:19,leasing,SUZUKI,SWIFT,1,0,0.0
2026-08-17T07:49:19,leasing,TESLA,MODEL 3,6,6,1.0
2026-08-17T07:49:19,leasing,TESLA,MODEL Y,13,13,1.0
2026-08-17T07:49:19,leasing,TOYOTA,AYGO X,5,0,0.0
2026-08-17T07:49:19,leasing,TOYOTA,C-HR,6,0,0.0
2026-08-17T07:49:19,leasing,TOYOTA,COROLLA,6,0,0.0
2026-08-17T07:49:19,leasing,TOYOTA,COROLLA TS,12,0,0.0
2026-08-17T07:49:19,leasing,TOYOTA,PROACE CITY,1,0,0.0
2026-08-17T07:49:19,leasing,TOYOTA,RAV4 HSD,3,0,0.0
2026-08-17T07:49:19,leasing,TOYOTA,RAV4 PLUG IN,3,0,0.0
2026-08-17T07:49:19,leasing,TOYOTA,YARIS,1,0,0.0
2026-08-17T07:49:19,leasing,TOYOTA,YARIS HYBRID,2,0,0.0
2026-08-17T07:49:19,leasing,VOLKSWAGEN,GOLF,9,0,0.0
2026-08-17T07:49:19,leasing,VOLKSWAGEN,ID.3,2,2,1.0
2026-08-17T07:49:19,leasing,VOLKSWAGEN,POLO,6,0,0.0
2026-08-17T07:49:19,leasing,VOLKSWAGEN,T-ROC,3,0,0.0
2026-08-17T07:49:19,leasing,VOLKSWAGEN,TAIGO,2,0,0.0
2026-08-17T07:49:19,leasing,VOLKSWAGEN,TIGUAN,7,0,0.0
2026-08-17T07:49:19,leasing,VOLKSWAGEN,TIGUAN ALLSPACE,2,0,0.0
2026-08-17T07:49:19,leasing,VOLKSWAGEN,TOURAN,3,0,0.0
2026-08-17T07:49:19,leasing,VOLKSWAGEN,TRANSPORTER,1,0,0.0
2026-08-17T07:49:19,cash,AUDI,A1 SPORTBACK,1,0,0.0
2026-08-17T07:49:19,cash,AUDI,A3 SPORTBACK,4,0,0.0
2026-08-17T07:49:19,cash,AUDI,Q3 SPORTBACK,1,0,0.0
2026-08-17T07:49:19,cash,BMW,IX3,1,1,1.0
2026-08-17T07:49:19,cash,BMW,SERIE 1,6,0,0.0
2026-08-17T07:49:19,cash,BMW,SERIE 2 ACTIVE TOURE,2,0,0.0
2026-08-17T07:49:19,cash,BMW,SERIE 3,3,0,0.0
2026-08-17T07:49:19,cash,BMW,X1,8,0,0.0
2026-08-17T07:49:19,cash,BMW,X2,1,0,0.0
2026-08-17T07:49:19,cash,BMW,X3,1,0,0.0
2026-08-17T07:49:19,cash,BMW,X5,1,0,0.0
2026-08-17T07:49:19,cash,CITROEN,BERLINGO,8,0,0.0
2026-08-17T07:49:19,cash,CITROEN,C3,9,0,0.0
2026-08-17T07:49:19,cash,CITROEN,C3 AIRCROSS,6,0,0.0
2026-08-17T07:49:19,cash,CITROEN,C4,4,0,0.0
2026-08-17T07:49:19,cash,CITROEN,C5 AIRCROSS,16,0,0.0
2026-08-17T07:49:19,cash,CITROEN,C5 X,4,0,0.0
2026-08-17T07:49:19,cash,CITROEN,E-C4,1,1,1.0
2026-08-17T07:49:19,cash,CITROEN,JUMPY,6,0,0.0
2026-08-17T07:49:19,cash,CUPRA,FORMENTOR,3,0,0.0
2026-08-17T07:49:19,cash,DACIA,JOGGER,1,0,0.0
2026-08-17T07:49:19,cash,DACIA,SANDERO,2,0,0.0
2026-08-17T07:49:19,cash,DS,DS3 CROSSBACK,1,0,0.0
2026-08-17T07:49:19,cash,DS,DS4,2,0,0.0
2026-08-17T07:49:19,cash,DS,DS7,3,0,0.0
2026-08-17T07:49:19,cash,FIAT,500,1,0,0.0
2026-08-17T07:49:19,cash,FORD,KUGA,7,0,0.0
2026-08-17T07:49:19,cash,FORD,PUMA,1,0,0.0
2026-08-17T07:49:19,cash,FORD,TRANSIT CUSTOM,1,0,0.0
2026-08-17T07:49:19,cash,HYUNDAI,I30,1,0,0.0
2026-08-17T07:49:19,cash,HYUNDAI,IONIQ,1,1,1.0
2026-08-17T07:49:19,cash,HYUNDAI,KONA,1,0,0.0
2026-08-17T07:49:19,cash,HYUNDAI,SANTA FE,2,0,0.0
2026-08-17T07:49:19,cash,HYUNDAI,TUCSON,8,0,0.0
2026-08-17T07:49:19,cash,JEEP,AVENGER,3,3,1.0
2026-08-17T07:49:19,cash,KIA,CEED,4,0,0.0
2026-08-17T07:49:19,cash,KIA,EV6,1,1,1.0
2026-08-17T07:49:19,cash,KIA,NIRO,1,0,0.0
2026-08-17T07:49:19,cash,KIA,NIRO EV,10,10,1.0
2026-08-17T07:49:19,cash,KIA,PICANTO,1,0,0.0
2026-08-17T07:49:19,cash,KIA,PROCEED,1,0,0.0
2026-08-17T07:49:19,cash,KIA,RIO,2,0,0.0
2026-08-17T07:49:19,cash,KIA,SORENTO,1,0,0.0
2026-08-17T07:49:19,cash,KIA,SPORTAGE,10,0,0.0
2026-08-17T07:49:19,cash,KIA,STONIC,8,0,0.0
2026-08-17T07:49:19,cash,KIA,XCEED,1,0,0.0
2026-08-17T07:49:19,cash,LYNK,& CO LC01,1,0,0.0
2026-08-17T07:49:19,cash,MERCEDES-BENZ,CLA COUPE,1,0,0.0
2026-08-17T07:49:19,cash,MERCEDES-BENZ,CLASSE A,4,0,0.0
2026-08-17T07:49:19,cash,MERCEDES-BENZ,CLASSE CLA,4,0,0.0
2026-08-17T07:49:19,cash,MERCEDES-BENZ,CLASSE GLA,1,0,0.0
2026-08-17T07:49:19,cash,MERCEDES-BENZ,EQA,2,2,1.0
2026-08-17T07:49:19,cash,MERCEDES-BENZ,GLB,1,0,0.0
2026-08-17T07:49:19,cash,NISSAN,JUKE,1,0,0.0
2026-08-17T07:49:19,cash,NISSAN,LEAF,1,1,1.0
2026-08-17T07:49:19,cash,NISSAN,QASHQAI,10,0,0.0
2026-08-17T07:49:19,cash,NISSAN,X-TRAIL,1,0,0.0
2026-08-17T07:49:19,cash,OPEL,ASTRA,1,0,0.0
2026-08-17T07:49:19,cash,OPEL,CORSA,3,0,0.0
2026-08-17T07:49:19,cash,OPEL,CROSSLAND,3,0,0.0
2026-08-17T07:49:19,cash,OPEL,GRANDLAND,1,0,0.0
2026-08-17T07:49:19,cash,OPEL,GRANDLAND X,1,0,0.0
2026-08-17T07:49:19,cash,PEUGEOT,108,1,0,0.0
2026-08-17T07:49:19,cash,PEUGEOT,2008,26,0,0.0
2026-08-17T07:49:19,cash,PEUGEOT,208,10,0,0.0
2026-08-17T07:49:19,cash,PEUGEOT,3008,33,0,0.0
2026-08-17T07:49:19,cash,PEUGEOT,308,9,0,0.0
2026-08-17T07:49:19,cash,PEUGEOT,308 SW,3,0,0.0
2026-08-17T07:49:19,cash,PEUGEOT,408,1,0,0.0
2026-08-17T07:49:19,cash,PEUGEOT,5008,15,0,0.0
2026-08-17T07:49:19,cash,PEUGEOT,E-2008,13,13,1.0
2026-08-17T07:49:19,cash,PEUGEOT,E-208,2,2,1.0
2026-08-17T07:49:19,cash,PEUGEOT,E-308,2,2,1.0
2026-08-17T07:49:19,cash,PEUGEOT,EXPERT,4,0,0.0
2026-08-17T07:49:19,cash,PEUGEOT,PARTNER,11,0,0.0
2026-08-17T07:49:19,cash,RENAULT,ARKANA,21,0,0.0
2026-08-17T07:49:19,cash,RENAULT,AUSTRAL,8,0,0.0
2026-08-17T07:49:19,cash,RENAULT,CAPTUR,17,0,0.0
2026-08-17T07:49:19,cash,RENAULT,CLIO,31,0,0.0
2026-08-17T07:49:19,cash,RENAULT,ESPACE,3,0,0.0
2026-08-17T07:49:19,cash,RENAULT,EXPRESS,16,0,0.0
2026-08-17T07:49:19,cash,RENAULT,KADJAR,1,0,0.0
2026-08-17T07:49:19,cash,RENAULT,KANGOO,5,0,0.0
2026-08-17T07:49:19,cash,RENAULT,MASTER,1,0,0.0
2026-08-17T07:49:19,cash,RENAULT,MEGANE,16,0,0.0
2026-08-17T07:49:19,cash,RENAULT,MEGANE E-TECH,1,1,1.0
2026-08-17T07:49:19,cash,RENAULT,SCENIC,8,0,0.0
2026-08-17T07:49:19,cash,RENAULT,SYMBIOZ,1,0,0.0
2026-08-17T07:49:19,cash,RENAULT,TRAFIC,3,0,0.0
2026-08-17T07:49:19,cash,RENAULT,TWINGO,2,1,0.5
2026-08-17T07:49:19,cash,RENAULT,ZOE,1,1,1.0
2026-08-17T07:49:19,cash,SEAT,ARONA,1,0,0.0
2026-08-17T07:49:19,cash,SKODA,ENYAQ,1,1,1.0
2026-08-17T07:49:19,cash,SKODA,FABIA,4,0,0.0
2026-08-17T07:49:19,cash,SKODA,KAMIQ,6,0,0.0
2026-08-17T07:49:19,cash,SKODA,KAROQ,1,0,0.0
2026-08-17T07:49:19,cash,SKODA,KODIAQ,2,0,0.0
2026-08-17T07:49:19,cash,SUZUKI,SWIFT,1,0,0.0
2026-08-17T07:49:19,cash,TESLA,MODEL 3,8,8,1.0
2026-08-17T07:49:19,cash,TESLA,MODEL Y,13,13,1.0
2026-08-17T07:49:19,cash,TOYOTA,AYGO X,5,0,0.0
2026-08-17T07:49:19,cash,TOYOTA,C-HR,7,0,0.0
2026-08-17T07:49:19,cash,TOYOTA,COROLLA,6,0,0.0
2026-08-17T07:49:19,cash,TOYOTA,COROLLA TS,12,0,0.0
2026-08-17T07:49:19,cash,TOYOTA,PROACE CITY,1,0,0.0
2026-08-17T07:49:19,cash,TOYOTA,RAV4 HSD,5,0,0.0
2026-08-17T07:49:19,cash,TOYOTA,RAV4 PLUG IN,3,0,0.0
2026-08-17T07:49:19,cash,TOYOTA,YARIS,1,0,0.0
2026-08-17T07:49:19,cash,TOYOTA,YARIS HYBRID,2,0,0.0
2026-08-17T07:49:19,cash,VOLKSWAGEN,GOLF,9,0,0.0
2026-08-17T07:49:19,cash,VOLKSWAGEN,ID.3,2,2,1.0
2026-08-17T07:49:19,cash,VOLKSWAGEN,POLO,7,0,0.0
2026-08-17T07:49:19,cash,VOLKSWAGEN,T-ROC,4,0,0.0
2026-08-17T07:49:19,cash,VOLKSWAGEN,TAIGO,2,0,0.0
2026-08-17T07:49:19,cash,VOLKSWAGEN,TIGUAN,7,0,0.0
2026-08-17T07:49:19,cash,VOLKSWAGEN,TIGUAN ALLSPACE,3,0,0.0
2026-08-17T07:49:19,cash,VOLKSWAGEN,TOURAN,3,0,0.0
2026-08-17T07:49:19,cash,VOLKSWAGEN,TRANSPORTER,1,0,0.0
2026-08-18T07:35:16,leasing,AUDI,A1 SPORTBACK,1,0,0.0
2026-08-18T07:35:16,leasing,AUDI,A3 SPORTBACK,2,0,0.0
2026-08-18T07:35:16,leasing,BMW,IX3,1,1,1.0
2026-08-18T07:35:16,leasing,BMW,SERIE 1,7,0,0.0
2026-08-18T07:35:16,leasing,BMW,SERIE 3,2,0,0.0
2026-08-18T07:35:16,leasing,BMW,X1,9,0,0.0
2026-08-18T07:35:16,leasing,BMW,X2,1,0,0.0
2026-08-18T07:35:16,leasing,BMW,X3,2,0,0.0
2026-08-18T07:35:16,leasing,CITROEN,BERLINGO,7,0,0.0
2026-08-18T07:35:16,leasing,CITROEN,C3,3,0,0.0
2026-08-18T07:35:16,leasing,CITROEN,C3 AIRCROSS,3,0,0.0
2026-08-18T07:35:16,leasing,CITROEN,C4,3,0,0.0
2026-08-18T07:35:16,leasing,CITROEN,C5 AIRCROSS,16,0,0.0
2026-08-18T07:35:16,leasing,CITROEN,C5 X,1,0,0.0
2026-08-18T07:35:16,leasing,CITROEN,JUMPY,5,0,0.0
2026-08-18T07:35:16,leasing,CUPRA,FORMENTOR,3,0,0.0
2026-08-18T07:35:16,leasing,DACIA,JOGGER,1,0,0.0
2026-08-18T07:35:16,leasing,DACIA,SANDERO,2,0,0.0
2026-08-18T07:35:16,leasing,DS,DS3,1,0,0.0
2026-08-18T07:35:16,leasing,DS,DS3 CROSSBACK,1,0,0.0
2026-08-18T07:35:16,leasing,DS,DS4,2,0,0.0
2026-08-18T07:35:16,leasing,DS,DS7,2,0,0.0
2026-08-18T07:35:16,leasing,FIAT,500,1,0,0.0
2026-08-18T07:35:16,leasing,FORD,KUGA,6,0,0.0
2026-08-18T07:35:16,leasing,FORD,PUMA,1,0,0.0
2026-08-18T07:35:16,leasing,HYUNDAI,KONA,1,0,0.0
2026-08-18T07:35:16,leasing,HYUNDAI,SANTA FE,2,0,0.0
2026-08-18T07:35:16,leasing,HYUNDAI,TUCSON,8,0,0.0
2026-08-18T07:35:16,leasing,JEEP,AVENGER,3,3,1.0
2026-08-18T07:35:16,leasing,KIA,CEED,4,0,0.0
2026-08-18T07:35:16,leasing,KIA,EV6,1,1,1.0
2026-08-18T07:35:16,leasing,KIA,NIRO,1,0,0.0
2026-08-18T07:35:16,leasing,KIA,NIRO EV,10,10,1.0
2026-08-18T07:35:16,leasing,KIA,PICANTO,1,0,0.0
2026-08-18T07:35:16,leasing,KIA,PROCEED,1,0,0.0
2026-08-18T07:35:16,leasing,KIA,RIO,2,0,0.0
2026-08-18T07:35:16,leasing,KIA,SORENTO,1,0,0.0
2026-08-18T07:35:16,leasing,KIA,SPORTAGE,5,0,0.0
2026-08-18T07:35:16,leasing,KIA,STONIC,8,0,0.0
2026-08-18T07:35:16,leasing,KIA,XCEED,1,0,0.0
2026-08-18T07:35:16,leasing,MERCEDES-BENZ,CLASSE A,2,0,0.0
2026-08-18T07:35:16,leasing,MERCEDES-BENZ,CLASSE CLA,4,0,0.0
2026-08-18T07:35:16,leasing,MERCEDES-BENZ,CLASSE GLA,1,0,0.0
2026-08-18T07:35:16,leasing,MERCEDES-BENZ,EQA,1,1,1.0
2026-08-18T07:35:16,leasing,NISSAN,JUKE,1,0,0.0
2026-08-18T07:35:16,leasing,NISSAN,LEAF,1,1,1.0
2026-08-18T07:35:16,leasing,NISSAN,QASHQAI,7,0,0.0
2026-08-18T07:35:16,leasing,NISSAN,X-TRAIL,1,0,0.0
2026-08-18T07:35:16,leasing,OPEL,CORSA,2,0,0.0
2026-08-18T07:35:16,leasing,OPEL,CROSSLAND,2,0,0.0
2026-08-18T07:35:16,leasing,OPEL,GRANDLAND,1,0,0.0
2026-08-18T07:35:16,leasing,PEUGEOT,2008,19,0,0.0
2026-08-18T07:35:16,leasing,PEUGEOT,208,9,0,0.0
2026-08-18T07:35:16,leasing,PEUGEOT,3008,19,0,0.0
2026-08-18T07:35:16,leasing,PEUGEOT,308,9,0,0.0
2026-08-18T07:35:16,leasing,PEUGEOT,308 SW,3,0,0.0
2026-08-18T07:35:16,leasing,PEUGEOT,5008,16,0,0.0
2026-08-18T07:35:16,leasing,PEUGEOT,E-2008,11,11,1.0
2026-08-18T07:35:16,leasing,PEUGEOT,E-208,1,1,1.0
2026-08-18T07:35:16,leasing,PEUGEOT,EXPERT,3,0,0.0
2026-08-18T07:35:16,leasing,PEUGEOT,PARTNER,9,0,0.0
2026-08-18T07:35:16,leasing,RENAULT,ARKANA,17,0,0.0
2026-08-18T07:35:16,leasing,RENAULT,AUSTRAL,9,0,0.0
2026-08-18T07:35:16,leasing,RENAULT,CAPTUR,13,0,0.0
2026-08-18T07:35:16,leasing,RENAULT,CLIO,25,0,0.0
2026-08-18T07:35:16,leasing,RENAULT,ESPACE,3,0,0.0
2026-08-18T07:35:16,leasing,RENAULT,EXPRESS,12,0,0.0
2026-08-18T07:35:16,leasing,RENAULT,KANGOO,5,0,0.0
2026-08-18T07:35:16,leasing,RENAULT,MASTER,1,0,0.0
2026-08-18T07:35:16,leasing,RENAULT,MEGANE,12,0,0.0
2026-08-18T07:35:16,leasing,RENAULT,MEGANE E-TECH,3,3,1.0
2026-08-18T07:35:16,leasing,RENAULT,SCENIC,6,0,0.0
2026-08-18T07:35:16,leasing,RENAULT,TRAFIC,3,0,0.0
2026-08-18T07:35:16,leasing,RENAULT,TWINGO,1,1,1.0
2026-08-18T07:35:16,leasing,RENAULT,ZOE,1,1,1.0
2026-08-18T07:35:16,leasing,SEAT,ARONA,1,0,0.0
2026-08-18T07:35:16,leasing,SKODA,ENYAQ,1,1,1.0
2026-08-18T07:35:16,leasing,SKODA,FABIA,4,0,0.0
2026-08-18T07:35:16,leasing,SKODA,KAMIQ,7,0,0.0
2026-08-18T07:35:16,leasing,SKODA,KODIAQ,2,0,0.0
2026-08-18T07:35:16,leasing,TESLA,MODEL 3,6,6,1.0
2026-08-18T07:35:16,leasing,TESLA,MODEL Y,14,14,1.0
2026-08-18T07:35:16,leasing,TOYOTA,AYGO X,5,0,0.0
2026-08-18T07:35:16,leasing,TOYOTA,C-HR,5,0,0.0
2026-08-18T07:35:16,leasing,TOYOTA,COROLLA,5,0,0.0
2026-08-18T07:35:16,leasing,TOYOTA,COROLLA TS,9,0,0.0
2026-08-18T07:35:16,leasing,TOYOTA,PROACE CITY,1,0,0.0
2026-08-18T07:35:16,leasing,TOYOTA,RAV4 HSD,3,0,0.0
2026-08-18T07:35:16,leasing,TOYOTA,RAV4 PLUG IN,4,0,0.0
2026-08-18T07:35:16,leasing,TOYOTA,YARIS,2,0,0.0
2026-08-18T07:35:16,leasing,TOYOTA,YARIS HYBRID,3,0,0.0
2026-08-18T07:35:16,leasing,VOLKSWAGEN,GOLF,9,0,0.0
2026-08-18T07:35:16,leasing,VOLKSWAGEN,ID.3,2,2,1.0
2026-08-18T07:35:16,leasing,VOLKSWAGEN,POLO,5,0,0.0
2026-08-18T07:35:16,leasing,VOLKSWAGEN,T-ROC,2,0,0.0
2026-08-18T07:35:16,leasing,VOLKSWAGEN,TAIGO,2,0,0.0
2026-08-18T07:35:16,leasing,VOLKSWAGEN,TIGUAN,5,0,0.0
2026-08-18T07:35:16,leasing,VOLKSWAGEN,TIGUAN ALLSPACE,2,0,0.0
2026-08-18T07:35:16,leasing,VOLKSWAGEN,TOURAN,3,0,0.0
2026-08-18T07:35:16,leasing,VOLKSWAGEN,TRANSPORTER,1,0,0.0
2026-08-18T07:35:16,leasing,VOLVO,XC60,1,0,0.0
2026-08-18T07:35:16,cash,AUDI,A1 SPORTBACK,1,0,0.0
2026-08-18T07:35:16,cash,AUDI,A3 SPORTBACK,2,0,0.0
2026-08-18T07:35:16,cash,AUDI,Q3 SPORTBACK,1,0,0.0
2026-08-18T07:35:16,cash,BMW,IX3,1,1,1.0
2026-08-18T07:35:16,cash,BMW,SERIE 1,7,0,0.0
2026-08-18T07:35:16,cash,BMW,SERIE 2 ACTIVE TOURE,1,0,0.0
2026-08-18T07:35:16,cash,BMW,SERIE 3,3,0,0.0
2026-08-18T07:35:16,cash,BMW,X1,10,0,0.0
2026-08-18T07:35:16,cash,BMW,X2,1,0,0.0
2026-08-18T07:35:16,cash,BMW,X3,2,0,0.0
2026-08-18T07:35:16,cash,BMW,X5,1,0,0.0
2026-08-18T07:35:16,cash,CITROEN,BERLINGO,8,0,0.0
2026-08-18T07:35:16,cash,CITROEN,C3,5,0,0.0
2026-08-18T07:35:16,cash,CITROEN,C3 AIRCROSS,3,0,0.0
2026-08-18T07:35:16,cash,CITROEN,C4,3,0,0.0
2026-08-18T07:35:16,cash,CITROEN,C5 AIRCROSS,16,0,0.0
2026-08-18T07:35:16,cash,CITROEN,C5 X,1,0,0.0
2026-08-18T07:35:16,cash,CITROEN,E-C4,1,1,1.0
2026-08-18T07:35:16,cash,CITROEN,JUMPY,5,0,0.0
2026-08-18T07:35:16,cash,CUPRA,FORMENTOR,3,0,0.0
2026-08-18T07:35:16,cash,DACIA,JOGGER,1,0,0.0
2026-08-18T07:35:16,cash,DACIA,SANDERO,2,0,0.0
2026-08-18T07:35:16,cash,DS,DS3,1,0,0.0
2026-08-18T07:35:16,cash,DS,DS3 CROSSBACK,2,0,0.0
2026-08-18T07:35:16,cash,DS,DS4,2,0,0.0
2026-08-18T07:35:16,cash,DS,DS7,2,0,0.0
2026-08-18T07:35:16,cash,FIAT,500,1,0,0.0
2026-08-18T07:35:16,cash,FORD,KUGA,7,0,0.0
2026-08-18T07:35:16,cash,FORD,PUMA,1,0,0.0
2026-08-18T07:35:16,cash,FORD,TRANSIT CUSTOM,1,0,0.0
2026-08-18T07:35:16,cash,HYUNDAI,KONA,1,0,0.0
2026-08-18T07:35:16,cash,HYUNDAI,SANTA FE,2,0,0.0
2026-08-18T07:35:16,cash,HYUNDAI,TUCSON,8,0,0.0
2026-08-18T07:35:16,cash,JEEP,AVENGER,3,3,1.0
2026-08-18T07:35:16,cash,KIA,CEED,4,0,0.0
2026-08-18T07:35:16,cash,KIA,EV6,1,1,1.0
2026-08-18T07:35:16,cash,KIA,NIRO,1,0,0.0
2026-08-18T07:35:16,cash,KIA,NIRO EV,10,10,1.0
2026-08-18T07:35:16,cash,KIA,PICANTO,1,0,0.0
2026-08-18T07:35:16,cash,KIA,PROCEED,1,0,0.0
2026-08-18T07:35:16,cash,KIA,RIO,2,0,0.0
2026-08-18T07:35:16,cash,KIA,SORENTO,1,0,0.0
2026-08-18T07:35:16,cash,KIA,SPORTAGE,5,0,0.0
2026-08-18T07:35:16,cash,KIA,STONIC,8,0,0.0
2026-08-18T07:35:16,cash,KIA,XCEED,1,0,0.0
2026-08-18T07:35:16,cash,LYNK,& CO LC01,1,0,0.0
2026-08-18T07:35:16,cash,MERCEDES-BENZ,CLASSE A,3,0,0.0
2026-08-18T07:35:16,cash,MERCEDES-BENZ,CLASSE CLA,4,0,0.0
2026-08-18T07:35:16,cash,MERCEDES-BENZ,CLASSE GLA,1,0,0.0
2026-08-18T07:35:16,cash,MERCEDES-BENZ,EQA,2,2,1.0
2026-08-18T07:35:16,cash,MERCEDES-BENZ,GLB,1,0,0.0
2026-08-18T07:35:16,cash,NISSAN,JUKE,1,0,0.0
2026-08-18T07:35:16,cash,NISSAN,LEAF,1,1,1.0
2026-08-18T07:35:16,cash,NISSAN,QASHQAI,7,0,0.0
2026-08-18T07:35:16,cash,NISSAN,X-TRAIL,1,0,0.0
2026-08-18T07:35:16,cash,OPEL,CORSA,2,0,0.0
2026-08-18T07:35:16,cash,OPEL,CROSSLAND,2,0,0.0
2026-08-18T07:35:16,cash,OPEL,GRANDLAND,1,0,0.0
2026-08-18T07:35:16,cash,OPEL,GRANDLAND X,1,0,0.0
2026-08-18T07:35:16,cash,PEUGEOT,2008,21,0,0.0
2026-08-18T07:35:16,cash,PEUGEOT,208,10,0,0.0
2026-08-18T07:35:16,cash,PEUGEOT,3008,22,0,0.0
2026-08-18T07:35:16,cash,PEUGEOT,308,9,0,0.0
2026-08-18T07:35:16,cash,PEUGEOT,308 SW,3,0,0.0
2026-08-18T07:35:16,cash,PEUGEOT,5008,16,0,0.0
2026-08-18T07:35:16,cash,PEUGEOT,E-2008,11,11,1.0
2026-08-18T07:35:16,cash,PEUGEOT,E-208,2,2,1.0
2026-08-18T07:35:16,cash,PEUGEOT,E-308,2,2,1.0
2026-08-18T07:35:16,cash,PEUGEOT,EXPERT,3,0,0.0
2026-08-18T07:35:16,cash,PEUGEOT,PARTNER,10,0,0.0
2026-08-18T07:35:16,cash,RENAULT,ARKANA,17,0,0.0
2026-08-18T07:35:16,cash,RENAULT,AUSTRAL,9,0,0.0
2026-08-18T07:35:16,cash,RENAULT,CAPTUR,14,0,0.0
2026-08-18T07:35:16,cash,RENAULT,CLIO,28,0,0.0
2026-08-18T07:35:16,cash,RENAULT,ESPACE,3,0,0.0
2026-08-18T07:35:16,cash,RENAULT,EXPRESS,12,0,0.0
2026-08-18T07:35:16,cash,RENAULT,KANGOO,5,0,0.0
2026-08-18T07:35:16,cash,RENAULT,MASTER,1,0,0.0
2026-08-18T07:35:16,cash,RENAULT,MEGANE,13,0,0.0
2026-08-18T07:35:16,cash,RENAULT,MEGANE E-TECH,3,3,1.0
2026-08-18T07:35:16,cash,RENAULT,SCENIC,7,0,0.0
2026-08-18T07:35:16,cash,RENAULT,SYMBIOZ,1,0,0.0
2026-08-18T07:35:16,cash,RENAULT,TRAFIC,3,0,0.0
2026-08-18T07:35:16,cash,RENAULT,TWINGO,1,1,1.0
2026-08-18T07:35:16,cash,RENAULT,ZOE,1,1,1.0
2026-08-18T07:35:16,cash,SEAT,ARONA,1,0,0.0
2026-08-18T07:35:16,cash,SKODA,ENYAQ,1,1,1.0
2026-08-18T07:35:16,cash,SKODA,FABIA,4,0,0.0
2026-08-18T07:35:16,cash,SKODA,KAMIQ,7,0,0.0
2026-08-18T07:35:16,cash,SKODA,KAROQ,1,0,0.0
2026-08-18T07:35:16,cash,SKODA,KODIAQ,2,0,0.0
2026-08-18T07:35:16,cash,TESLA,MODEL 3,8,8,1.0
2026-08-18T07:35:16,cash,TESLA,MODEL Y,14,14,1.0
2026-08-18T07:35:16,cash,TOYOTA,AYGO X,5,0,0.0
2026-08-18T07:35:16,cash,TOYOTA,C-HR,6,0,0.0
2026-08-18T07:35:16,cash,TOYOTA,COROLLA,5,0,0.0
2026-08-18T07:35:16,cash,TOYOTA,COROLLA TS,9,0,0.0
2026-08-18T07:35:16,cash,TOYOTA,PROACE CITY,1,0,0.0
2026-08-18T07:35:16,cash,TOYOTA,RAV4 HSD,5,0,0.0
2026-08-18T07:35:16,cash,TOYOTA,RAV4 PLUG IN,4,0,0.0
2026-08-18T07:35:16,cash,TOYOTA,YARIS,2,0,0.0
2026-08-18T07:35:16,cash,TOYOTA,YARIS HYBRID,3,0,0.0
2026-08-18T07:35:16,cash,VOLKSWAGEN,GOLF,9,0,0.0
2026-08-18T07:35:16,cash,VOLKSWAGEN,ID.3,2,2,1.0
2026-08-18T07:35:16,cash,VOLKSWAGEN,POLO,6,0,0.0
2026-08-18T07:35:16,cash,VOLKSWAGEN,T-ROC,2,0,0.0
2026-08-18T07:35:16,cash,VOLKSWAGEN,TAIGO,2,0,0.0
2026-08-18T07:35:16,cash,VOLKSWAGEN,TIGUAN,5,0,0.0
2026-08-18T07:35:16,cash,VOLKSWAGEN,TIGUAN ALLSPACE,2,0,0.0
2026-08-18T07:35:16,cash,VOLKSWAGEN,TOURAN,3,0,0.0
2026-08-18T07:35:16,cash,VOLKSWAGEN,TRANSPORTER,1,0,0.0
2026-08-18T07:35:16,cash,VOLVO,XC60,1,0,0.0
2026-08-19T07:41:08,leasing,AUDI,A1 SPORTBACK,1,0,0.0
2026-08-19T07:41:08,leasing,AUDI,A3 SPORTBACK,2,0,0.0
2026-08-19T07:41:08,leasing,AUDI,Q3,1,0,0.0
2026-08-19T07:41:08,leasing,BMW,IX3,1,1,1.0
2026-08-19T07:41:08,leasing,BMW,SERIE 1,7,0,0.0
2026-08-19T07:41:08,leasing,BMW,SERIE 2 ACTIVE TOURE,1,0,0.0
2026-08-19T07:41:08,leasing,BMW,SERIE 3,2,0,0.0
2026-08-19T07:41:08,leasing,BMW,X1,9,0,0.0
2026-08-19T07:41:08,leasing,BMW,X2,1,0,0.0
2026-08-19T07:41:08,leasing,BMW,X3,1,0,0.0
2026-08-19T07:41:08,leasing,CITROEN,BERLINGO,7,0,0.0
2026-08-19T07:41:08,leasing,CITROEN,C3,3,0,0.0
2026-08-19T07:41:08,leasing,CITROEN,C3 AIRCROSS,3,0,0.0
2026-08-19T07:41:08,leasing,CITROEN,C4,3,0,0.0
2026-08-19T07:41:08,leasing,CITROEN,C5 AIRCROSS,16,0,0.0
2026-08-19T07:41:08,leasing,CITROEN,C5 X,1,0,0.0
2026-08-19T07:41:08,leasing,CITROEN,JUMPY,5,0,0.0
2026-08-19T07:41:08,leasing,CUPRA,FORMENTOR,3,0,0.0
2026-08-19T07:41:08,leasing,DACIA,JOGGER,1,0,0.0
2026-08-19T07:41:08,leasing,DACIA,SANDERO,2,0,0.0
2026-08-19T07:41:08,leasing,DS,DS3,1,0,0.0
2026-08-19T07:41:08,leasing,DS,DS3 CROSSBACK,2,1,0.5
2026-08-19T07:41:08,leasing,DS,DS4,2,0,0.0
2026-08-19T07:41:08,leasing,DS,DS7,2,0,0.0
2026-08-19T07:41:08,leasing,FORD,KUGA,6,0,0.0
2026-08-19T07:41:08,leasing,FORD,PUMA,1,0,0.0
2026-08-19T07:41:08,leasing,HYUNDAI,KONA,1,0,0.0
2026-08-19T07:41:08,leasing,HYUNDAI,SANTA FE,2,0,0.0
2026-08-19T07:41:08,leasing,HYUNDAI,TUCSON,8,0,0.0
2026-08-19T07:41:08,leasing,JEEP,AVENGER,3,3,1.0
2026-08-19T07:41:08,leasing,KIA,CEED,4,0,0.0
2026-08-19T07:41:08,leasing,KIA,EV6,1,1,1.0
2026-08-19T07:41:08,leasing,KIA,NIRO,1,0,0.0
2026-08-19T07:41:08,leasing,KIA,NIRO EV,11,11,1.0
2026-08-19T07:41:08,leasing,KIA,PICANTO,1,0,0.0
2026-08-19T07:41:08,leasing,KIA,PROCEED,1,0,0.0
2026-08-19T07:41:08,leasing,KIA,RIO,2,0,0.0
2026-08-19T07:41:08,leasing,KIA,SORENTO,1,0,0.0
2026-08-19T07:41:08,leasing,KIA,SPORTAGE,5,0,0.0
2026-08-19T07:41:08,leasing,KIA,STONIC,8,0,0.0
2026-08-19T07:41:08,leasing,KIA,XCEED,1,0,0.0
2026-08-19T07:41:08,leasing,MERCEDES-BENZ,CLASSE A,2,0,0.0
2026-08-19T07:41:08,leasing,MERCEDES-BENZ,CLASSE CLA,3,0,0.0
2026-08-19T07:41:08,leasing,MERCEDES-BENZ,CLASSE GLA,1,0,0.0
2026-08-19T07:41:08,leasing,MERCEDES-BENZ,EQA,1,1,1.0
2026-08-19T07:41:08,leasing,MG,MG5,1,1,1.0
2026-08-19T07:41:08,leasing,NISSAN,LEAF,1,1,1.0
2026-08-19T07:41:08,leasing,NISSAN,QASHQAI,7,0,0.0
2026-08-19T07:41:08,leasing,NISSAN,X-TRAIL,1,0,0.0
2026-08-19T07:41:08,leasing,OPEL,CORSA,2,0,0.0
2026-08-19T07:41:08,leasing,OPEL,CROSSLAND,1,0,0.0
2026-08-19T07:41:08,leasing,OPEL,GRANDLAND,1,0,0.0
2026-08-19T07:41:08,leasing,PEUGEOT,2008,19,0,0.0
2026-08-19T07:41:08,leasing,PEUGEOT,208,9,0,0.0
2026-08-19T07:41:08,leasing,PEUGEOT,3008,19,0,0.0
2026-08-19T07:41:08,leasing,PEUGEOT,308,10,0,0.0
2026-08-19T07:41:08,leasing,PEUGEOT,308 SW,4,0,0.0
2026-08-19T07:41:08,leasing,PEUGEOT,5008,16,0,0.0
2026-08-19T07:41:08,leasing,PEUGEOT,E-2008,11,11,1.0
2026-08-19T07:41:08,leasing,PEUGEOT,E-208,2,2,1.0
2026-08-19T07:41:08,leasing,PEUGEOT,EXPERT,3,0,0.0
2026-08-19T07:41:08,leasing,PEUGEOT,PARTNER,9,0,0.0
2026-08-19T07:41:08,leasing,RENAULT,ARKANA,19,0,0.0
2026-08-19T07:41:08,leasing,RENAULT,AUSTRAL,8,0,0.0
2026-08-19T07:41:08,leasing,RENAULT,CAPTUR,14,0,0.0
2026-08-19T07:41:08,leasing,RENAULT,CLIO,27,0,0.0
2026-08-19T07:41:08,leasing,RENAULT,ESPACE,3,0,0.0
2026-08-19T07:41:08,leasing,RENAULT,EXPRESS,12,0,0.0
2026-08-19T07:41:08,leasing,RENAULT,KANGOO,5,0,0.0
2026-08-19T07:41:08,leasing,RENAULT,MEGANE,12,0,0.0
2026-08-19T07:41:08,leasing,RENAULT,SCENIC,6,0,0.0
2026-08-19T07:41:08,leasing,RENAULT,TRAFIC,3,0,0.0
2026-08-19T07:41:08,leasing,RENAULT,ZOE,2,2,1.0
2026-08-19T07:41:08,leasing,SEAT,ARONA,1,0,0.0
2026-08-19T07:41:08,leasing,SKODA,ENYAQ,2,2,1.0
2026-08-19T07:41:08,leasing,SKODA,FABIA,4,0,0.0
2026-08-19T07:41:08,leasing,SKODA,KAMIQ,6,0,0.0
2026-08-19T07:41:08,leasing,SKODA,KODIAQ,2,0,0.0
2026-08-19T07:41:08,leasing,TESLA,MODEL 3,6,6,1.0
2026-08-19T07:41:08,leasing,TESLA,MODEL Y,15,15,1.0
2026-08-19T07:41:08,leasing,TOYOTA,AYGO X,4,0,0.0
2026-08-19T07:41:08,leasing,TOYOTA,C-HR,4,0,0.0
2026-08-19T07:41:08,leasing,TOYOTA,COROLLA,6,0,0.0
2026-08-19T07:41:08,leasing,TOYOTA,COROLLA TS,10,0,0.0
2026-08-19T07:41:08,leasing,TOYOTA,PROACE CITY,1,0,0.0
2026-08-19T07:41:08,leasing,TOYOTA,RAV4 HSD,3,0,0.0
2026-08-19T07:41:08,leasing,TOYOTA,RAV4 PLUG IN,4,0,0.0
2026-08-19T07:41:08,leasing,TOYOTA,YARIS,1,0,0.0
2026-08-19T07:41:08,leasing,TOYOTA,YARIS HYBRID,2,0,0.0
2026-08-19T07:41:08,leasing,VOLKSWAGEN,GOLF,9,0,0.0
2026-08-19T07:41:08,leasing,VOLKSWAGEN,ID.3,1,1,1.0
2026-08-19T07:41:08,leasing,VOLKSWAGEN,POLO,5,0,0.0
2026-08-19T07:41:08,leasing,VOLKSWAGEN,T-ROC,2,0,0.0
2026-08-19T07:41:08,leasing,VOLKSWAGEN,TAIGO,2,0,0.0
2026-08-19T07:41:08,leasing,VOLKSWAGEN,TIGUAN,6,0,0.0
2026-08-19T07:41:08,leasing,VOLKSWAGEN,TIGUAN ALLSPACE,2,0,0.0
2026-08-19T07:41:08,leasing,VOLKSWAGEN,TOURAN,3,0,0.0
2026-08-19T07:41:08,leasing,VOLKSWAGEN,TRANSPORTER,1,0,0.0
2026-08-19T07:41:08,cash,AUDI,A1 SPORTBACK,1,0,0.0
2026-08-19T07:41:08,cash,AUDI,A3 SPORTBACK,2,0,0.0
2026-08-19T07:41:08,cash,AUDI,Q3,1,0,0.0
2026-08-19T07:41:08,cash,AUDI,Q3 SPORTBACK,1,0,0.0
2026-08-19T07:41:08,cash,BMW,IX3,1,1,1.0
2026-08-19T07:41:08,cash,BMW,SERIE 1,7,0,0.0
2026-08-19T07:41:08,cash,BMW,SERIE 2 ACTIVE TOURE,2,0,0.0
2026-08-19T07:41:08,cash,BMW,SERIE 3,3,0,0.0
2026-08-19T07:41:08,cash,BMW,X1,10,0,0.0
2026-08-19T07:41:08,cash,BMW,X2,1,0,0.0
2026-08-19T07:41:08,cash,BMW,X3,1,0,0.0
2026-08-19T07:41:08,cash,BMW,X5,1,0,0.0
2026-08-19T07:41:08,cash,CITROEN,BERLINGO,8,0,0.0
2026-08-19T07:41:08,cash,CITROEN,C3,4,0,0.0
2026-08-19T07:41:08,cash,CITROEN,C3 AIRCROSS,3,0,0.0
2026-08-19T07:41:08,cash,CITROEN,C4,3,0,0.0
2026-08-19T07:41:08,cash,CITROEN,C5 AIRCROSS,16,0,0.0
2026-08-19T07:41:08,cash,CITROEN,C5 X,1,0,0.0
2026-08-19T07:41:08,cash,CITROEN,E-C4,1,1,1.0
2026-08-19T07:41:08,cash,CITROEN,JUMPY,5,0,0.0
2026-08-19T07:41:08,cash,CUPRA,FORMENTOR,3,0,0.0
2026-08-19T07:41:08,cash,DACIA,JOGGER,1,0,0.0
2026-08-19T07:41:08,cash,DACIA,SANDERO,2,0,0.0
2026-08-19T07:41:08,cash,DS,DS3,1,0,0.0
2026-08-19T07:41:08,cash,DS,DS3 CROSSBACK,2,1,0.5
2026-08-19T07:41:08,cash,DS,DS4,2,0,0.0
2026-08-19T07:41:08,cash,DS,DS7,2,0,0.0
2026-08-19T07:41:08,cash,FORD,KUGA,7,0,0.0
2026-08-19T07:41:08,cash,FORD,PUMA,1,0,0.0
2026-08-19T07:41:08,cash,FORD,TRANSIT CUSTOM,1,0,0.0
2026-08-19T07:41:08,cash,HYUNDAI,KONA,1,0,0.0
2026-08-19T07:41:08,cash,HYUNDAI,SANTA FE,2,0,0.0
2026-08-19T07:41:08,cash,HYUNDAI,TUCSON,8,0,0.0
2026-08-19T07:41:08,cash,JEEP,AVENGER,3,3,1.0
2026-08-19T07:41:08,cash,KIA,CEED,4,0,0.0
2026-08-19T07:41:08,cash,KIA,EV6,1,1,1.0
2026-08-19T07:41:08,cash,KIA,NIRO,1,0,0.0
2026-08-19T07:41:08,cash,KIA,NIRO EV,11,11,1.0
2026-08-19T07:41:08,cash,KIA,PICANTO,1,0,0.0
2026-08-19T07:41:08,cash,KIA,PROCEED,1,0,0.0
2026-08-19T07:41:08,cash,KIA,RIO,2,0,0.0
2026-08-19T07:41:08,cash,KIA,SORENTO,1,0,0.0
2026-08-19T07:41:08,cash,KIA,SPORTAGE,5,0,0.0
2026-08-19T07:41:08,cash,KIA,STONIC,8,0,0.0
2026-08-19T07:41:08,cash,KIA,XCEED,1,0,0.0
2026-08-19T07:41:08,cash,LYNK,& CO LC01,1,0,0.0
2026-08-19T07:41:08,cash,MERCEDES-BENZ,CLASSE A,3,0,0.0
2026-08-19T07:41:08,cash,MERCEDES-BENZ,CLASSE CLA,3,0,0.0
2026-08-19T07:41:08,cash,MERCEDES-BENZ,CLASSE GLA,1,0,0.0
2026-08-19T07:41:08,cash,MERCEDES-BENZ,EQA,2,2,1.0
2026-08-19T07:41:08,cash,MERCEDES-BENZ,GLB,1,0,0.0
2026-08-19T07:41:08,cash,MG,MG5,1,1,1.0
2026-08-19T07:41:08,cash,NISSAN,LEAF,1,1,1.0
2026-08-19T07:41:08,cash,NISSAN,QASHQAI,7,0,0.0
2026-08-19T07:41:08,cash,NISSAN,X-TRAIL,1,0,0.0
2026-08-19T07:41:08,cash,OPEL,CORSA,2,0,0.0
2026-08-19T07:41:08,cash,OPEL,CROSSLAND,1,0,0.0
2026-08-19T07:41:08,cash,OPEL,GRANDLAND,1,0,0.0
2026-08-19T07:41:08,cash,OPEL,GRANDLAND X,1,0,0.0
2026-08-19T07:41:08,cash,PEUGEOT,2008,21,0,0.0
2026-08-19T07:41:08,cash,PEUGEOT,208,10,0,0.0
2026-08-19T07:41:08,cash,PEUGEOT,3008,22,0,0.0
2026-08-19T07:41:08,cash,PEUGEOT,308,10,0,0.0
2026-08-19T07:41:08,cash,PEUGEOT,308 SW,4,0,0.0
2026-08-19T07:41:08,cash,PEUGEOT,5008,16,0,0.0
2026-08-19T07:41:08,cash,PEUGEOT,E-2008,11,11,1.0
2026-08-19T07:41:08,cash,PEUGEOT,E-208,3,3,1.0
2026-08-19T07:41:08,cash,PEUGEOT,E-308,2,2,1.0
2026-08-19T07:41:08,cash,PEUGEOT,EXPERT,3,0,0.0
2026-08-19T07:41:08,cash,PEUGEOT,PARTNER,10,0,0.0
2026-08-19T07:41:08,cash,RENAULT,ARKANA,19,0,0.0
2026-08-19T07:41:08,cash,RENAULT,AUSTRAL,8,0,0.0
2026-08-19T07:41:08,cash,RENAULT,CAPTUR,15,0,0.0
2026-08-19T07:41:08,cash,RENAULT,CLIO,29,0,0.0
2026-08-19T07:41:08,cash,RENAULT,ESPACE,3,0,0.0
2026-08-19T07:41:08,cash,RENAULT,EXPRESS,12,0,0.0
2026-08-19T07:41:08,cash,RENAULT,KANGOO,5,0,0.0
2026-08-19T07:41:08,cash,RENAULT,MEGANE,13,0,0.0
2026-08-19T07:41:08,cash,RENAULT,SCENIC,7,0,0.0
2026-08-19T07:41:08,cash,RENAULT,SYMBIOZ,2,0,0.0
2026-08-19T07:41:08,cash,RENAULT,TRAFIC,3,0,0.0
2026-08-19T07:41:08,cash,RENAULT,ZOE,2,2,1.0
2026-08-19T07:41:08,cash,SEAT,ARONA,1,0,0.0
2026-08-19T07:41:08,cash,SKODA,ENYAQ,2,2,1.0
2026-08-19T07:41:08,cash,SKODA,FABIA,4,0,0.0
2026-08-19T07:41:08,cash,SKODA,KAMIQ,6,0,0.0
2026-08-19T07:41:08,cash,SKODA,KAROQ,1,0,0.0
2026-08-19T07:41:08,cash,SKODA,KODIAQ,2,0,0.0
2026-08-19T07:41:08,cash,TESLA,MODEL 3,8,8,1.0
2026-08-19T07:41:08,cash,TESLA,MODEL Y,15,15,1.0
2026-08-19T07:41:08,cash,TOYOTA,AYGO X,4,0,0.0
2026-08-19T07:41:08,cash,TOYOTA,C-HR,5,0,0.0
2026-08-19T07:41:08,cash,TOYOTA,COROLLA,6,0,0.0
2026-08-19T07:41:08,cash,TOYOTA,COROLLA TS,10,0,0.0
2026-08-19T07:41:08,cash,TOYOTA,PROACE CITY,1,0,0.0
2026-08-19T07:41:08,cash,TOYOTA,RAV4 HSD,5,0,0.0
2026-08-19T07:41:08,cash,TOYOTA,RAV4 PLUG IN,4,0,0.0
2026-08-19T07:41:08,cash,TOYOTA,YARIS,1,0,0.0
2026-08-19T07:41:08,cash,TOYOTA,YARIS HYBRID,2,0,0.0
2026-08-19T07:41:08,cash,VOLKSWAGEN,GOLF,9,0,0.0
2026-08-19T07:41:08,cash,VOLKSWAGEN,ID.3,1,1,1.0
2026-08-19T07:41:08,cash,VOLKSWAGEN,ID.4,1,1,1.0
2026-08-19T07:41:08,cash,VOLKSWAGEN,POLO,6,0,0.0
2026-08-19T07:41:08,cash,VOLKSWAGEN,T-ROC,2,0,0.0
2026-08-19T07:41:08,cash,VOLKSWAGEN,TAIGO,2,0,0.0
2026-08-19T07:41:08,cash,VOLKSWAGEN,TIGUAN,6,0,0.0
2026-08-19T07:41:08,cash,VOLKSWAGEN,TIGUAN ALLSPACE,2,0,0.0
2026-08-19T07:41:08,cash,VOLKSWAGEN,TOURAN,3,0,0.0
2026-08-19T07:41:08,cash,VOLKSWAGEN,TRANSPORTER,1,0,0.0
